:020000040800F2
:10000000488C002465030008C9D10008D1C000084D
:10001000C1D10008D90E0008C9EC0008000000009A
:1000200000000000000000000000000099D8000857
:100030009119000800000000E9D20008F9D8000872
:100040008303000883030008830300088303000878
:100050008303000883030008830300088303000868
:10006000830300088303000883030008E10E0008EF
:10007000F10E0008010F0008830300088303000845
:100080008303000883030008B90E000883030008F7
:100090008303000883030008830300088303000828
:1000A0008303000883030008830300088303000818
:1000B0008303000879DB000889DB0008830300085C
:1000C00083030008830300088303000883030008F8
:1000D00083030008B9EC00088303000883030008C9
:1000E0008303000883030008000000008303000866
:1000F00083030008830300088303000883030008C8
:10010000830300088303000899DB000883030008C9
:1001100083030008830300088303000883030008A7
:100120008303000883030008830300088303000897
:100130008303000883030008830300088303000887
:1001400000000000000000000000000000000000AF
:100150008303000883030008830300088303000867
:100160008303000883030008830300088303000857
:1001700083030008830300088303000800000000D5
:100180008303000883030008830300088303000837
:100190008303000883030008830300088303000827
:1001A0008303000883030008830300088303000817
:1001B0008303000883030008830300088303000807
:1001C00083030008830300088303000883030008F7
:1001D00083030008830300088303000883030008E7
:1001E00083030008830300088303000883030008D7
:1001F00083030008830300088303000883030008C7
:1002000083030008830300088303000883030008B6
:1002100083030008830300088303000883030008A6
:100220008303000883030008830300080000000024
:100230008303000883030008000000008303000814
:100240008303000883030008830300088303000876
:100250008303000883030008830300088303000866
:100260008303000883030008830300088303000856
:1002700083030008830300088303000800000000D4
:1002800083030008830300088303000800000000C4
:10029000000000008303000800F002F800F052F8AC
:1002A00014A696E8000CB244B344DA4501D100F03C
:1002B00049F8BAE80F000FA696E83000A5EB040550
:1002C00004EB0607AAEB0704A7F101074FEA15158F
:1002D0004FEA3414A4F10104AC4201D300F032F827
:1002E00013F0010F18BFFB1A43F0010300F001F8EF
:1002F000DBE718474469020064690200103A24BF32
:1003000078C878C1FAD8520724BF30C830C144BF7A
:1003100004680C6070470000704700000023002450
:1003200000250026103A28BF78C1FBD8520728BF05
:1003300030C148BF0B6070471FB511F0DBF91FBD1E
:1003400010B510BD00F0E8F81146FFF7F5FF10F00A
:1003500007FE00F006F903B4FFF7F2FF03BC00F05C
:1003600009F900000A4880470A4880470A480047C0
:10037000FEE7FEE7FEE7FEE7FEE7FEE7FEE7FEE755
:10038000FEE7FEE705480649064A074B70470000AE
:10039000A9190008E9D90008990200084886002434
:1003A000488C0024488800244888002453EA020C22
:1003B00000F069802DE9F04B4FF00006002B1FBFC5
:1003C000B3FA83F503FA05F424FA05F65E4012BF8A
:1003D0001643B2FA82F502FA05F4C5F120051EBFF4
:1003E00022FA05FC44EA0C04203556EA044C4FEA94
:1003F000144418BF641C4FF000084FF000099042ED
:1004000071EB030C39D3002919BFB1FA81F701FA56
:1004100007F6B0FA80F700FA07F6C7F120071EBF0B
:1004200020FA07FC46EA0C062037B6FBF4FCA7EBE3
:100430000507103F07F01F0BCBF120062CFA06F63C
:100440000CFA0BFB44BFB3460026202FA4BF5E4628
:100450004FF0000B5BEA060C08BF4FF0010B19EBE5
:100460000B0948EB0608ABFB027C06FB02CC0BFB3E
:1004700003CCC01B71EB0C01C1E70B4602464146A1
:100480004846BDE8F08B13B5084318BF4FF0FF3066
:100490000146AFF30080BDE81C4070474FF00002FA
:1004A00000B5134694469646203922BFA0E80C506A
:1004B000A0E80C50B1F12001BFF4F7AF090728BF45
:1004C000A0E80C5048BF0CC05DF804EB890028BFC1
:1004D00040F8042B08BF704748BF20F8022B11F0EA
:1004E000804F18BF00F8012B704770477047704766
:1004F00010B500F009F8006810BD10B5044600F012
:1005000003F8046010BD000000487047500000244C
:1005100000487047500000247546FFF7F9FFAE46CB
:1005200005006946534620F00700854618B020B5FF
:10053000FFF728FFBDE820404FF000064FF000070E
:100540004FF000084FF0000BAC46ACE8C009ACE837
:10055000C009ACE8C009ACE8C00921F007018D462C
:10056000704710B50446AFF300802046BDE8104048
:10057000FFF7F1BE01491820ABBEFEE726000200DE
:10058000704700000000000080B54FF4807000F05C
:1005900083F880BD0000000080B584B0ADF80E0087
:1005A0009DF80F008DF80C00BDF80E008DF80D00C1
:1005B00040F60040C5F602000290012101910022A0
:1005C00006F0DEF948F24040C2F2004003A90222E0
:1005D0004FF0FF330AF0DCF9019A0298114606F059
:1005E000CFF904B080BD000080B586B0ADF816002C
:1005F0008DED040AADF80E10BDF81600ADF80C0034
:10060000BDF81600ADF80A009DED040AB7EEC00A69
:100610009FED151B20EE010BBCEEC00B8DED010A0A
:1006200001984CF20001C0F6FF710140BDF80C00CA
:1006300040EA9130ADF80C0001996FF39F31BDF89D
:100640000A000843ADF80A00BDF80E0040F400505F
:1006500000F022F8BDF80A0000F01EF8BDF80C000A
:1006600000F01AF806B080BD3A8C30E28E79254051
:1006700080B584B003A901910146019880ED000A7C
:10068000ADF80A1090ED000ABDF80A104FF4804052
:10069000FFF7AAFF04B080BD80B582B0ADF80600B8
:1006A000BDF80600FFF778FF02B080BD0000000033
:1006B00080B54FF4807000F083F880BD000000002A
:1006C00080B584B0ADF80E009DF80F008DF80C00D9
:1006D000BDF80E008DF80D0041F20000C5F60200D5
:1006E00002904FF400410191002206F049F948F2CE
:1006F000B830C2F2004003A902224FF0FF330AF0E3
:1007000047F901990298012206F03AF904B080BD38
:1007100080B586B0ADF816008DED040AADF80E1068
:10072000BDF81600ADF80C00BDF81600ADF80A00D3
:100730009DED040AB7EEC00A9FED151B20EE010BDC
:10074000BCEEC00B8DED010A01984CF20001C0F621
:10075000FF710140BDF80C0040EA9130ADF80C008B
:1007600001996FF39F31BDF80A000843ADF80A0004
:10077000BDF80E0040F4005000F022F8BDF80A0069
:1007800000F01EF8BDF80C0000F01AF806B080BDAD
:100790003A8C30E28E79254080B584B003A901916E
:1007A0000146019880ED000AADF80A1090ED000AAC
:1007B000BDF80A104FF48040FFF7AAFF04B080BDD7
:1007C00080B582B0ADF80600BDF80600FFF778FFEF
:1007D00002B080BD0000000080B584B00390039893
:1007E000006842F20001C4F20201884209D0FFE72A
:1007F0000398006842F20011C4F20201884209D154
:10080000FFE742F20830C4F20200006810F4403FF3
:1008100009D129E046F20830C5F60200006810F45C
:10082000403F21D0FFE708F023FF02900398406883
:100830000190B0F5803F0AD0FFE70198B0F5003F86
:1008400005D0FFE70198B0F5403F07D00AE00398D4
:10085000C1880298B0FBF1F0029004E00298800891
:10086000029000E0FFE75FE04FF40020002106F077
:100870003BFE0290039840680090B0F5802F32D084
:10088000FFE70098B0F5002F2DD0FFE70098B0F5F6
:10089000402F28D0FFE70098B0F5801F23D0FFE756
:1008A0000098B0F5A01F1ED0FFE70098B0F5C01F5C
:1008B00019D0FFE70098B0F5E01F1FD0FFE70098C0
:1008C000B0F5001F1ED0FFE70098B0F5101F1DD037
:1008D000FFE70098B0F5201F1CD0FFE70098B0F5A7
:1008E000301F1BD01EE0039841686FF0010000EA42
:1008F00051410298B0FBF1F0029014E00298000917
:10090000029010E00298400902900CE002988009E1
:10091000029008E00298C009029004E00298000AE0
:10092000029000E0FFE7FFE706F042F841F2030122
:10093000884217D8FFE7029842F60151C0F2311100
:10094000884207D3FFE703980168886840F4807005
:10095000886006E003980168886820F480708860E9
:10096000FFE743E0029840080290029845F61061C4
:10097000C0F25F01884209D8FFE7039800688068E9
:1009800020F440700399096888602EE002984BF6C5
:100990002041C0F2BE0188420AD8FFE703980068F0
:1009A0008068012161F309200399096888601BE0D0
:1009B000029847F64001C0F27D1188420AD8FFE74D
:1009C000039800688068022161F30920039909688F
:1009D000886008E003980068806840F440700399DC
:1009E00009688860FFE7FFE7FFE7FFE704B080BD25
:1009F00080B58AB008900791002005900798049070
:100A0000089800680BF008FC0290089800680BF04A
:100A1000B7FB0190029828B9FFE70198002800F081
:100A2000A880FFE708980068C0688001002836D5D4
:100A3000FFE70898407D012831D1FFE70898007D45
:100A400001282CD1FFE701200490FFE708980068F7
:100A5000006800F040010020B0EB911F1AD1FFE7C1
:100A600005984DF60041C0F20C0188420ED3FFE715
:100A70000899486D40F0100048650899886D40F06D
:100A80000100886501208DF8270076E00598013087
:100A90000590DBE70898016840200860FFE70498AC
:100AA000022813D0FFE7089800680BF0B5FB60B18F
:100AB000FFE7089800680BF08FFB28B9FFE708985C
:100AC00000680BF005FCFFE7FFE7FFE7049801284B
:100AD00013D0FFE7089800680BF052FB60B1FFE706
:100AE000089800680BF078FB28B9FFE708980068C1
:100AF0000BF05AFBFFE7FFE7FFE70498009002289E
:100B000007D0FFE70098032806D1FFE70C200390E9
:100B100005E00820039002E004200390FFE705F0C1
:100B20004FFF0690FFE70898006880680399084225
:100B30001ED0FFE705F044FF0699401A062816D399
:100B4000FFE7089800688068039908420ED0FFE725
:100B50000899486D40F0100048650899886D40F08C
:100B60000100886501208DF8270006E0FFE7DAE73D
:100B7000FFE700208DF82700FFE79DF827000AB067
:100B800080BD00000000000080B582B00190019897
:100B9000806B00900098406D10F0500F4AD1FFE735
:100BA0000099486D40F4007048650098006800683E
:100BB0000007002821D5FFE7009800680BF03CFBF8
:100BC000D0B1FFE700980068C0688004002812D404
:100BD000FFE70099486D20F4807048650098406DEB
:100BE000C004002806D4FFE70099486D40F00100DA
:100BF0004865FFE7FFE7FFE718E000980068C06876
:100C0000800790B9FFE70099486D20F4807048652F
:100C10000098406DC004002806D4FFE70099486D95
:100C200040F001004865FFE7FFE7FFE7009801F0AB
:100C30006BFC10E00098406DC006002804D5FFE76B
:100C4000009801F089FC05E00098C06CC16C019827
:100C50008847FFE7FFE702B080BD0000000000000A
:100C600080B582B001900198806B00900099486D2A
:100C700040F0400048650099886D40F004008865A8
:100C8000009801F069FC02B080BD00000000000087
:100C900080B582B001900198806B0090009801F0BF
:100CA00057FC02B080BD000080B584B0029002986D
:100CB00000680BF091FA0090029800680BF094FA2B
:100CC00000284BD0FFE70098002847D1FFE70298A3
:100CD0000068806800F00D00012809D1FFE7029844
:100CE00000680BF0F9F902980168032008600DE034
:100CF0000299486D40F0100048650299886D40F0F7
:100D00000100886501208DF80F002BE005F058FEEA
:100D10000190FFE7029800688068C007E8B1FFE72C
:100D200005F04EFE0199401A032815D3FFE70298FB
:100D300000688068C00770B1FFE70299486D40F015
:100D4000100048650299886D40F001008865012017
:100D50008DF80F0006E0FFE7DCE7FFE700208DF8E5
:100D60000F00FFE79DF80F0004B080BD00000000F9
:100D700080B586B00490049800680BF035FA00281E
:100D800040F09280FFE70498006880683F21C8F235
:100D9000000108420ED0FFE70499486D40F01000B2
:100DA00048650499886D40F00100886501208DF840
:100DB00017007DE0049800680BF0AAF905F000FE2A
:100DC000039004980168012042F20002C4F202027A
:100DD000914201900CD0FFE7049800684DF6007135
:100DE000CBF6FD710844B0FA80F040090190FFE7AE
:100DF0000198C10746F20030C5F6020000291CBF69
:100E000042F20030C4F202000BF0B2F902900498F2
:100E1000006842F20011C4F20201884206D1FFE7E5
:100E200042F20000C4F20200009003E0049800685F
:100E30000090FFE7009804990968884203D0FFE713
:100E4000029880BBFFE7FFE7049800680068C007CE
:100E500040BBFFE7049800680BF0C6F928B9FFE72C
:100E6000049800680BF054F9FFE705F0A9FD039919
:100E7000401A032815D3FFE7049800680068C007EC
:100E800070B9FFE70499486D40F010004865049977
:100E9000886D40F00100886501208DF8170007E09B
:100EA000FFE7D1E7FFE7FFE700208DF81700FFE736
:100EB0009DF8170006B080BD80B548F28810C2F2D8
:100EC000004001F04DFB48F2EC10C2F2004001F08E
:100ED00047FB80BD00000000FFE7FEE700000000C8
:100EE00080B548F25020C2F2004003F04DFA80BDB8
:100EF00080B548F2C820C2F2004003F045FA80BD38
:100F000080B548F24030C2F2004003F03DFA80BDA7
:100F100083B002900298016801201022C4F20202FC
:100F20009142009000F0A380FFE702980168012041
:100F30002822C4F202029142009000F09880FFE75C
:100F40000298016801204022C4F2020291420090FE
:100F500000F08D80FFE70298016801205822C4F25A
:100F600002029142009000F08280FFE7029801683F
:100F700001207022C4F202029142009077D0FFE774
:100F80000298016801208822C4F202029142009076
:100F90006DD0FFE7029801680120A022C4F202028E
:100FA0009142009063D0FFE7029801680120B822C7
:100FB000C4F202029142009059D0FFE70298016802
:100FC000012040F21042C4F20202914200904ED041
:100FD000FFE702980168012040F22842C4F20202B1
:100FE0009142009043D0FFE702980168012040F24F
:100FF0004042C4F202029142009038D0FFE70298CA
:101000000168012040F25842C4F20202914200906D
:101010002DD0FFE702980168012040F27042C4F22F
:1010200002029142009022D0FFE70298016801205D
:1010300040F28842C4F202029142009017D0FFE7CA
:1010400002980168012040F2A042C4F202029142DB
:1010500000900CD0FFE7029800684FF64831CBF6BD
:10106000FD710844B0FA80F040090090FFE7009855
:10107000C00740B3FFE70298007810384AF6AB216A
:10108000CAF6AA21A0FB011000090190019800F006
:10109000070141F21E70C0F60100405C0299C8656C
:1010A0000198042807D3FFE702990868042262F335
:1010B0000900886506E00299086840F2FF32904313
:1010C0008865FFE705E00299086820F0FF00886561
:1010D000FFE70298806D03B0704700000000000039
:1010E00084B0039003980068019003980168012080
:1010F00045F20842C5F60202914200904ED0FFE749
:1011000003980168012045F21C42C5F60202914293
:10111000009043D0FFE703980168012045F2304278
:10112000C5F602029142009038D0FFE703980168AB
:10113000012045F24442C5F60202914200902DD0B2
:10114000FFE703980168012045F25842C5F6020204
:101150009142009022D0FFE703980168012045F2F8
:101160006C42C5F602029142009017D0FFE7039847
:101170000168012045F28042C5F6020291420090CA
:101180000CD0FFE7039800684AF66C31CAF2FD7193
:101190000844B0FA80F040090090FFE70098C007CB
:1011A00010B3FFE70398007808384CF6CD41CCF631
:1011B000CC41A0FB011000090290029945F6000005
:1011C000C5F6020000EB810003990866039945F615
:1011D0008000C5F602004866029800F01F01012059
:1011E00088400399886635E00398007810384AF6FD
:1011F000AB21CAF6AA21A0FB0110000902900198B8
:1012000040F2B841C4F2020188420CD8FFE70198CD
:1012100040F21041C4F20201884204D3FFE7029871
:1012200008300290FFE7029940F60000C4F2020085
:1012300000EB810003990866039940F68000C4F230
:1012400002004866029800F01F01012088400399BF
:101250008866FFE704B0704783B002900298007977
:1012600001900198002800F08A80FFE70198082883
:1012700000F28580FFE702980168012045F20842EC
:10128000C5F60202914200904ED0FFE70298016835
:10129000012045F21C42C5F602029142009043D063
:1012A000FFE702980168012045F23042C5F60202CC
:1012B0009142009038D0FFE702980168012045F282
:1012C0004442C5F60202914200902DD0FFE70298F9
:1012D0000168012045F25842C5F602029142009091
:1012E00022D0FFE702980168012045F26C42C5F662
:1012F00002029142009017D0FFE702980168012096
:1013000045F28042C5F60202914200900CD0FFE700
:10131000029800684AF66C31CAF2FD710844B0FACE
:1013200080F040090090FFE70098C00780B1FFE718
:10133000019945F6FC00C5F6020000EB8100029918
:10134000C866029945F64010C5F6020008670FE02E
:10135000019940F6FC00C4F2020000EB8100029902
:10136000C866029940F64010C4F202000867FFE721
:101370000198411E0120884002994867FFE703B0A9
:10138000704700000000000085B0049000208DF838
:101390000F000498806918BBFFE70498806A0290E8
:1013A00003281BD80299DFE801F0020D0218049807
:1013B00090F82F00C00720B1FFE701208DF80F0043
:1013C000FFE70CE00498C06AB0F1C07F04D1FFE7EA
:1013D00001208DF80F00FFE701E000E0FFE747E0A4
:1013E00004988069B0F5005F26D1FFE70498806A11
:1013F000019003281ED80199DFE801F002060211CE
:1014000001208DF80F0016E0049890F82F00C00717
:1014100020B1FFE701208DF80F00FFE70BE00498F3
:10142000C06AB0F1C07F04D1FFE701208DF80F0042
:10143000FFE700E0FFE71AE00498806A00900328C5
:1014400004D3FFE70098032804D00EE001208DF8B4
:101450000F000BE0049890F82F00C00720B1FFE7C1
:1014600001208DF80F00FFE700E0FFE7FFE7FFE74F
:101470009DF80F0005B0704789B00890079106925B
:1014800005930898806D04900898806D03900898E3
:10149000016801201022C4F202029142029000F081
:1014A0000381FFE70898016801202822C4F20202A4
:1014B0009142029000F0F880FFE70898016801204F
:1014C0004022C4F202029142029000F0ED80FFE758
:1014D0000898016801205822C4F202029142029049
:1014E00000F0E280FFE70898016801207022C4F252
:1014F00002029142029000F0D780FFE7089801684D
:1015000001208822C4F202029142029000F0CC80B5
:10151000FFE7089801680120A022C4F2020291426C
:10152000029000F0C180FFE7089801680120B8220E
:10153000C4F202029142029000F0B680FFE70898E0
:101540000168012040F21042C4F20202914202906E
:1015500000F0AA80FFE708980168012040F22842C5
:10156000C4F202029142029000F09E80FFE70898C8
:101570000168012040F24042C4F20202914202900E
:1015800000F09280FFE708980168012040F258427D
:10159000C4F202029142029000F08680FFE70898B0
:1015A0000168012040F27042C4F2020291420290AE
:1015B0007AD0FFE708980168012040F28842C4F21F
:1015C0000202914202906FD0FFE708980168012063
:1015D00040F2A042C4F202029142029064D0FFE7BE
:1015E00008980168012040F2B842C4F20202914218
:1015F000029059D0FFE708980168012045F208429F
:10160000C5F60202914202904ED0FFE708980168A9
:10161000012045F21C42C5F602029142029043D0DD
:10162000FFE708980168012045F23042C5F6020242
:101630009142029038D0FFE708980168012045F2F6
:101640004442C5F60202914202902DD0FFE708986D
:101650000168012045F25842C5F60202914202900B
:1016600022D0FFE708980168012045F26C42C5F6D8
:1016700002029142029017D0FFE70898016801200A
:1016800045F28042C5F60202914202900CD0FFE77B
:10169000089800684AF66C31CAF2FD710844B0FA45
:1016A00080F040090290FFE70298C00770B1FFE7A1
:1016B0000898416E806E48600898C06E28B1FFE7B8
:1016C0000898016F406F4860FFE7FFE708980168DE
:1016D00001201022C4F202029142019000F0A38086
:1016E000FFE70898016801202822C4F20202914213
:1016F000019000F09880FFE70898016801204022DF
:10170000C4F202029142019000F08D80FFE7089838
:10171000016801205822C4F202029142019000F0B7
:101720008280FFE70898016801207022C4F202025B
:101730009142019077D0FFE7089801680120882244
:10174000C4F20202914201906DD0FFE7089801684F
:101750000120A022C4F202029142019063D0FFE76F
:10176000089801680120B822C4F202029142019057
:1017700059D0FFE708980168012040F21042C4F2F6
:101780000202914201904ED0FFE7089801680120C3
:1017900040F22842C4F202029142019043D0FFE796
:1017A00008980168012040F24042C4F202029142CE
:1017B000019038D0FFE708980168012040F25842B4
:1017C000C4F20202914201902DD0FFE7089801680F
:1017D000012040F27042C4F202029142019022D0F4
:1017E000FFE708980168012040F28842C4F2020233
:1017F0009142019017D0FFE708980168012040F25C
:10180000A042C4F20202914201900CD0FFE7089876
:1018100000684FF64831CBF6FD710844B0FA80F00D
:1018200040090190FFE70198C00750B3FFE708980F
:10183000C06D00F01F013F2088400499886008981F
:101840000168086820F480200860059808990968F4
:10185000486008988068402809D1FFE706980899F1
:1018600009688860079808990968C86008E00798BF
:10187000089909688860069808990968C860FFE7B0
:1018800082E008980168012045F20842C5F602028C
:10189000914200904ED0FFE708980168012045F280
:1018A0001C42C5F602029142009043D0FFE708981F
:1018B0000168012045F23042C5F6020291420090D3
:1018C00038D0FFE708980168012045F24442C5F688
:1018D0000202914200902DD0FFE708980168012094
:1018E00045F25842C5F602029142009022D0FFE72D
:1018F00008980168012045F26C42C5F60202914247
:10190000009017D0FFE708980168012045F2804257
:10191000C5F60202914200900CD0FFE708980068DB
:101920004AF66C31CAF2FD710844B0FA80F0400901
:101930000090FFE70098C00720B3FFE70898C06D4C
:1019400000F01F010120884003994860059808991C
:101950000968486008988068402809D1FFE7069820
:10196000089909688860079808990968C86008E0BC
:101970000798089909688860069808990968C860F6
:10198000FFE700E0FFE7FFE709B070470000000055
:10199000704700000000000081B0EFF3108072B6C5
:1019A0000090FFE7FEE7000044F60C01C5F60201D7
:1019B000086840F002000860FFE744F60400C5F63E
:1019C000020000688004002801D4FFE7F5E77047B3
:1019D00081B0009001B0704781B0009001B07047B5
:1019E00081B0009001B0704781B0009001B07047A5
:1019F00081B0009001B0704780B5A6B024902391CB
:101A000000208DF88B002398006808B1FFE7FFE7FE
:101A1000FFE7249890F85000012804D1FFE7022046
:101A20008DF897002DE12499012081F85000FFE7FF
:101A3000FFE700201D901E902498006842F20001EC
:101A4000C4F20201884206D1FFE742F20010C4F25C
:101A50000200089002E000200890FFE7089878B99B
:101A6000FFE72499486D40F020004865FFE724997E
:101A7000002081F85000FFE701208DF8970000E179
:101A800008980AF0D1FB0790249800680AF0CCFB74
:101A9000002840F0E280FFE70798002840F0DD8052
:101AA000FFE724980168012042F20002C4F202021A
:101AB000914206900CD0FFE7249800684DF6007123
:101AC000CBF6FD710844B0FA80F040090690FFE7BC
:101AD0000698C10746F20030C5F6020000291CBF77
:101AE00042F20030C4F202002190239800680028DE
:101AF0005ED0FFE72198806820F440402399496830
:101B000008432199886024980168012042F200026C
:101B1000C4F20202914205900CD0FFE724980068BD
:101B20004DF60071CBF6FD710844B0FA80F0400923
:101B30000590FFE70598C10746F20030C5F60200A0
:101B400000291CBF42F20030C4F2020042F2003110
:101B5000C4F20201884212D1FFE742F20000C4F24F
:101B600002000AF049FB039042F20010C4F20200A6
:101B70000AF042FB014603980843049007E046F24E
:101B80000000C5F602000AF037FB0490FFE7049856
:101B900068B9FFE72198806840F61F718843239A4F
:101BA000116892681143084321998860FFE753E068
:101BB0002199886820F440408860249801680120B9
:101BC00042F20002C4F20202914202900CD0FFE7FE
:101BD000249800684DF60071CBF6FD710844B0FA08
:101BE00080F040090290FFE70298C10746F20030FA
:101BF000C5F6020000291CBF42F20030C4F2020008
:101C000042F20031C4F20201884212D1FFE742F2EF
:101C10000000C4F202000AF0EFFA009042F2001055
:101C2000C4F202000AF0E8FA014600980843019065
:101C300007E046F20000C5F602000AF0DDFA019066
:101C4000FFE7019838B9FFE72199886840F61F72CD
:101C500090438860FFE7FFE708E02499486D40F073
:101C60002000486501208DF88B00FFE7FFE72499ED
:101C7000002081F85000FFE79DF88B008DF8970059
:101C8000FFE79DF8970026B080BD0000000000002F
:101C900080B5AAB02690259100208DF89300219060
:101CA000269890F83800012801D1FFE700E0FFE70F
:101CB0002598C0680021C4F2FF71884201D0FFE777
:101CC0001EE02698006842F20001C4F20201884238
:101CD00001D1FFE7FFE72698006842F20011C4F245
:101CE0000201884201D1FFE7FFE72698006846F22B
:101CF0000001C5F60201884201D1FFE7FFE7FFE7D7
:101D0000FFE7269890F85000012804D1FFE7022051
:101D10008DF89F00F1E32699012081F85000FFE73C
:101D2000FFE7269800680AF077FA002840F0D18390
:101D3000FFE72598C078000600282DD4FFE72598F6
:101D40000068000330B9FFE725980068C0F384609D
:101D50001E9015E02598006890FAA0F02890289829
:101D600020B9FFE720208DF8A70005E02898B0FAF9
:101D700080F08DF8A700FFE79DF8A7001E90FFE711
:101D80001E9800F01F01012000FA01F22698016858
:101D9000C8691043C861FFE72698006825990A685A
:101DA00049680AF065FA269800680AF035FA20902A
:101DB000269800680AF0E4F91F902098002840F067
:101DC000B580FFE71F98002840F0B080FFE7269815
:101DD0000068259A116892680AF0BAFA41F2000088
:101DE000C5F60040006800F07040B0F1805F0BD194
:101DF000FFE72598406926990968C96801F01C0128
:101E0000490888401D901FE026980068C068C006F9
:101E100000280BD4FFE72598406926990968C9680E
:101E200001F01C01490888401C900AE0259840698F
:101E300026990968C96801F01001490888401C907A
:101E4000FFE71C981D90FFE71D98239025980069D7
:101E5000042821D0FFE72698006825990A680969B7
:101E6000239B0AF0E1FA26980068259A1169527EB0
:101E7000013AB2FA82F25209D2070AF0F1FA269830
:101E80000068259A1169127E013AB2FA82F252096B
:101E9000D2020AF0B5FA48E026980068006E00F019
:101EA000F84025990968B0EB816F07D1FFE72698C4
:101EB0000168086E20F000400866FFE72698006879
:101EC000406E00F0F84025990968B0EB816F07D1AA
:101ED000FFE726980168486E20F000404866FFE75B
:101EE00026980068806E00F0F84025990968B0EBEC
:101EF000816F07D1FFE726980168886E20F00040C7
:101F00008866FFE726980068C06E00F0F8402599C3
:101F10000968B0EB816F07D1FFE726980168C86EAA
:101F200020F00040C866FFE7FFE7FFE7269800685B
:101F30000AF05AF9002840F0CB82FFE726980068A3
:101F4000259A1168D2680AF01FFA2598C068002106
:101F5000C4F2FF71884240F05781FFE7269800687D
:101F60001B9042F20001C4F20201884240F0A480BA
:101F7000FFE7259800680221C0F23041884203D172
:101F8000FFE701201A9094E0259800680421C0F62C
:101F90006001884205D1FFE74020C1F6201019906A
:101FA00084E0259800680821C0F69041884205D158
:101FB000FFE78020C1F65050189074E02598006823
:101FC0001021C1F2C001884206D1FFE740F20010A3
:101FD000C2F28010179063E0259800682021C1F2BA
:101FE000F041884206D1FFE740F20020C2F2B05033
:101FF000169052E02598006840F20041C2F6002198
:10200000884206D1FFE740F60000C2F63060159026
:1020100040E02598006840F60001C2F63061884231
:1020200006D1FFE741F20000C3F2602014902EE0D9
:102030002598006841F20001C3F26021884206D170
:10204000FFE742F20000C3F2906013901CE0259875
:1020500000680021C4F22131884205D1FFE7002049
:10206000C4F2527012900CE0259801680022C4F668
:1020700084320020914204BF0020C4F6B870129050
:10208000FFE712981390FFE713981490FFE7149856
:102090001590FFE715981690FFE716981790FFE741
:1020A00017981890FFE718981990FFE719981A9059
:1020B000FFE71A981190A2E02698006842F20011FA
:1020C000C4F20201884240F09480FFE7259800683E
:1020D0000221C0F23041884203D1FFE70120109075
:1020E00084E0259800680421C0F66001884205D18B
:1020F000FFE74020C1F620100F9074E0259800689B
:102100000821C0F69041884205D1FFE78020C1F642
:1021100050500E9064E0259800681021C1F2C00173
:10212000884206D1FFE740F20010C2F280100D9005
:1021300053E0259800682021C1F2F041884206D181
:10214000FFE740F20020C2F2B0500C9042E0259828
:10215000006840F20041C2F60021884206D1FFE744
:1021600040F60000C2F630600B9030E02598006821
:1021700040F60001C2F63061884206D1FFE741F225
:102180000000C3F260200A901EE02598006841F22A
:102190000001C3F26021884206D1FFE742F200004D
:1021A000C3F2906009900CE0259801680022C4F603
:1021B00084320020914204BF0020C4F6B870099018
:1021C000FFE709980A90FFE70A980B90FFE70B9842
:1021D0000C90FFE70C980D90FFE70D980E90FFE72D
:1021E0000E980F90FFE70F981090FFE71098089057
:1021F00002E000200890FFE708981190FFE71B9885
:1022000011990AF075F8FFE72598C07800060028B4
:1022100040F15D81FFE726980168012042F200024B
:10222000C4F20202914207900CD0FFE726980068A2
:102230004DF60071CBF6FD710844B0FA80F040090C
:102240000790FFE70798C10746F20030C5F6020085
:1022500000291CBF42F20030C4F2020009F078FFEE
:102260002290269801684FF0010042F20002C4F269
:102270000202914206900CD0FFE7269800684DF6C6
:102280000071CBF6FD710844B0FA80F04009069069
:10229000FFE70698C10746F20030C5F602000029A4
:1022A0001CBF42F20030C4F2020042F20031C4F21C
:1022B0000201884212D1FFE742F20000C4F202009C
:1022C00009F092FF049042F20010C4F2020009F0FB
:1022D0008BFF014604980843059007E046F2000092
:1022E000C5F6020009F080FF0590FFE70598002879
:1022F00040F0E380FFE7259800680021CCF68431A8
:10230000884255D1FFE79DF88A00000600284FD487
:10231000FFE72698006846F20001C5F602018842F0
:1023200045D1FFE726980168012042F20002C4F27D
:102330000202914203900CD0FFE7269800684DF608
:102340000071CBF6FD710844B0FA80F040090390AB
:10235000FFE70398C10746F20030C5F602000029E6
:102360001CBF42F20030C4F20200229941F4000185
:102370000AF036F840F22C00C2F2004000684FEA42
:10238000901042F66351C0F23E51A0FB01104FEA9B
:1023900090114FF0020000EB41002190FFE72198DF
:1023A00020B1FFE7219801382190F8E7FFE783E0AB
:1023B000259800680021CCF25271884238D1FFE79D
:1023C0009DF88B00C00798BBFFE72698006846F28F
:1023D0000001C5F60201884229D1FFE7269801686D
:1023E000012042F20002C4F20202914202900CD09B
:1023F000FFE7269800684DF60071CBF6FD710844A2
:10240000B0FA80F040090290FFE70298C10746F257
:102410000030C5F6020000291CBF42F20030C4F2B1
:102420000200229941F0807109F0DAFFFFE742E0F3
:10243000259800680021CCF6B871884239D1FFE7B1
:102440009DF88A004006002833D4FFE726980068EC
:1024500046F20001C5F60201884229D1FFE726981D
:102460000168012042F20002C4F20202914201908E
:102470000CD0FFE7269800684DF60071CBF6FD7191
:102480000844B0FA80F040090190FFE70198C107C5
:1024900046F20030C5F6020000291CBF42F20030AF
:1024A000C4F20200229941F4800109F099FFFFE78C
:1024B00000E0FFE7FFE7FFE708E02699486D40F0FE
:1024C0002000486501208DF89300FFE7FFE7FFE754
:1024D00008E02699486D40F02000486501208DF8FD
:1024E0009300FFE7FFE72699002081F85000FFE7FF
:1024F0009DF893008DF89F00FFE79DF89F002AB09C
:1025000080BD00000000000081B00090009848F2FB
:102510008811C2F20041884208D1FFE748F26511F4
:10252000C2F20041087801300870FFE7009848F2D5
:10253000EC11C2F20041884207D1FFE748F2641172
:10254000C2F2004101200870FFE701B070470000AF
:1025500081B0009001B0704781B0009001B0704729
:1025600080B590B00F9000200E900F980068006822
:102570000D900F98006840680C900F98016801203A
:1025800042F20002C4F20202914206900CD0FFE730
:102590000F9800684DF60071CBF6FD710844B0FA53
:1025A00080F040090690FFE70698C10746F2003028
:1025B000C5F6020000291CBF42F20030C4F202003E
:1025C00009F0D6FD07909DF834004FEA807000288E
:1025D0001AD5FFE79DF830008007002814D5FFE7E3
:1025E0000F98406DC006002806D4FFE70F99486D8C
:1025F00040F400604865FFE70F98FFF7E9F90F988E
:10260000016802200860FFE79DF8340040070028B9
:1026100006D5FFE70C9800F0040004280ED0FFE771
:102620009DF834000007002840F19F80FFE79DF8E7
:1026300030000007002840F19880FFE70F98406DB8
:10264000C006002806D4FFE70F99486D40F40070DB
:102650004865FFE70F98006809F0EEFD00287CD080
:10266000FFE70F98006842F20011C4F202018842AD
:1026700006D1FFE742F20000C4F20200059003E039
:102680000F9800680590FFE705980F990968884240
:102690000BD0FFE7079840B1FFE70798052804D063
:1026A000FFE70798092805D1FFE70F980068C06881
:1026B000099018E00F98006842F20011C4F202017C
:1026C000884206D1FFE742F20000C4F20200049003
:1026D00003E00F9800680490FFE7049808900898BA
:1026E000C0680990FFE7099800F40050B0F5005F5A
:1026F00032D0FFE70F9800680068000700282AD54D
:10270000FFE70F98006809F087FDC0B9FFE70F9851
:102710000168486820F00C0048600F99486D20F46B
:10272000807048650F98406DC004002806D4FFE70C
:102730000F99486D40F001004865FFE70AE00F99E6
:10274000486D40F0100048650F99886D40F0010019
:102750008865FFE7FFE7FFE7FFE70F98FFF7D4FE85
:102760000F9801680C200860FFE79DF83400800690
:10277000002806D5FFE70C9800F0200020280ED096
:10278000FFE79DF834004006002840F1B680FFE7DF
:102790009DF830004006002840F1AF80FFE70F9819
:1027A000406DC006002806D4FFE70F99486D40F43D
:1027B00000504865FFE70F98006809F0E9FC0B90AE
:1027C0000F98006809F038FD0A900F98006842F2EF
:1027D0000011C4F20201884206D1FFE742F2000074
:1027E000C4F20200039003E00F9800680390FFE733
:1027F00003980F99096888420BD0FFE7079840B10A
:10280000FFE70798062804D0FFE70798072805D1B7
:10281000FFE70F980068C068099018E00F980068FB
:1028200042F20011C4F20201884206D1FFE742F2EF
:102830000000C4F20200029003E00F9800680290CA
:10284000FFE7029808900898C0680990FFE70B9886
:1028500000284AD0FFE79DF82700800700280AD506
:10286000FFE70A9800283FD0FFE79DF82500800683
:10287000002839D4FFE70F98006800684006002858
:1028800031D5FFE79DF82600800600282AD4FFE70F
:102890000F98006809F074FCC0B9FFE70F98016851
:1028A000486820F0600048600F99486D20F480501F
:1028B00048650F98406DC005002806D4FFE70F99C2
:1028C000486D40F001004865FFE70AE00F99486D48
:1028D00040F0100048650F99886D40F00100886550
:1028E000FFE7FFE7FFE7FFE7FFE70F98FFF774F861
:1028F0000F98016860200860FFE79DF8340000062B
:10290000002813D5FFE79DF83000000600280DD5FC
:10291000FFE70F99486D40F4803048650F9800F04C
:102920009FFA0F98016880200860FFE79DF8350046
:10293000C00798B1FFE79DF83100C00770B1FFE70D
:102940000F99486D40F4003048650F98FFF74CF838
:102950000F9801684FF480700860FFE79DF835001C
:102960008007002814D5FFE79DF831008007002874
:102970000ED5FFE70F99486D40F4802048650F9809
:10298000FFF736F80F9801684FF400700860FFE712
:102990009DF83400C00600285DD5FFE79DF83000A3
:1029A000C006002857D5FFE70F98006B18B9FFE75E
:1029B00001200E9038E0079858B3FFE70F980168A0
:1029C000012042F20002C4F20202914201900CD0B6
:1029D000FFE70F9800684DF60071CBF6FD710844D3
:1029E000B0FA80F040090190FFE70198C10746F274
:1029F0000030C5F6020000291CBF42F20030C4F2CC
:102A0000020009F0ADFB18B1FFE701200E90FFE7CF
:102A100009E00F980068C068800718B1FFE701203F
:102A20000E90FFE7FFE7FFE70E9801280ED1FFE7C2
:102A30000F99486D40F4806048650F99886D40F0AB
:102A4000020088650F98FFF787FDFFE70F98016880
:102A500010200860FFE79DF835004007002819D5D1
:102A6000FFE79DF831004007002813D5FFE70F99D5
:102A7000486D40F4804048650F99886D40F008002B
:102A800088650F9801684FF4806008600F98FEF722
:102A9000A7FFFFE710B080BD10B58CB00A900020F2
:102AA0008DF8270006900A9820B9FFE701208DF8DD
:102AB0002F00D1E10A98C06838B1FFE70A98007F7B
:102AC000012801D1FFE7FFE7FFE70A98406D50B901
:102AD000FFE70A9800F0C8F90A99002088650A996A
:102AE00081F85000FFE70A98006809F06DFB28B1F3
:102AF000FFE70A98006809F0FFFAFFE70A98006804
:102B000009F082FBE8B9FFE70A98006809F010FBBA
:102B100040F22C00C2F200400068800942F6635186
:102B2000C0F23E51A0FB0101012000EB9110069084
:102B3000FFE7069820B1FFE7069801380690F8E70E
:102B4000FFE70A98006809F05FFB70B9FFE70A9990
:102B5000486D40F0100048650A99886D40F001000A
:102B6000886501208DF82700FFE70A98006809F0C2
:102B700053FB07900A98406DC006002800F15E8163
:102B8000FFE70798002840F05981FFE70A98406D59
:102B900040F0020020F480700A9948650A980068A5
:102BA00009F022FB002870D1FFE70A980168012094
:102BB00042F20002C4F20202914203900CD0FFE7FD
:102BC0000A9800684DF60071CBF6FD710844B0FA22
:102BD00080F040090390FFE70398C10746F20030F8
:102BE000C5F6020000291CBF42F20030C4F2020008
:102BF00042F20031C4F20201884212D1FFE742F2F0
:102C00000000C4F2020009F0EFFA019042F2001055
:102C1000C4F2020009F0E8FA014601980843029064
:102C200007E046F20000C5F6020009F0DDFA029066
:102C3000FFE7029840BBFFE70A980168012042F2D3
:102C40000002C4F20202914200900CD0FFE70A9801
:102C500000684DF60071CBF6FD710844B0FA80F0C3
:102C600040090090FFE70098C10746F20030C5F622
:102C7000020000291CBF42F20030C4F202000A998F
:102C8000496809F09DFBFFE7FFE703F091FE41F281
:102C90000401884213D3FFE70A98806810280ED1F8
:102CA000FFE70A994A7D086B40EA42308A68104380
:102CB000097F40EA014040F00C0008900BE00A99BF
:102CC0004A7D086B40EA42308A681043097F40EA37
:102CD00001400890FFE70A98007F01280BD1FFE729
:102CE0000A98016A0020CFF6FE7000EB4141089877
:102CF00008430890FFE70A98406A50B1FFE70A9935
:102D0000486A896A00F4787001430898084308907B
:102D1000FFE70A980068C0684CF20301CFF6F07133
:102D20000840089908430A990968C8600A98006829
:102D300009F072FA05900A98006809F021FA0490E7
:102D40000598002859D1FFE70498002855D1FFE7DE
:102D50000A98017DC06A40EA813008900A980068AC
:102D6000C06844F203018843089908430A99096836
:102D7000C8600A9890F83800012829D1FFE70A981E
:102D8000406A20B1FFE70A98806A08B9FFE7FFE7C9
:102D90000A98006800694FF61E01CFF6004100EA6C
:102DA00001020A9B1968DC6BD3F840E0D3F844C0F9
:102DB0000020CFF6FF7000EB044040EA0E0040EA2E
:102DC0000C009B6C1843104340F00100086106E0C2
:102DD0000A980168086920F001000861FFE70A9875
:102DE0000068006920F070400A9A1168526B104325
:102DF00008610A98FDF7F0FCFFE70A98C06801280F
:102E00000CD1FFE70A980068006B20F00F000A9AC7
:102E100011689269013A1043086306E00A98016854
:102E2000086B20F00F000863FFE70A98406D40F040
:102E3000010020F002000A99486508E00A99486DEF
:102E400040F01000486501208DF82700FFE79DF84D
:102E500027008DF82F00FFE79DF82F000CB010BD64
:102E600081B0009001B0704780B594B013900020FD
:102E70001290119010900F900E901398006842F2EB
:102E80000001C4F2020188426FD1FFE748F2081046
:102E9000C2F200400168013101600068012810D1D0
:102EA000FFE7FFE744F2D840C5F60200016841F0B1
:102EB00020010160006800F020000D900D98FFE7F0
:102EC000FFE7FFE744F2E040C5F60200016841F089
:102ED00004010160006800F004000C900C98FFE70A
:102EE00001200E9003200F9000200790109040F6D4
:102EF0000000C5F602000EA903F05EFB079948F238
:102F00005020C2F2004008901022C4F20202026077
:102F1000092242608160C1604FF4806202614FF417
:102F2000006242614FF400528261C1614FF400328D
:102F30000262416202F008FB18B1FFE7FEF72CFDC8
:102F4000FFE7FFE7139848F25021C2F20041C16445
:102F500013988863FFE7122006900022114603F0C1
:102F600057FE069803F048FE97E01398006842F277
:102F70000011C4F20201884240F08E80FFE748F25F
:102F80000810C2F2004001680131016000680128A8
:102F900010D1FFE7FFE744F2D840C5F60200016810
:102FA00041F020010160006800F020000B900B98B8
:102FB000FFE7FFE7FFE744F2E040C5F602000168E3
:102FC00041F001010160006800F001000A900A98D8
:102FD000FFE7FFE744F2E040C5F60200016841F078
:102FE00020010160006800F0200009900998FFE7C7
:102FF00080200E90032002900F90002004901090EB
:103000000020C5F602000EA9039103F0D5FA029A3A
:10301000039904984FF480430E930F92109041F25D
:103020000040C5F6020003F0C7FA049948F2C82030
:10303000C2F2004005902822C4F2020202600A2275
:1030400042608160C1604FF4806202614FF40062AF
:1030500042614FF400528261C1614FF480320262DA
:10306000416202F071FA18B1FFE7FEF795FCFFE745
:10307000FFE7139848F2C821C2F20041C1641398D7
:103080008863FFE7122001900022114603F0C0FD83
:10309000019803F0B1FDFFE7FFE714B080BD000029
:1030A00080B588B0069005910492069801680120C9
:1030B00042F20002C4F20202914201900CD0FFE7FA
:1030C000069800684DF60071CBF6FD710844B0FA21
:1030D00080F040090190FFE70198C10746F20030F7
:1030E000C5F6020000291CBF42F20030C4F2020003
:1030F00009F03EF802900698006809F08DF8002863
:1031000040F0AF80FFE7FFE7069890F850000128F5
:1031100004D1FFE702208DF81F00ABE006990120E3
:1031200081F85000FFE7FFE7029848B1FFE70298F7
:10313000052805D0FFE70298092840F08780FFE7BF
:103140000698FDF715FE8DF80F009DF80F0000287A
:1031500074D1FFE70698406D40F4807040F601613D
:103160008843069948650698006842F20011C4F247
:103170000201884206D1FFE742F20000C4F20200D9
:10318000009003E0069800680090FFE70098069919
:103190000968884203D0FFE7029830B9FFE7069933
:1031A000486D20F480104865FFE70698406DC00424
:1031B000002806D5FFE70699886D20F0060088658F
:1031C00003E0069900208865FFE70698C16C40F689
:1031D0008930C0F60000C8630698C16C40F6914083
:1031E000C0F6000008640698C16C40F66140C0F665
:1031F0000000C864069801681C200860FFE7069973
:10320000002081F85000FFE706980168486840F008
:103210001000486006990868C96A09F019F806980C
:103220000168C06C4031059A049B02F041FE8DF8A4
:103230000F000698006809F03BF806E0FFE70699E2
:10324000002081F85000FFE7FFE709E001208DF83A
:103250000F00FFE70699002081F85000FFE7FFE725
:1032600003E002208DF80F00FFE79DF80F008DF8B6
:103270001F00FFE79DF81F0008B080BD00000000A0
:1032800080B584B00290FFE7029890F850000128C2
:1032900004D1FFE702208DF80F005DE002990120C4
:1032A00081F85000FFE7FFE702980321FDF7A0FB3C
:1032B0008DF807009DF80700002842D1FFE702982B
:1032C0000068C06820F0030002990968C86002988D
:1032D000C06C90F83500022811D1FFE70298C06C4D
:1032E00000F03EF88DF807009DF8070030B1FFE7C9
:1032F0000299486D40F040004865FFE7FFE70298FB
:103300000168486820F0100048609DF8070030B957
:10331000FFE70298FDF7C8FC8DF8070003E002986C
:10332000FDF7C2FCFFE79DF8070048B9FFE70298E8
:10333000406D40F0010020F4885002994865FFE795
:10334000FFE7FFE70299002081F85000FFE79DF8B2
:1033500007008DF80F00FFE79DF80F0004B080BD57
:1033600080B58AB0089003F02BFB0490089828B928
:10337000FFE701208DF8270000F0AABC089890F81C
:10338000350002280ED0FFE7089980204865FFE746
:103390000899002081F83400FFE701208DF827000C
:1033A00000F096BC0898016801201022C4F20202C5
:1033B0009142039000F0A380FFE708980168012084
:1033C0002822C4F202029142039000F09880FFE7A5
:1033D0000898016801204022C4F202029142039041
:1033E00000F08D80FFE70898016801205822C4F2A0
:1033F00002029142039000F08280FFE70898016882
:1034000001207022C4F202029142039077D0FFE7BC
:103410000898016801208822C4F2020291420390B8
:103420006DD0FFE7089801680120A022C4F20202D3
:103430009142039063D0FFE7089801680120B82209
:10344000C4F202029142039059D0FFE70898016844
:10345000012040F21042C4F20202914203904ED089
:10346000FFE708980168012040F22842C4F20202F6
:103470009142039043D0FFE708980168012040F291
:103480004042C4F202029142039038D0FFE708980C
:103490000168012040F25842C4F2020291420390B6
:1034A0002DD0FFE708980168012040F27042C4F275
:1034B00002029142039022D0FFE7089801680120A0
:1034C00040F28842C4F202029142039017D0FFE713
:1034D00008980168012040F2A042C4F20202914221
:1034E00003900CD0FFE7089800684FF64831CBF600
:1034F000FD710844B0FA80F040090390FFE703989B
:10350000C00780B1FFE708980168086820F01E0036
:10351000086008980168486920F0800048610898B0
:103520000068059009E008980168086820F00E001E
:103530000860089800680590FFE708980168012076
:103540001022C4F202029142029000F00381FFE7D0
:103550000898016801202822C4F2020291420290D8
:1035600000F0F880FFE70898016801204022C4F2CB
:1035700002029142029000F0ED80FFE70898016896
:1035800001205822C4F202029142029000F0E2802F
:10359000FFE70898016801207022C4F202029142FC
:1035A000029000F0D780FFE7089801680120882288
:1035B000C4F202029142029000F0CC80FFE708982A
:1035C00001680120A022C4F202029142029000F0A0
:1035D000C180FFE7089801680120B822C4F2020206
:1035E0009142029000F0B680FFE708980168012040
:1035F00040F21042C4F202029142029000F0AA800E
:10360000FFE708980168012040F22842C4F2020254
:103610009142029000F09E80FFE708980168012027
:1036200040F24042C4F202029142029000F09280C5
:10363000FFE708980168012040F25842C4F20202F4
:103640009142029000F08680FFE70898016801200F
:1036500040F27042C4F20202914202907AD0FFE737
:1036600008980168012040F28842C4F202029142A7
:1036700002906FD0FFE708980168012040F2A04255
:10368000C4F202029142029064D0FFE708980168F8
:10369000012040F2B842C4F202029142029059D095
:1036A000FFE708980168012045F20842C5F60202CA
:1036B000914202904ED0FFE708980168012045F240
:1036C0001C42C5F602029142029043D0FFE70898DF
:1036D0000168012045F23042C5F602029142029093
:1036E00038D0FFE708980168012045F24442C5F64A
:1036F0000202914202902DD0FFE708980168012054
:1037000045F25842C5F602029142029022D0FFE7EC
:1037100008980168012045F26C42C5F60202914208
:10372000029017D0FFE708980168012045F2804217
:10373000C5F60202914202900CD0FFE7089800689B
:103740004AF66C31CAF2FD710844B0FA80F04009C3
:103750000290FFE70298C00738B1FFE70898016EB2
:10376000086820F480700860FFE70898006810215E
:10377000C4F20201884200F08180FFE708980068E7
:103780002821C4F20201884278D0FFE70898006837
:103790004021C4F20201884270D0FFE70898006817
:1037A0005821C4F20201884268D0FFE708980068F7
:1037B0007021C4F20201884260D0FFE708980068D7
:1037C0008821C4F20201884258D0FFE708980068B7
:1037D000A021C4F20201884250D0FFE70898006897
:1037E000B821C4F20201884248D0FFE70898006877
:1037F00040F21041C4F2020188423FD0FFE708982E
:10380000006840F22841C4F20201884236D0FFE746
:103810000898006840F24041C4F2020188422DD06D
:10382000FFE70898006840F25841C4F2020188425C
:1038300024D0FFE70898006840F27041C4F202010A
:1038400088421BD0FFE70898006840F28841C4F224
:103850000201884212D0FFE70898006840F2A041B8
:10386000C4F20201884209D0FFE70898006840F2DC
:10387000B841C4F20201884207D1FFE70898016805
:10388000086820F00100086006E0089801680868F0
:1038900020F001000860FFE7FFE705980068C00717
:1038A000C8B1FFE703F08CF80499401A062811D339
:1038B000FFE70899202048650899032081F8350022
:1038C000FFE70899002081F83400FFE701208DF818
:1038D0002700FDE1E1E70898016801201022C4F209
:1038E00002029142019000F0A380FFE7089801686E
:1038F00001202822C4F202029142019000F0988037
:10390000FFE70898016801204022C4F202029142B8
:10391000019000F08D80FFE708980168012058228F
:10392000C4F202029142019000F08280FFE7089801
:10393000016801207022C4F202029142019077D006
:10394000FFE70898016801208822C4F20202914230
:1039500001906DD0FFE7089801680120A022C4F211
:1039600002029142019063D0FFE7089801680120AC
:10397000B822C4F202029142019059D0FFE70898A0
:103980000168012040F21042C4F20202914201900B
:103990004ED0FFE708980168012040F22842C4F2A7
:1039A00002029142019043D0FFE70898016801208C
:1039B00040F24042C4F202029142019038D0FFE747
:1039C00008980168012040F25842C4F20202914274
:1039D00001902DD0FFE708980168012040F2704265
:1039E000C4F202029142019022D0FFE708980168D8
:1039F000012040F28842C4F202029142019017D0A5
:103A0000FFE708980168012040F2A042C4F20202D8
:103A1000914201900CD0FFE7089800684FF64831BA
:103A2000CBF6FD710844B0FA80F040090190FFE741
:103A30000198C00760B1FFE70898806D079008986B
:103A4000C06D00F01F013F208840079988600BE09F
:103A50000898806D06900898C06D00F01F01012045
:103A6000884006994860FFE7089801680120102205
:103A7000C4F202029142009000F00381FFE708982F
:103A8000016801202822C4F202029142009000F055
:103A9000F880FFE70898016801204022C4F2020282
:103AA0009142009000F0ED80FFE708980168012046
:103AB0005822C4F202029142009000F0E280FFE737
:103AC0000898016801207022C4F20202914200901D
:103AD00000F0D780FFE70898016801208822C4F22F
:103AE00002029142009000F0CC80FFE70898016844
:103AF0000120A022C4F202029142009000F0C18095
:103B0000FFE7089801680120B822C4F2020291423E
:103B1000009000F0B680FFE708980168012040F2AD
:103B20001042C4F202029142009000F0AA80FFE726
:103B300008980168012040F22842C4F20202914232
:103B4000009000F09E80FFE708980168012040F295
:103B50004042C4F202029142009000F09280FFE7DE
:103B600008980168012040F25842C4F202029142D2
:103B7000009000F08680FFE708980168012040F27D
:103B80007042C4F20202914200907AD0FFE7089896
:103B90000168012040F28842C4F202029142009082
:103BA0006FD0FFE708980168012040F2A042C4F2FC
:103BB00002029142009064D0FFE70898016801205A
:103BC00040F2B842C4F202029142009059D0FFE79D
:103BD00008980168012045F20842C5F602029142A8
:103BE00000904ED0FFE708980168012045F21C4282
:103BF000C5F602029142009043D0FFE708980168A1
:103C0000012045F23042C5F602029142009038D0C0
:103C1000FFE708980168012045F24442C5F6020218
:103C2000914200902DD0FFE708980168012045F2ED
:103C30005842C5F602029142009022D0FFE7089850
:103C40000168012045F26C42C5F6020291420090E3
:103C500017D0FFE708980168012045F28042C5F6B9
:103C60000202914200900CD0FFE7089800684AF6E3
:103C70006C31CAF2FD710844B0FA80F0400900903E
:103C8000FFE70098C007A0B1FFE70898416E806E7B
:103C900048600898C06E58B1FFE70898C16E086880
:103CA00020F4807008600898016F406F4860FFE75B
:103CB000FFE70899012081F83500FFE70899002007
:103CC00081F83400FFE7FFE700208DF82700FFE7C9
:103CD0009DF827000AB080BD80B586B00490049896
:103CE00020B9FFE701208DF8170046E3049890F80B
:103CF0003500022807D0FFE704998020486501209D
:103D00008DF8170039E30498016801201022C4F2ED
:103D100002029142029000F0A380FFE7049801683C
:103D200001202822C4F202029142029000F0988001
:103D3000FFE70498016801204022C4F20202914288
:103D4000029000F08D80FFE704980168012058225E
:103D5000C4F202029142029000F08280FFE70498D0
:103D6000016801207022C4F202029142029077D0D1
:103D7000FFE70498016801208822C4F20202914200
:103D800002906DD0FFE7049801680120A022C4F2E0
:103D900002029142029063D0FFE70498016801207B
:103DA000B822C4F202029142029059D0FFE704986F
:103DB0000168012040F21042C4F2020291420290D6
:103DC0004ED0FFE704980168012040F22842C4F277
:103DD00002029142029043D0FFE70498016801205B
:103DE00040F24042C4F202029142029038D0FFE712
:103DF00004980168012040F25842C4F20202914244
:103E000002902DD0FFE704980168012040F2704233
:103E1000C4F202029142029022D0FFE704980168A6
:103E2000012040F28842C4F202029142029017D06F
:103E3000FFE704980168012040F2A042C4F20202A8
:103E4000914202900CD0FFE7049800684FF6483189
:103E5000CBF6FD710844B0FA80F040090290FFE70C
:103E60000298C007002800F09D80FFE70499042015
:103E700081F83500049800681021C4F202018842DC
:103E800000F08180FFE7049800682821C4F2020155
:103E9000884278D0FFE7049800684021C4F202010C
:103EA000884270D0FFE7049800685821C4F20201EC
:103EB000884268D0FFE7049800687021C4F20201CC
:103EC000884260D0FFE7049800688821C4F20201AC
:103ED000884258D0FFE704980068A021C4F202018C
:103EE000884250D0FFE704980068B821C4F202016C
:103EF000884248D0FFE70498006840F21041C4F2BD
:103F0000020188423FD0FFE70498006840F2284150
:103F1000C4F20201884236D0FFE70498006840F2FC
:103F20004041C4F2020188422DD0FFE704980068A6
:103F300040F25841C4F20201884224D0FFE70498BD
:103F4000006840F27041C4F2020188421BD0FFE7D2
:103F50000498006840F28841C4F20201884212D0FD
:103F6000FFE70498006840F2A041C4F202018842D1
:103F700009D0FFE70498006840F2B841C4F202019A
:103F8000884207D1FFE704980168086820F0010023
:103F9000086006E004980168086820F001000860E5
:103FA000FFE7E5E104980168086820F00E0008606A
:103FB000049800681021C4F20201884200F0818058
:103FC000FFE7049800682821C4F20201884278D0F3
:103FD000FFE7049800684021C4F20201884270D0D3
:103FE000FFE7049800685821C4F20201884268D0B3
:103FF000FFE7049800687021C4F20201884260D093
:10400000FFE7049800688821C4F20201884258D072
:10401000FFE704980068A021C4F20201884250D052
:10402000FFE704980068B821C4F20201884248D032
:10403000FFE70498006840F21041C4F20201884290
:104040003FD0FFE70498006840F22841C4F2020123
:10405000884236D0FFE70498006840F24041C4F23D
:10406000020188422DD0FFE70498006840F25841D1
:10407000C4F20201884224D0FFE70498006840F2AD
:104080007041C4F2020188421BD0FFE70498006827
:1040900040F28841C4F20201884212D0FFE704983E
:1040A000006840F2A041C4F20201884209D0FFE753
:1040B0000498006840F2B841C4F20201884207D176
:1040C000FFE704980168086820F00100086006E036
:1040D00004980168086820F001000860FFE7049870
:1040E000016801201022C4F202029142019000F006
:1040F0000381FFE70498016801202822C4F202022C
:104100009142019000F0F880FFE7049801680120D7
:104110004022C4F202029142019000F0ED80FFE7DC
:104120000498016801205822C4F2020291420190D1
:1041300000F0E280FFE70498016801207022C4F2D9
:1041400002029142019000F0D780FFE704980168D5
:1041500001208822C4F202029142019000F0CC803A
:10416000FFE7049801680120A022C4F202029142F4
:10417000019000F0C180FFE7049801680120B82297
:10418000C4F202029142019000F0B680FFE7049869
:104190000168012040F21042C4F2020291420190F3
:1041A00000F0AA80FFE704980168012040F228424D
:1041B000C4F202029142019000F09E80FFE7049851
:1041C0000168012040F24042C4F202029142019093
:1041D00000F09280FFE704980168012040F2584205
:1041E000C4F202029142019000F08680FFE7049839
:1041F0000168012040F27042C4F202029142019033
:104200007AD0FFE704980168012040F28842C4F2A6
:104210000202914201906FD0FFE7049801680120EB
:1042200040F2A042C4F202029142019064D0FFE742
:1042300004980168012040F2B842C4F2020291429F
:10424000019059D0FFE704980168012045F2084227
:10425000C5F60202914201904ED0FFE70498016832
:10426000012045F21C42C5F602029142019043D062
:10427000FFE704980168012045F23042C5F60202CA
:104280009142019038D0FFE704980168012045F27F
:104290004442C5F60202914201902DD0FFE70498F6
:1042A0000168012045F25842C5F602029142019090
:1042B00022D0FFE704980168012045F26C42C5F660
:1042C00002029142019017D0FFE704980168012093
:1042D00045F28042C5F60202914201900CD0FFE700
:1042E000049800684AF66C31CAF2FD710844B0FACD
:1042F00080F040090190FFE70198C00728B3FFE76D
:104300000498016E086820F4807008600498806D3D
:1043100003900498C06D00F01F01012088400399AC
:1043200048600498416E806E48600498C06E58B131
:10433000FFE70498C16E086820F480700860049854
:10434000016F406F4860FFE7FFE70499012081F8A3
:104350003500FFE70499002081F83400FFE7049856
:10436000006D20B1FFE70498016D8847FFE7FFE784
:10437000FFE700208DF81700FFE79DF8170006B053
:1043800080BD00000000000080B590B00F900020BC
:104390000B9040F22C00C2F20040006848F2B511C8
:1043A000C1F64E31A0FB0110800A0A900F98806D73
:1043B00009900F98806D0890099800680E900898F1
:1043C00000680D900F98016801201022C4F20202CB
:1043D0009142079000F0A380FFE70F980168012049
:1043E0002822C4F202029142079000F09880FFE771
:1043F0000F98016801204022C4F202029142079006
:1044000000F08D80FFE70F98016801205822C4F268
:1044100002029142079000F08280FFE70F98016846
:1044200001207022C4F202029142079077D0FFE788
:104430000F98016801208822C4F20202914207907D
:104440006DD0FFE70F9801680120A022C4F202029C
:104450009142079063D0FFE70F9801680120B822CE
:10446000C4F202029142079059D0FFE70F98016809
:10447000012040F21042C4F20202914207904ED055
:10448000FFE70F980168012040F22842C4F20202BF
:104490009142079043D0FFE70F980168012040F256
:1044A0004042C4F202029142079038D0FFE70F98D1
:1044B0000168012040F25842C4F202029142079082
:1044C0002DD0FFE70F980168012040F27042C4F23E
:1044D00002029142079022D0FFE70F980168012065
:1044E00040F28842C4F202029142079017D0FFE7DF
:1044F0000F980168012040F2A042C4F202029142EA
:1045000007900CD0FFE70F9800684FF64831CBF6C4
:10451000FD710844B0FA80F040090790FFE7079862
:10452000C007002800F01385FFE70E980F99C96DAA
:1045300001F01F01C8400007002840F1B080FFE7EC
:104540000F9800681021C4F20201884200F08180B7
:10455000FFE70F9800682821C4F20201884278D052
:10456000FFE70F9800684021C4F20201884270D032
:10457000FFE70F9800685821C4F20201884268D012
:10458000FFE70F9800687021C4F20201884260D0F2
:10459000FFE70F9800688821C4F20201884258D0D2
:1045A000FFE70F980068A021C4F20201884250D0B2
:1045B000FFE70F980068B821C4F20201884248D092
:1045C000FFE70F98006840F21041C4F202018842F0
:1045D0003FD0FFE70F98006840F22841C4F2020183
:1045E000884236D0FFE70F98006840F24041C4F29D
:1045F000020188422DD0FFE70F98006840F2584131
:10460000C4F20201884224D0FFE70F98006840F20C
:104610007041C4F2020188421BD0FFE70F98006886
:1046200040F28841C4F20201884212D0FFE70F989D
:10463000006840F2A041C4F20201884209D0FFE7BD
:104640000F98006840F2B841C4F20201884207D1D5
:10465000FFE70F980068006800F00400069006E08D
:104660000F980068006800F008000690FFE70698C1
:10467000A0B1FFE70F980168086820F00400086007
:104680000F98C06D00F01F010820884009998860CC
:104690000F99486D40F001004865FFE7FFE70E986D
:1046A0000F99C96D01F01F01C840C007002800F034
:1046B000A980FFE70F9800681021C4F20201884228
:1046C00000F08180FFE70F9800682821C4F2020102
:1046D000884278D0FFE70F9800684021C4F20201B9
:1046E000884270D0FFE70F9800685821C4F2020199
:1046F000884268D0FFE70F9800687021C4F2020179
:10470000884260D0FFE70F9800688821C4F2020158
:10471000884258D0FFE70F980068A021C4F2020138
:10472000884250D0FFE70F980068B821C4F2020118
:10473000884248D0FFE70F98006840F21041C4F269
:10474000020188423FD0FFE70F98006840F22841FD
:10475000C4F20201884236D0FFE70F98006840F2A9
:104760004041C4F2020188422DD0FFE70F98006853
:1047700040F25841C4F20201884224D0FFE70F986A
:10478000006840F27041C4F2020188421BD0FFE78A
:104790000F98006840F28841C4F20201884212D0AA
:1047A000FFE70F98006840F2A041C4F2020188427E
:1047B00009D0FFE70F98006840F2B841C4F2020147
:1047C000884207D1FFE70F980068406900F0800039
:1047D000059005E00F980068006800200590FFE74D
:1047E000059870B1FFE70F98C06D00F01F01012020
:1047F0008840099988600F99486D40F0020048652B
:10480000FFE7FFE70E980F99C96D01F01F01C8403F
:104810004007002840F1A980FFE70F9800681021A9
:10482000C4F20201884200F08180FFE70F9800681F
:104830002821C4F20201884278D0FFE70F9800686F
:104840004021C4F20201884270D0FFE70F9800684F
:104850005821C4F20201884268D0FFE70F9800682F
:104860007021C4F20201884260D0FFE70F9800680F
:104870008821C4F20201884258D0FFE70F980068EF
:10488000A021C4F20201884250D0FFE70F980068CF
:10489000B821C4F20201884248D0FFE70F980068AF
:1048A00040F21041C4F2020188423FD0FFE70F9866
:1048B000006840F22841C4F20201884236D0FFE786
:1048C0000F98006840F24041C4F2020188422DD0A6
:1048D000FFE70F98006840F25841C4F20201884295
:1048E00024D0FFE70F98006840F27041C4F2020143
:1048F00088421BD0FFE70F98006840F28841C4F25D
:104900000201884212D0FFE70F98006840F2A041F0
:10491000C4F20201884209D0FFE70F98006840F214
:10492000B841C4F20201884207D1FFE70F9800683E
:10493000006800F00200049005E00F98006800682D
:1049400000200490FFE7049870B1FFE70F98C06D56
:1049500000F01F0104208840099988600F99486D74
:1049600040F004004865FFE7FFE70E980F99C96D16
:1049700001F01F01C840C006002840F1DE80FFE7BB
:104980000F9800681021C4F20201884200F0818073
:10499000FFE70F9800682821C4F20201884278D00E
:1049A000FFE70F9800684021C4F20201884270D0EE
:1049B000FFE70F9800685821C4F20201884268D0CE
:1049C000FFE70F9800687021C4F20201884260D0AE
:1049D000FFE70F9800688821C4F20201884258D08E
:1049E000FFE70F980068A021C4F20201884250D06E
:1049F000FFE70F980068B821C4F20201884248D04E
:104A0000FFE70F98006840F21041C4F202018842AB
:104A10003FD0FFE70F98006840F22841C4F202013E
:104A2000884236D0FFE70F98006840F24041C4F258
:104A3000020188422DD0FFE70F98006840F25841EC
:104A4000C4F20201884224D0FFE70F98006840F2C8
:104A50007041C4F2020188421BD0FFE70F98006842
:104A600040F28841C4F20201884212D0FFE70F9859
:104A7000006840F2A041C4F20201884209D0FFE779
:104A80000F98006840F2B841C4F20201884207D191
:104A9000FFE70F980068006800F00800039006E048
:104AA0000F980068006800F004000390FFE7039887
:104AB000002841D0FFE70F98C06D00F01F011020C3
:104AC0008840099988600F980068006840030028B2
:104AD0001AD5FFE70F98006800680003002809D482
:104AE000FFE70F98006C20B1FFE70F98016C884733
:104AF000FFE708E00F98806C20B1FFE70F98816C0A
:104B00008847FFE7FFE716E00F9800680068C005D8
:104B1000002807D4FFE70F980168086820F0080014
:104B20000860FFE70F98006C20B1FFE70F98016C59
:104B30008847FFE7FFE7FFE7FFE70E980F99C96D8A
:104B400001F01F01C8408006002840F12681FFE7E0
:104B50000F9800681021C4F20201884200F08180A1
:104B6000FFE70F9800682821C4F20201884278D03C
:104B7000FFE70F9800684021C4F20201884270D01C
:104B8000FFE70F9800685821C4F20201884268D0FC
:104B9000FFE70F9800687021C4F20201884260D0DC
:104BA000FFE70F9800688821C4F20201884258D0BC
:104BB000FFE70F980068A021C4F20201884250D09C
:104BC000FFE70F980068B821C4F20201884248D07C
:104BD000FFE70F98006840F21041C4F202018842DA
:104BE0003FD0FFE70F98006840F22841C4F202016D
:104BF000884236D0FFE70F98006840F24041C4F287
:104C0000020188422DD0FFE70F98006840F258411A
:104C1000C4F20201884224D0FFE70F98006840F2F6
:104C20007041C4F2020188421BD0FFE70F98006870
:104C300040F28841C4F20201884212D0FFE70F9887
:104C4000006840F2A041C4F20201884209D0FFE7A7
:104C50000F98006840F2B841C4F20201884207D1BF
:104C6000FFE70F980068006800F01000029006E06F
:104C70000F980068006800F002000290FFE70298B9
:104C8000002800F08980FFE70F98C06D00F01F0139
:104C900020208840099988600F9890F835000428F2
:104CA00037D1FFE70F980168086820F01600086008
:104CB0000F980168486920F0800048610F98006CE7
:104CC00020B9FFE70F98806C38B1FFE70F980168B3
:104CD000086820F008000860FFE70F98C06D00F03A
:104CE0001F013F208840099988600F99012081F8B1
:104CF0003500FFE70F99002081F83400FFE70F9897
:104D0000006D20B1FFE70F98016D8847FFE700F0C5
:104D100019BC0F9800680068400300281AD5FFE707
:104D20000F98006800680003002809D4FFE70F9877
:104D3000406C20B1FFE70F98416C8847FFE708E01F
:104D40000F98C06B20B1FFE70F98C16B8847FFE752
:104D5000FFE720E00F9800680068C005002811D424
:104D6000FFE70F980168086820F0100008600F99AD
:104D7000012081F83500FFE70F99002081F8340009
:104D8000FFE7FFE70F98C06B20B1FFE70F98C16BFB
:104D90008847FFE7FFE7FFE7FFE70F98406D002830
:104DA00000F0D480FFE70F98406DC007002800F0A6
:104DB000C480FFE70F99042081F835000F98006840
:104DC0001021C4F20201884200F08180FFE70F98B1
:104DD00000682821C4F20201884278D0FFE70F98CA
:104DE00000684021C4F20201884270D0FFE70F98AA
:104DF00000685821C4F20201884268D0FFE70F988A
:104E000000687021C4F20201884260D0FFE70F9869
:104E100000688821C4F20201884258D0FFE70F9849
:104E20000068A021C4F20201884250D0FFE70F9829
:104E30000068B821C4F20201884248D0FFE70F9809
:104E4000006840F21041C4F2020188423FD0FFE7FF
:104E50000F98006840F22841C4F20201884236D01F
:104E6000FFE70F98006840F24041C4F20201884217
:104E70002DD0FFE70F98006840F25841C4F20201BC
:104E8000884224D0FFE70F98006840F27041C4F2D6
:104E9000020188421BD0FFE70F98006840F288416A
:104EA000C4F20201884212D0FFE70F98006840F276
:104EB000A041C4F20201884209D0FFE70F980068C0
:104EC00040F2B841C4F20201884207D1FFE70F98CF
:104ED0000168086820F00100086006E00F9801688A
:104EE000086820F001000860FFE7FFE70B98013039
:104EF0000B900A99884201D9FFE707E0FFE70F9876
:104F000000680068C0070028F0D1FFE70F9800682C
:104F10000068C00728B1FFE70F99032081F835002A
:104F200004E00F99012081F83500FFE7FFE70F99B2
:104F3000002081F83400FFE7FFE70F98C06C20B134
:104F4000FFE70F98C16C8847FFE7FFE7FAE20F9889
:104F50000168012045F20842C5F602029142019023
:104F60004ED0FFE70F980168012045F21C42C5F6BC
:104F700002029142019043D0FFE70F98016801209F
:104F800045F23042C5F602029142019038D0FFE767
:104F90000F980168012045F24442C5F60202914291
:104FA00001902DD0FFE70F980168012045F258428B
:104FB000C5F602029142019022D0FFE70F980168E6
:104FC000012045F26C42C5F602029142019017D0D1
:104FD000FFE70F980168012045F28042C5F6020202
:104FE000914201900CD0FFE70F9800684AF66C31AF
:104FF000CAF2FD710844B0FA80F040090190FFE761
:105000000198C007002800F09B82FFE70F98006816
:1050100000680C900D980F99C96D01F01F01C840F0
:105020004007002840F1D780FFE79DF83000400797
:10503000002840F1D080FFE70F98C06D00F01F01FD
:1050400004208840089948609DF831000006002837
:1050500018D5FFE79DF83200C00748B9FFE70F9861
:10506000806C20B1FFE70F98816C8847FFE708E06C
:105070000F98006C20B1FFE70F98016C8847FFE79D
:10508000FFE7A7E09DF830008006002800F1998036
:10509000FFE70F9800681021C4F20201884200F077
:1050A0008180FFE70F9800682821C4F2020188423E
:1050B00078D0FFE70F9800684021C4F202018842CF
:1050C00070D0FFE70F9800685821C4F202018842AF
:1050D00068D0FFE70F9800687021C4F2020188428F
:1050E00060D0FFE70F9800688821C4F2020188426F
:1050F00058D0FFE70F980068A021C4F2020188424F
:1051000050D0FFE70F980068B821C4F2020188422E
:1051100048D0FFE70F98006840F21041C4F2020146
:1051200088423FD0FFE70F98006840F22841C4F260
:105130000201884236D0FFE70F98006840F24041F4
:10514000C4F2020188422DD0FFE70F98006840F2B8
:105150005841C4F20201884224D0FFE70F9800684A
:1051600040F27041C4F2020188421BD0FFE70F9861
:10517000006840F28841C4F20201884212D0FFE781
:105180000F98006840F2A041C4F20201884209D0A1
:10519000FFE70F98006840F2B841C4F2020188426C
:1051A00007D1FFE70F980168086820F00800086041
:1051B00006E00F980168086820F004000860FFE727
:1051C000FFE70F98006C20B1FFE70F98016C88474C
:1051D000FFE7FFE7B3E10D980F99C96D01F01F01DB
:1051E000C8408007002840F1E180FFE79DF83000CB
:1051F0008007002840F1DA80FFE70F98C06D00F0CB
:105200001F0102208840089948609DF8310000067F
:10521000002818D5FFE79DF83200C00748B9FFE71E
:105220000F98406C20B1FFE70F98416C8847FFE76B
:1052300008E00F98C06B20B1FFE70F98C16B88475B
:10524000FFE7FFE7B1E09DF830008006002800F19D
:10525000A380FFE70F9800681021C4F20201884282
:1052600000F08180FFE70F9800682821C4F2020156
:10527000884278D0FFE70F9800684021C4F202010D
:10528000884270D0FFE70F9800685821C4F20201ED
:10529000884268D0FFE70F9800687021C4F20201CD
:1052A000884260D0FFE70F9800688821C4F20201AD
:1052B000884258D0FFE70F980068A021C4F202018D
:1052C000884250D0FFE70F980068B821C4F202016D
:1052D000884248D0FFE70F98006840F21041C4F2BE
:1052E000020188423FD0FFE70F98006840F2284152
:1052F000C4F20201884236D0FFE70F98006840F2FE
:105300004041C4F2020188422DD0FFE70F980068A7
:1053100040F25841C4F20201884224D0FFE70F98BE
:10532000006840F27041C4F2020188421BD0FFE7DE
:105330000F98006840F28841C4F20201884212D0FE
:10534000FFE70F98006840F2A041C4F202018842D2
:1053500009D0FFE70F98006840F2B841C4F202019B
:10536000884207D1FFE70F980168086820F0140011
:10537000086006E00F980168086820F00A000860DD
:10538000FFE70F99012081F83500FFE70F99002012
:1053900081F83400FFE7FFE70F98C06B20B1FFE70B
:1053A0000F98C16B8847FFE7FFE7C7E00D980F999B
:1053B000C96D01F01F01C8400007002840F1BC8002
:1053C000FFE79DF830000007002840F1B580FFE7B7
:1053D0000F9800681021C4F20201884200F0818019
:1053E000FFE70F9800682821C4F20201884278D0B4
:1053F000FFE70F9800684021C4F20201884270D094
:10540000FFE70F9800685821C4F20201884268D073
:10541000FFE70F9800687021C4F20201884260D053
:10542000FFE70F9800688821C4F20201884258D033
:10543000FFE70F980068A021C4F20201884250D013
:10544000FFE70F980068B821C4F20201884248D0F3
:10545000FFE70F98006840F21041C4F20201884251
:105460003FD0FFE70F98006840F22841C4F20201E4
:10547000884236D0FFE70F98006840F24041C4F2FE
:10548000020188422DD0FFE70F98006840F2584192
:10549000C4F20201884224D0FFE70F98006840F26E
:1054A0007041C4F2020188421BD0FFE70F980068E8
:1054B00040F28841C4F20201884212D0FFE70F98FF
:1054C000006840F2A041C4F20201884209D0FFE71F
:1054D0000F98006840F2B841C4F20201884207D137
:1054E000FFE70F980168086820F01C00086006E0DC
:1054F0000F980168086820F00E000860FFE70F9819
:10550000C06D00F01F01012000FA01F1089A5160FE
:105510000F9948650F9981F83500FFE70F99002032
:1055200081F83400FFE70F98C06C20B1FFE70F98B7
:10553000C16C8847FFE700E0FFE7FFE7FFE700E017
:10554000FFE7FFE710B080BD10B58EB00C9001F002
:1055500037FA0A900C9828B9FFE701208DF8370038
:1055600000F09FBC0C98016801201022C4F20202D6
:105570009142079000F0A380FFE70C98016801209A
:105580002822C4F202029142079000F09880FFE7BF
:105590000C98016801204022C4F202029142079057
:1055A00000F08D80FFE70C98016801205822C4F2BA
:1055B00002029142079000F08280FFE70C98016898
:1055C00001207022C4F202029142079077D0FFE7D7
:1055D0000C98016801208822C4F2020291420790CF
:1055E0006DD0FFE70C9801680120A022C4F20202EE
:1055F0009142079063D0FFE70C9801680120B82220
:10560000C4F202029142079059D0FFE70C9801685A
:10561000012040F21042C4F20202914207904ED0A3
:10562000FFE70C980168012040F22842C4F2020210
:105630009142079043D0FFE70C980168012040F2A7
:105640004042C4F202029142079038D0FFE70C9822
:105650000168012040F25842C4F2020291420790D0
:105660002DD0FFE70C980168012040F27042C4F28F
:1056700002029142079022D0FFE70C9801680120B6
:1056800040F28842C4F202029142079017D0FFE72D
:105690000C980168012040F2A042C4F2020291423B
:1056A00007900CD0FFE70C9800684FF64831CBF616
:1056B000FD710844B0FA80F040090790FFE70798B1
:1056C000C007002800F07981FFE70C98406A08B114
:1056D000FFE7FFE70C99022081F83500FFE70C99FE
:1056E000002081F83400FFE70C9800681021C4F214
:1056F0000201884200F08180FFE70C9800682821B1
:10570000C4F20201884278D0FFE70C98006840217B
:10571000C4F20201884270D0FFE70C98006858215B
:10572000C4F20201884268D0FFE70C98006870213B
:10573000C4F20201884260D0FFE70C98006888211B
:10574000C4F20201884258D0FFE70C980068A021FB
:10575000C4F20201884250D0FFE70C980068B821DB
:10576000C4F20201884248D0FFE70C98006840F27A
:105770001041C4F2020188423FD0FFE70C98006854
:1057800040F22841C4F20201884236D0FFE70C986B
:10579000006840F24041C4F2020188422DD0FFE788
:1057A0000C98006840F25841C4F20201884224D0AB
:1057B000FFE70C98006840F27041C4F20201884291
:1057C0001BD0FFE70C98006840F28841C4F2020148
:1057D000884212D0FFE70C98006840F2A041C4F262
:1057E0000201884209D0FFE70C98006840F2B841F6
:1057F000C4F20201884207D1FFE70C9801680868EB
:1058000020F00100086006E00C980168086820F0AC
:1058100001000860FFE7FFE70C9800680068C00718
:1058200098B1FFE701F0CCF80A99401A06280BD38B
:10583000FFE70C99202048650C99032081F835007A
:1058400001208DF837002CE3E6E70C98006800682B
:105850000B900B9848F23F01CFF6106108400B9077
:105860000C998868D1F80CC00B694A6940EA0C00B1
:10587000184310438A691043CA691043096A0143F7
:105880000B9808430B900C98406A042808D1FFE756
:105890000C99C86A096B01430B9808430B90FFE70A
:1058A00041F20000C5F6004000684FF6FF718843E2
:1058B000B0F1005F40D3FFE70C984068292807D378
:1058C000FFE70C98416801202F2906902AD3FFE7B3
:1058D0000C9840683F2807D3FFE70C9841680120E7
:1058E000432906901ED3FFE70C984068472807D34A
:1058F000FFE70C98416801204929069012D3FFE781
:105900000C98416800204F29059008D3FFE70C98B8
:1059100041680020532938BF01200590FFE7059812
:105920000690FFE70698C00728B1FFE70B9840F400
:1059300080100B90FFE7FFE70B980C99096808604F
:105940000C98006840690B900B9820F007000B90B2
:105950000C98416A0B9808430B900C98406A0428F5
:105960001AD1FFE70C98816A0B9808430B900C98AA
:10597000C06A80B1FFE70C98FBF706FD50B1FFE766
:105980000C99402048650C99012081F835008DF86C
:10599000370086E2FFE7FFE70B980C99096848613A
:1059A0000C98FBF7B5FA09900C98C06D00F01F0138
:1059B0003F2088400999886026E10C980168012001
:1059C00045F20842C5F60202914204904ED0FFE72C
:1059D0000C980168012045F21C42C5F60202914272
:1059E000049043D0FFE70C980168012045F2304253
:1059F000C5F602029142049038D0FFE70C98016886
:105A0000012045F24442C5F60202914204902DD095
:105A1000FFE70C980168012045F25842C5F60202E2
:105A20009142049022D0FFE70C980168012045F2D2
:105A30006C42C5F602029142049017D0FFE70C9821
:105A40000168012045F28042C5F6020291420490AD
:105A50000CD0FFE70C9800684AF66C31CAF2FD7171
:105A60000844B0FA80F040090490FFE70498C007AA
:105A7000002800F0BD80FFE70C980168012045F286
:105A80000842C5F60202914203904ED0FFE70C98FF
:105A90000168012045F21C42C5F6020291420390C2
:105AA00043D0FFE70C980168012045F23042C5F66B
:105AB00002029142039038D0FFE70C980168012060
:105AC00045F24442C5F60202914203902DD0FFE711
:105AD0000C980168012045F25842C5F60202914235
:105AE000039022D0FFE70C980168012045F26C4238
:105AF000C5F602029142039017D0FFE70C980168A7
:105B0000012045F28042C5F60202914203900CD07A
:105B1000FFE70C9800684AF66C31CAF2FD71084440
:105B2000B0FA80F040090390FFE70398C00708B17E
:105B3000FFE7FFE70C99022081F83500FFE70C9999
:105B4000002081F83400FFE70C98006800680B9093
:105B50000B986FF310100B900C988068402803D1BD
:105B6000FFE71020029008E00C9880688038B0FAB7
:105B700080F0400980030290FFE702980C99CA6800
:105B80000B69D1F814C0D1F818E0CC694EEA040EC4
:105B90004CEA0E0C43EA0C031A4340EAD200096AAD
:105BA00040EA11110B9808430B900B980C99096867
:105BB00008600C9908684AF6F832CAF2FD7210447F
:105BC0004CF6CD42CCF6CC42A0FB02026FF00300B3
:105BD00000EA9200C8650C98FBF79AF908900C98B7
:105BE000C06D00F01F0101208840089948600AE05C
:105BF0000C99402048650C99032081F8350001205C
:105C00008DF837004DE1FFE70C9801680120102264
:105C1000C4F202029142019000F00381FFE70C9868
:105C2000016801202822C4F202029142019000F092
:105C3000F880FFE70C98016801204022C4F20202BC
:105C40009142019000F0ED80FFE70C98016801207F
:105C50005822C4F202029142019000F0E280FFE774
:105C60000C98016801207022C4F202029142019056
:105C700000F0D780FFE70C98016801208822C4F269
:105C800002029142019000F0CC80FFE70C9801687D
:105C90000120A022C4F202029142019000F0C180D2
:105CA000FFE70C9801680120B822C4F20202914279
:105CB000019000F0B680FFE70C980168012040F2E7
:105CC0001042C4F202029142019000F0AA80FFE764
:105CD0000C980168012040F22842C4F2020291426D
:105CE000019000F09E80FFE70C980168012040F2CF
:105CF0004042C4F202029142019000F09280FFE71C
:105D00000C980168012040F25842C4F2020291420C
:105D1000019000F08680FFE70C980168012040F2B6
:105D20007042C4F20202914201907AD0FFE70C98CF
:105D30000168012040F28842C4F2020291420190BF
:105D40006FD0FFE70C980168012040F2A042C4F236
:105D500002029142019064D0FFE70C980168012093
:105D600040F2B842C4F202029142019059D0FFE7DA
:105D70000C980168012045F20842C5F602029142E2
:105D800001904ED0FFE70C980168012045F21C42BB
:105D9000C5F602029142019043D0FFE70C980168DA
:105DA000012045F23042C5F602029142019038D0FE
:105DB000FFE70C980168012045F24442C5F6020253
:105DC000914201902DD0FFE70C980168012045F227
:105DD0005842C5F602029142019022D0FFE70C988A
:105DE0000168012045F26C42C5F602029142019021
:105DF00017D0FFE70C980168012045F28042C5F6F4
:105E00000202914201900CD0FFE70C9800684AF61C
:105E10006C31CAF2FD710844B0FA80F0400901907B
:105E2000FFE70198C00790B3FFE70C98FBF758F91C
:105E30000C988068802804D1FFE70C990020486006
:105E4000FFE70C990879096E08600C98416E806E26
:105E500048600C98406888B1FFE70C9840680828B3
:105E60000CD8FFE70C98FBF7F7F90C98C16E0020EF
:105E700008600C98016F406F486007E00C990020A3
:105E8000C8660C9908670C994867FFE7FFE70C990B
:105E9000002048650C9A012182F835108DF83700F2
:105EA000FFE79DF837000EB010BD000000000000B5
:105EB00080B588B0069005910492039300208DF878
:105EC0000B00069820B9FFE701208DF81F006CE356
:105ED000FFE7069890F83400012804D1FFE702207C
:105EE0008DF81F0061E30699012081F83400FFE777
:105EF000FFE7069890F83500012840F04383FFE75C
:105F00000699022081F83500069900204865069818
:105F100000681021C4F20201884200F08180FFE78E
:105F2000069800682821C4F20201884278D0FFE771
:105F3000069800684021C4F20201884270D0FFE751
:105F4000069800685821C4F20201884268D0FFE731
:105F5000069800687021C4F20201884260D0FFE711
:105F6000069800688821C4F20201884258D0FFE7F1
:105F700006980068A021C4F20201884250D0FFE7D1
:105F800006980068B821C4F20201884248D0FFE7B1
:105F90000698006840F21041C4F2020188423FD0E6
:105FA000FFE70698006840F22841C4F202018842E7
:105FB00036D0FFE70698006840F24041C4F2020183
:105FC00088422DD0FFE70698006840F25841C4F29D
:105FD0000201884224D0FFE70698006840F2704131
:105FE000C4F2020188421BD0FFE70698006840F225
:105FF0008841C4F20201884212D0FFE70698006887
:1060000040F2A041C4F20201884209D0FFE706989D
:10601000006840F2B841C4F20201884207D1FFE7AC
:1060200006980168086820F00100086006E00698FC
:106030000168086820F001000860FFE706980599EC
:10604000049A039BFBF718FA0698016801201022B6
:10605000C4F202029142019000F0A380FFE706988B
:10606000016801202822C4F202029142019000F04E
:106070009880FFE70698016801204022C4F20202DE
:106080009142019000F08D80FFE7069801680120A1
:106090005822C4F202029142019000F08280FFE790
:1060A0000698016801207022C4F202029142019018
:1060B00077D0FFE70698016801208822C4F2020227
:1060C000914201906DD0FFE7069801680120A0225F
:1060D000C4F202029142019063D0FFE70698016882
:1060E0000120B822C4F202029142019059D0FFE788
:1060F00006980168012040F21042C4F20202914267
:1061000001904ED0FFE706980168012040F2284236
:10611000C4F202029142019043D0FFE70698016861
:10612000012040F24042C4F202029142019038D074
:10613000FFE706980168012040F25842C4F20202CB
:10614000914201902DD0FFE706980168012040F2AE
:106150007042C4F202029142019022D0FFE70698F9
:106160000168012040F28842C4F20202914201908B
:1061700017D0FFE706980168012040F2A042C4F260
:106180000202914201900CD0FFE7069800684FF69A
:106190004831CBF6FD710844B0FA80F04009019017
:1061A000FFE70198C007A8B1FFE7069800680068FC
:1061B0000B2161F344000699096808600698006C99
:1061C00038B1FFE706980168086840F008000860E9
:1061D000FFE714E0069800680068052161F34300BA
:1061E0000699096808600698006C38B1FFE70698C0
:1061F0000168086840F004000860FFE7FFE70698C0
:10620000016801201022C4F202029142009000F0C5
:106210000381FFE70698016801202822C4F20202E8
:106220009142009000F0F880FFE706980168012095
:106230004022C4F202029142009000F0ED80FFE79C
:106240000698016801205822C4F20202914200908F
:1062500000F0E280FFE70698016801207022C4F296
:1062600002029142009000F0D780FFE70698016893
:1062700001208822C4F202029142009000F0CC80FA
:10628000FFE7069801680120A022C4F202029142B1
:10629000009000F0C180FFE7069801680120B82255
:1062A000C4F202029142009000F0B680FFE7069827
:1062B0000168012040F21042C4F2020291420090B3
:1062C00000F0AA80FFE706980168012040F228420A
:1062D000C4F202029142009000F09E80FFE706980F
:1062E0000168012040F24042C4F202029142009053
:1062F00000F09280FFE706980168012040F25842C2
:10630000C4F202029142009000F08680FFE70698F6
:106310000168012040F27042C4F2020291420090F2
:106320007AD0FFE706980168012040F28842C4F263
:106330000202914200906FD0FFE7069801680120A9
:1063400040F2A042C4F202029142009064D0FFE702
:1063500006980168012040F2B842C4F2020291425C
:10636000009059D0FFE706980168012045F20842E5
:10637000C5F60202914200904ED0FFE706980168F0
:10638000012045F21C42C5F602029142009043D022
:10639000FFE706980168012045F23042C5F6020287
:1063A0009142009038D0FFE706980168012045F23D
:1063B0004442C5F60202914200902DD0FFE70698B4
:1063C0000168012045F25842C5F602029142009050
:1063D00022D0FFE706980168012045F26C42C5F61D
:1063E00002029142009017D0FFE706980168012051
:1063F00045F28042C5F60202914200900CD0FFE7C0
:10640000069800684AF66C31CAF2FD710844B0FA89
:1064100080F040090090FFE70098C007D0B1FFE787
:106420000698006E0068C003002807D5FFE70698AD
:10643000016E086840F480700860FFE70698C06E3F
:1064400038B1FFE70698C16E086840F480700860B4
:10645000FFE7FFE7069800681021C4F202018842B6
:1064600000F08180FFE7069800682821C4F202014D
:10647000884278D0FFE7069800684021C4F2020104
:10648000884270D0FFE7069800685821C4F20201E4
:10649000884268D0FFE7069800687021C4F20201C4
:1064A000884260D0FFE7069800688821C4F20201A4
:1064B000884258D0FFE706980068A021C4F2020184
:1064C000884250D0FFE706980068B821C4F2020164
:1064D000884248D0FFE70698006840F21041C4F2B5
:1064E000020188423FD0FFE70698006840F2284149
:1064F000C4F20201884236D0FFE70698006840F2F5
:106500004041C4F2020188422DD0FFE7069800689E
:1065100040F25841C4F20201884224D0FFE70698B5
:10652000006840F27041C4F2020188421BD0FFE7CC
:106530000698006840F28841C4F20201884212D0F5
:10654000FFE70698006840F2A041C4F202018842C9
:1065500009D0FFE70698006840F2B841C4F2020192
:10656000884207D1FFE706980168086840F00100FB
:10657000086006E006980168086840F001000860BD
:10658000FFE70DE006994FF400604865FFE70699C4
:10659000002081F83400FFE701208DF80B00FFE7B1
:1065A0009DF80B008DF81F00FFE79DF81F0008B055
:1065B00080BD00000000000090B00F900E91002000
:1065C0000D908020C5F600000A90FFE70E98006845
:1065D0000D99C840002800F0CF81FFE70E980068B1
:1065E0000D9A0121914008400C900C98002800F071
:1065F000BF81FFE70E98406800F00300012807D034
:10660000FFE70E98406800F0030002282FD1FFE753
:106610000F9880680B900D984100032000FA01F15B
:106620000B9888430B900E98C0680D99490000FAAA
:1066300001F10B9808430B900B980F9988600F9805
:1066400040680B900D99012000FA01F10B988843E6
:106650000B900E984068C0F300100D9900FA01F1FC
:106660000B9808430B900B980F994860FFE70E9822
:10667000406800F00300032818D0FFE70F98C068B7
:106680000B900D984100032000FA01F10B9888430C
:106690000B900E9880680D99490000FA01F10B9853
:1066A00008430B900B980F99C860FFE70E9840685D
:1066B00000F00300022826D1FFE70F980D996FF034
:1066C000030202EA51010844006A0B900D9800F0A1
:1066D000070081000F2000FA01F10B9888430B900E
:1066E0000E9800690D9901F00701890000FA01F187
:1066F0000B9808430B900B980F990D9B02EA5302DD
:1067000011440862FFE70F9800680B900D98410054
:10671000032000FA01F10B9888430B900E98406813
:1067200000F003000D99490000FA01F10B980843AD
:106730000B900B980F9908600E98807980070028BD
:1067400000F01581FFE7FFE744F2F440C5F60200D0
:10675000016841F002010160006800F00200099048
:106760000998FFE70D9820F0030040F20841C5F6B4
:10677000000140580B900D9800F0030081000F209D
:1067800000FA01F10B9888430B900F980021C5F691
:106790000201884203D1FFE7002008907AE00F98B9
:1067A00040F20041C5F60201884203D1FFE7012013
:1067B00007906CE00F9840F60001C5F60201884290
:1067C00003D1FFE7022006905EE00F9840F60041FB
:1067D000C5F60201884203D1FFE70320059050E08F
:1067E0000F9841F20001C5F60201884203D1FFE78C
:1067F0000420049042E00F9841F20041C5F60201E6
:10680000884203D1FFE70520039034E00F9841F65A
:106810000001C5F60201884203D1FFE7062002907D
:1068200026E00F9841F60041C5F60201884203D1E7
:10683000FFE70720019018E00F9842F20001C5F62B
:106840000201884203D1FFE7082000900AE00F9977
:1068500042F20042C5F602020A20914208BF092016
:106860000090FFE700980190FFE701980290FFE792
:1068700002980390FFE703980490FFE704980590BF
:10688000FFE705980690FFE706980790FFE707984F
:106890000890FFE708980D9901F00301890000FABC
:1068A00001F10B9808430B900B980D9921F003010F
:1068B00040F20842C5F6000288504FF0B040006830
:1068C0000B900C990B9888430B900E988079C0061A
:1068D000002805D5FFE70C990B9808430B90FFE7BC
:1068E0000B984FF0B04108600420C5F60000006826
:1068F0000B900C990B9888430B900E98807980062A
:10690000002805D5FFE70C990B9808430B90FFE78B
:106910000B980421C5F6000108600A9840680B90A6
:106920000C990B9888430B900E988079800700286B
:1069300005D5FFE70C990B9808430B90FFE70B98E0
:106940000A9948600A9800680B900C990B98884344
:106950000B900E988079C00728B1FFE70C990B982F
:1069600008430B90FFE70B980A990860FFE7FFE7E1
:106970000D9801300D9029E610B07047000000001E
:1069800082B00190ADF802108DF801209DF8010051
:1069900028B1FFE7BDF802000199886105E0BDF864
:1069A0000200000401998861FFE702B0704700000F
:1069B00041F20000C5F600400068000C704700007E
:1069C00048F24060C2F200400068704700000000DA
:1069D00040F24400C2F20040027848F24061C2F244
:1069E0000041086810440860704700000000000083
:1069F00080B582B0032000F023F902F08DFE44F24E
:106A00001842C5F602021168C1F3032341F20E7168
:106A1000C0F60101CB5C03F01F03D8400090009842
:106A2000126802F00F02895C01F01F01C84040F2B9
:106A30003001C2F200410860009840F22C01C2F21D
:106A4000004108600F2000F013F820B1FFE701209B
:106A50008DF8070005E000F0BBF800208DF8070076
:106A6000FFE79DF8070002B080BD000000000000B5
:106A700080B582B0009040F24400C2F2004000783D
:106A800020B9FFE701208DF8070030E040F22C002C
:106A9000C2F20040006840F24401C2F200410A78AC
:106AA0004FF47A71B1FBF2F1B0FBF1F004F064F94C
:106AB00020B1FFE701208DF8070018E000980F28AB
:106AC0000DD8FFE700994FF0FF30002200F0A0F84A
:106AD000009840F24801C2F20041086003E0012042
:106AE0008DF8070003E000208DF80700FFE79DF810
:106AF000070002B080BD000010B581B00090009882
:106B000040784EF69851CEF2000108604EF6A05142
:106B1000CEF20001086820F001000860009840688B
:106B20004EF69C52CEF200021060DDF800E09EF8B6
:106B30000C0000079EF80B2040EA02609EF800203F
:106B40009EF808309EF809C09EF80A4040EAC4400A
:106B50009EF80D4040EA84409EF80E4040EA4440D2
:106B60009EF80FE040EA0E4040EA0C2040EA430065
:106B70001043086001B010BDBFF35F8F4EF6245183
:106B8000CEF20001086820F4803008604EF694517F
:106B9000CEF20001002008607047000000000000F5
:106BA00081B00090009840F001004EF69451CEF272
:106BB000000108604EF62451CEF20001086840F44E
:106BC00080300860BFF34F8FBFF36F8F01B0704705
:106BD00081B0FFE744F2F440C5F60200016841F0DD
:106BE00002010160006800F0020000900098FFE7D9
:106BF00001B070470000000080B582B0ADF806001B
:106C0000BDF9060008F064F802B080BD0000000085
:106C100080B586B0ADF816000491039208F070F8C4
:106C20000290BDF91600019002980499039A06F0AB
:106C3000CFFA0146019808F06BF806B080BD00005D
:106C400080B582B00190019808F086F802B080BD4E
:106C500080B584B0029044F60C00C5F602000068CE
:106C600000F004010020B0EB910F13D1FFE744F6D0
:106C70000C00C5F60200006800F007000299884287
:106C800004D0FFE701208DF80F002EE000208DF8E2
:106C90000F002AE044F60C01C5F60201086820F056
:106CA0000700029A10430860FFF78AFE0190FFE791
:106CB00044F60400C5F60200006800F4005100200C
:106CC000B0EB513F0DD1FFE7FFF77AFE0199401A73
:106CD000B0F57A7F04D9FFE701208DF80F0004E0BA
:106CE000E6E700208DF80F00FFE79DF80F0004B0E5
:106CF00080BD00000000000080B502F0B9FC44F245
:106D00002041C5F602010968C1F3021241F20E7179
:106D1000C0F60101895C01F01F01C84080BD000080
:106D200088B0079044F22840C5F60200016801F0DF
:106D3000030106910068C0F30510059044F22C4051
:106D4000C5F60200006800F001000490049844F2C7
:106D50003441C5F60201096889B2C908484300EE0A
:106D6000100AB8EE400A8DED020A0598002800F0DE
:106D70001181FFE70698009048B1FFE700980128CD
:106D800065D0FFE70098022800F08380A3E044F27A
:106D90000040C5F60200006800F020010020B0EBC2
:106DA000511F31D0FFE744F20040C5F602000068F1
:106DB000C0F3C10149F20000C0F2D030C8400390D6
:106DC0009DED030AB8EE400A9DED051AB8EE411A92
:106DD00080EE010A44F23040C5F6020000686FF30D
:106DE0005F2001EE100AB8EE411A9DED022A9FEDD8
:106DF0006F3A02EE031AB7EE002A31EE021A20EEC5
:106E0000010A8DED010A21E09DED050AB8EE401A58
:106E10009FED680A80EE010A44F23040C5F6020098
:106E200000686FF35F2001EE100AB8EE411A9DED85
:106E3000022A9FED5E3A02EE031AB7EE002A31EE07
:106E4000021A20EE010A8DED010AFFE765E09DEDD3
:106E5000050AB8EE401A9FED560A80EE010A44F288
:106E60003040C5F6020000686FF35F2001EE100AA3
:106E7000B8EE411A9DED022A9FED4C3A02EE031A3C
:106E8000B7EE002A31EE021A20EE010A8DED010A5A
:106E900043E09DED050AB8EE401A9FED430A80EEEF
:106EA000010A44F23040C5F6020000686FF35F202B
:106EB00001EE100AB8EE411A9DED022A9FED3B3A11
:106EC00002EE031AB7EE002A31EE021A20EE010A92
:106ED0008DED010A21E09DED050AB8EE401A9FED07
:106EE000350A80EE010A44F23040C5F6020000681F
:106EF0006FF35F2001EE100AB8EE411A9DED022AF1
:106F00009FED2A3A02EE031AB7EE002A31EE021A7A
:106F100020EE010A8DED010AFFE79DED010A44F222
:106F20003040C5F60200016889B2490A01EE101A24
:106F3000B8EE411AB7EE002A31EE021A80EE010ACD
:106F40000799BCEEC00A81ED000A9DED010A0168B7
:106F5000C1F3064101EE101AB8EE411A31EE021AE1
:106F600080EE010A0799BCEEC00A81ED010A9DED91
:106F7000010A0068C0F3066001EE100AB8EE411A7B
:106F800031EE021A80EE010A0798BCEEC00A80EDCD
:106F9000020A07E0079900200860079948600799EE
:106FA0008860FFE708B0704720BCBE4B0000003986
:106FB0000024744A0024744C88B0079044F228409E
:106FC000C5F60200016801F0030106910068C0F3F4
:106FD0000530059044F22C40C5F602000068C0F36D
:106FE00000100490049844F23C41C5F6020109687F
:106FF00089B2C908484300EE100AB8EE400A8DED88
:10700000020A0598002800F01181FFE70698009019
:1070100048B1FFE70098012865D0FFE700980228F3
:1070200000F08380A3E044F20040C5F6020000684F
:1070300000F020010020B0EB511F31D0FFE744F2F7
:107040000040C5F602000068C0F3C10149F200002B
:10705000C0F2D030C84003909DED030AB8EE400A5C
:107060009DED051AB8EE411A80EE010A44F238404F
:10707000C5F6020000686FF35F2001EE100AB8EE5B
:10708000411A9DED022A9FED6F3A02EE031AB7EE08
:10709000002A31EE021A20EE010A8DED010A21E0EC
:1070A0009DED050AB8EE401A9FED680A80EE010AD0
:1070B00044F23840C5F6020000686FF35F2001EE2D
:1070C000100AB8EE411A9DED022A9FED5E3A02EEDB
:1070D000031AB7EE002A31EE021A20EE010A8DEDF6
:1070E000010AFFE765E09DED050AB8EE401A9FED45
:1070F000560A80EE010A44F23840C5F602000068E4
:107100006FF35F2001EE100AB8EE411A9DED022ADE
:107110009FED4C3A02EE031AB7EE002A31EE021A46
:1071200020EE010A8DED010A43E09DED050AB8EE5F
:10713000401A9FED430A80EE010A44F23840C5F63A
:10714000020000686FF35F2001EE100AB8EE411AEA
:107150009DED022A9FED3B3A02EE031AB7EE002A9C
:1071600031EE021A20EE010A8DED010A21E09DEDBB
:10717000050AB8EE401A9FED340A80EE010A44F287
:107180003840C5F6020000686FF35F2001EE100A78
:10719000B8EE411A9DED022A9FED2A3A02EE031A3B
:1071A000B7EE002A31EE021A20EE010A8DED010A37
:1071B000FFE79DED010A44F23840C5F60200016880
:1071C00089B2490A01EE101AB8EE411AB7EE002A48
:1071D00031EE021A80EE010A0799BCEEC00A81ED79
:1071E000000A9DED010A0168C1F3064101EE101A83
:1071F000B8EE411A31EE021A80EE010A0799BCEE90
:10720000C00A81ED010A9DED010A0068C0F3066025
:1072100001EE100AB8EE411A31EE021A80EE010AB0
:107220000798BCEEC00A80ED020A07E0079900202B
:1072300008600799486007998860FFE708B07047C1
:1072400020BCBE4B000000390024744A0024744C5A
:1072500088B0079044F22840C5F60200016801F0AA
:10726000030106910068C0F30550059044F22C40DC
:10727000C5F602000068C0F300200490049844F2B0
:107280004441C5F60201096889B2C908484300EEC5
:10729000100AB8EE400A8DED020A0598002800F0A9
:1072A0001181FFE70698009048B1FFE70098012898
:1072B00065D0FFE70098022800F08380A3E044F245
:1072C0000040C5F60200006800F020010020B0EB8D
:1072D000511F31D0FFE744F20040C5F602000068BC
:1072E000C0F3C10149F20000C0F2D030C8400390A1
:1072F0009DED030AB8EE400A9DED051AB8EE411A5D
:1073000080EE010A44F24040C5F6020000686FF3C7
:107310005F2001EE100AB8EE411A9DED022A9FEDA2
:107320006F3A02EE031AB7EE002A31EE021A20EE8F
:10733000010A8DED010A21E09DED050AB8EE401A23
:107340009FED680A80EE010A44F24040C5F6020053
:1073500000686FF35F2001EE100AB8EE411A9DED50
:10736000022A9FED5E3A02EE031AB7EE002A31EED2
:10737000021A20EE010A8DED010AFFE765E09DED9E
:10738000050AB8EE401A9FED560A80EE010A44F253
:107390004040C5F6020000686FF35F2001EE100A5E
:1073A000B8EE411A9DED022A9FED4C3A02EE031A07
:1073B000B7EE002A31EE021A20EE010A8DED010A25
:1073C00043E09DED050AB8EE401A9FED430A80EEBA
:1073D000010A44F24040C5F6020000686FF35F20E6
:1073E00001EE100AB8EE411A9DED022A9FED3B3ADC
:1073F00002EE031AB7EE002A31EE021A20EE010A5D
:107400008DED010A21E09DED050AB8EE401A9FEDD1
:10741000340A80EE010A44F24040C5F602000068DA
:107420006FF35F2001EE100AB8EE411A9DED022ABB
:107430009FED2A3A02EE031AB7EE002A31EE021A45
:1074400020EE010A8DED010AFFE79DED010A44F2ED
:107450004040C5F60200016889B2490A01EE101ADF
:10746000B8EE411AB7EE002A31EE021A80EE010A98
:107470000799BCEEC00A81ED000A9DED010A016882
:10748000C1F3064101EE101AB8EE411A31EE021AAC
:1074900080EE010A0799BCEEC00A81ED010A9DED5C
:1074A000010A0068C0F3066001EE100AB8EE411A46
:1074B00031EE021A80EE010A0798BCEEC00A80ED98
:1074C000020A07E0079900200860079948600799B9
:1074D0008860FFE708B0704720BCBE4B0000003951
:1074E0000024744A0024744C80B59AB01991189005
:1074F0001898199980F480700843002840F0A880FB
:10750000FFE744F25040C5F60200006800F00700B3
:107510000D900D980A90042800F295800A99DFE8F2
:1075200001F00316298C3C0044F20040C5F602002D
:1075300000688001002806D5FFE715A8FFF7F0FBDB
:1075400016980E9002E000200E90FFE77EE044F2D5
:107550000040C5F6020000680001002806D5FFE7DC
:1075600012A8FFF729FD12980E9002E000200E905D
:10757000FFE76BE044F20040C5F6020000688000BF
:10758000002806D5FFE70FA8FFF762FE0F980E90C0
:1075900002E000200E90FFE758E044F24C40C5F6B0
:1075A0000200006800F040500C9044F20040C5F624
:1075B000020000684007002811D5FFE70C9870B959
:1075C000FFE744F20040C5F602000068C0F3C101C5
:1075D00049F20000C0F2D030C8400E902CE044F2D6
:1075E0000040C5F602000068C00500280BD5FFE783
:1075F0000C98B0F1805F06D1FFE740F60010C0F2B2
:107600003D000E9017E044F20040C5F6020000680D
:10761000800300280BD5FFE70C98B0F1005F06D17E
:10762000FFE747F64000C0F27D100E9002E0002018
:107630000E90FFE7FFE7FFE708E048F20000C0F226
:10764000BB000E9002E000200E90FFE700F06EBD40
:107650001898199980F400700843002840F0B3800E
:10766000FFE744F25040C5F60200006800F4E07005
:107670000D900D98099090B1FFE70998402821D00E
:10768000FFE70998802830D0FFE70998C02800F06C
:107690008F80FFE70998B0F5807F39D08EE044F203
:1076A0000040C5F6020000688001002806D5FFE70B
:1076B00015A8FFF735FB16980E9002E000200E90FB
:1076C000FFE77EE044F20040C5F6020000680001DA
:1076D000002806D5FFE712A8FFF76EFC12980E905F
:1076E00002E000200E90FFE76BE044F20040C5F698
:1076F000020000688000002806D5FFE70FA8FFF70A
:10770000A7FD0F980E9002E000200E90FFE758E0D2
:1077100044F24C40C5F60200006800F040500C9066
:1077200044F20040C5F6020000684007002811D569
:10773000FFE70C9870B9FFE744F20040C5F602007D
:107740000068C0F3C10149F20000C0F2D030C84067
:107750000E902CE044F20040C5F602000068C0051F
:1077600000280BD5FFE70C98B0F1805F06D1FFE74A
:1077700040F60010C0F23D000E9017E044F20040C9
:10778000C5F602000068800300280BD5FFE70C98BF
:10779000B0F1005F06D1FFE747F64000C0F27D1070
:1077A0000E9002E000200E90FFE7FFE7FFE708E001
:1077B00048F20000C0F2BB000E9002E000200E90E4
:1077C000FFE700F0B2BC1898199980F48060084374
:1077D000002840F0B580FFE744F25840C5F60200AB
:1077E000006800F460000D900D980890A8B1FFE7C4
:1077F0000898B0F5001F23D0FFE70898B0F5800F78
:1078000031D0FFE70898B0F5C00F00F08F80FFE798
:107810000898B0F5000F39D08EE044F20040C5F66C
:10782000020000688001002806D5FFE715A8FFF7D1
:1078300077FA16980E9002E000200E90FFE77EE0A7
:1078400044F20040C5F6020000680001002806D599
:10785000FFE712A8FFF7B0FB12980E9002E000209D
:107860000E90FFE76BE044F20040C5F602000068AE
:107870008000002806D5FFE70FA8FFF7E9FC0F9866
:107880000E9002E000200E90FFE758E044F24C40DA
:10789000C5F60200006800F040500C9044F2004031
:1078A000C5F6020000684007002811D5FFE70C98D4
:1078B00070B9FFE744F20040C5F602000068C0F36B
:1078C000C10149F20000C0F2D030C8400E902CE057
:1078D00044F20040C5F602000068C00500280BD540
:1078E000FFE70C98B0F1805F06D1FFE740F600108B
:1078F000C0F23D000E9017E044F20040C5F60200D1
:107900000068800300280BD5FFE70C98B0F1005FFA
:1079100006D1FFE747F64000C0F27D100E9002E06E
:1079200000200E90FFE7FFE7FFE708E048F20000C5
:10793000C0F2BB000E9002E000200E90FFE7F3E3E0
:107940001898199980F400600843002840F0B58029
:10795000FFE744F25840C5F60200006800F0E0601E
:107960000D900D980790A8B1FFE70798B0F1807FC0
:1079700023D0FFE70798B0F1007F31D0FFE70798E9
:10798000B0F1407F00F08F80FFE70798B0F1806F83
:1079900039D08EE044F20040C5F602000068800154
:1079A000002806D5FFE715A8FFF7BAF916980E903C
:1079B00002E000200E90FFE77EE044F20040C5F6B2
:1079C000020000680001002806D5FFE712A8FFF7B3
:1079D000F3FA12980E9002E000200E90FFE76BE0A1
:1079E00044F20040C5F6020000688000002806D579
:1079F000FFE70FA8FFF72CFC0F980E9002E0002085
:107A00000E90FFE758E044F24C40C5F602000068D3
:107A100000F040500C9044F20040C5F602000068AF
:107A20004007002811D5FFE70C9870B9FFE744F232
:107A30000040C5F602000068C0F3C10149F2000031
:107A4000C0F2D030C8400E902CE044F20040C5F6A1
:107A500002000068C00500280BD5FFE70C98B0F1C4
:107A6000805F06D1FFE740F60010C0F23D000E90A7
:107A700017E044F20040C5F60200006880030028C9
:107A80000BD5FFE70C98B0F1005F06D1FFE747F692
:107A90004000C0F27D100E9002E000200E90FFE743
:107AA000FFE7FFE708E048F20000C0F2BB000E90DD
:107AB00002E000200E90FFE735E31898199980F452
:107AC00080500843002840F0B580FFE744F2504062
:107AD000C5F60200006800F4E0400B900B98069099
:107AE000A8B1FFE70698B0F5805F23D0FFE70698BE
:107AF000B0F5005F31D0FFE70698B0F5405F00F0C9
:107B00008F80FFE70698B0F5804F39D08EE044F2C1
:107B10000040C5F6020000688001002806D5FFE796
:107B200015A8FFF7FDF816980E9002E000200E90C1
:107B3000FFE77EE044F20040C5F602000068000165
:107B4000002806D5FFE712A8FFF736FA12980E9024
:107B500002E000200E90FFE76BE044F20040C5F623
:107B6000020000688000002806D5FFE70FA8FFF795
:107B70006FFB0F980E9002E000200E90FFE758E098
:107B800044F24C40C5F60200006800F040500C90F2
:107B900044F20040C5F6020000684007002811D5F5
:107BA000FFE70C9870B9FFE744F20040C5F6020009
:107BB0000068C0F3C10149F20000C0F2D030C840F3
:107BC0000E902CE044F20040C5F602000068C005AB
:107BD00000280BD5FFE70C98B0F1805F06D1FFE7D6
:107BE00040F60010C0F23D000E9017E044F2004055
:107BF000C5F602000068800300280BD5FFE70C984B
:107C0000B0F1005F06D1FFE747F64000C0F27D10FB
:107C10000E9002E000200E90FFE7FFE7FFE708E08C
:107C200048F20000C0F2BB000E9002E000200E906F
:107C3000FFE777E21898199980F40050084300286C
:107C400040F09580FFE744F25040C5F6020000681E
:107C500000F4E0200B900B980590C8B1FFE7059861
:107C6000B0F5803F18D0FFE70598B0F5003F26D06B
:107C7000FFE70598B0F5403F34D0FFE70598B0F531
:107C8000802F4AD0FFE70598B0F5A02F58D06AE0C2
:107C900001F01AFD0E9069E044F20040C5F60200C2
:107CA00000680001002806D5FFE712A8FFF784F955
:107CB00013980E9002E000200E90FFE756E044F289
:107CC0000040C5F6020000688000002806D5FFE7E6
:107CD0000FA8FFF7BDFA10980E9002E000200E905A
:107CE000FFE743E044F20040C5F6020000684007A9
:107CF00000280ED5FFE744F20040C5F602000068F8
:107D0000C0F3C10149F20000C0F2D030C8400E906B
:107D100002E000200E90FFE728E044F20040C5F6A4
:107D200002000068C005002806D5FFE740F60010F5
:107D3000C0F23D000E9002E000200E90FFE715E03B
:107D400044F20040C5F6020000688003002806D512
:107D5000FFE747F64000C0F27D100E9002E00020E1
:107D60000E90FFE702E000200E90FFE7D9E118989F
:107D7000199980F400200843002840F09180FFE723
:107D800044F25840C5F60200006800F440300B9001
:107D90000B98049050B1FFE70498B0F5803F18D0DD
:107DA000FFE70498B0F5003F26D075E044F20040AC
:107DB000C5F6020000680001002806D5FFE712A8FA
:107DC000FFF7FAF812980E9002E000200E90FFE7FD
:107DD00065E044F20040C5F602000068800000281B
:107DE00006D5FFE70FA8FFF733FA11980E9002E0CF
:107DF00000200E90FFE752E044F24C40C5F602002E
:107E0000006800F040500C9044F20040C5F60200BB
:107E100000684007002811D5FFE70C9870B9FFE70C
:107E200044F20040C5F602000068C0F3C10149F207
:107E30000000C0F2D030C8400E902CE044F2004068
:107E4000C5F602000068C00500280BD5FFE70C98B6
:107E5000B0F1805F06D1FFE740F60010C0F23D00B0
:107E60000E9017E044F20040C5F60200006880035F
:107E700000280BD5FFE70C98B0F1005F06D1FFE7B3
:107E800047F64000C0F27D100E9002E000200E90F8
:107E9000FFE7FFE7FFE702E000200E90FFE73FE18A
:107EA0001898199980F480300843D8BBFFE744F252
:107EB0004C40C5F60200006800F480300B900B982F
:107EC000039028B1FFE70398B0F5803F13D025E079
:107ED00044F20040C5F6020000688001002806D583
:107EE000FFE715A8FEF71CFF16980E9002E0002091
:107EF0000E90FFE715E044F20040C5F6020000686E
:107F00000001002806D5FFE712A8FFF755F81498DE
:107F10000E9002E000200E90FFE702E000200E909D
:107F2000FFE7FCE01898199980F480400843002886
:107F300040F09580FFE744F25840C5F60200006823
:107F400000F0E0400B900B980290C8B1FFE7029858
:107F5000B0F1805F18D0FFE70298B0F1005F26D043
:107F6000FFE70298B0F1405F34D0FFE70298B0F12C
:107F7000804F4AD0FFE70298B0F1A04F58D06AE096
:107F8000FEF7BAFE0E9069E044F20040C5F602002A
:107F900000680001002806D5FFE712A8FFF70CF8DB
:107FA00013980E9002E000200E90FFE756E044F296
:107FB0000040C5F6020000688000002806D5FFE7F3
:107FC0000FA8FFF745F910980E9002E000200E90E0
:107FD000FFE743E044F20040C5F6020000684007B6
:107FE00000280ED5FFE744F20040C5F60200006805
:107FF000C0F3C10149F20000C0F2D030C8400E9079
:1080000002E000200E90FFE728E044F20040C5F6B1
:1080100002000068C005002806D5FFE740F6001002
:10802000C0F23D000E9002E000200E90FFE715E048
:1080300044F20040C5F6020000688003002806D51F
:10804000FFE747F64000C0F27D100E9002E00020EE
:108050000E90FFE702E000200E90FFE75EE0189828
:10806000199980F400400843002853D1FFE744F2F7
:108070005040C5F60200006800F040500B900B988D
:10808000019050B1FFE70198B0F1805F18D0FFE791
:108090000198B0F1005F26D038E044F20040C5F608
:1080A000020000688003002806D5FFE747F640007D
:1080B000C0F27D100E9002E000200E90FFE728E055
:1080C00044F20040C5F6020000688001002806D591
:1080D000FFE715A8FEF724FE16980E9002E0002098
:1080E0000E90FFE715E044F20040C5F6020000687C
:1080F0000001002806D5FFE712A8FEF75DFF1398E0
:108100000E9002E000200E90FFE702E000200E90AB
:10811000FFE702E000200E90FFE7FFE7FFE7FFE741
:10812000FFE7FFE7FFE7FFE7FFE7FFE70E981AB07B
:1081300080BD00000000000080B59AB018900020BB
:108140008DF857008DF856001898C0780007002861
:1081500048D5FFE71898806E149078B1FFE714981F
:10816000B0F5801F13D0FFE71498B0F5001F16D0AC
:10817000FFE71498B0F5401F19D019E044F22C41E4
:10818000C5F60201086840F40030086014E0189851
:108190000830022105F0D8F88DF857000CE0189847
:1081A0002830022105F0B8F98DF8570004E003E00B
:1081B00001208DF85700FFE79DF8570060B9FFE7F1
:1081C00044F25041C5F60201086820F44010189AA4
:1081D000926E1043086004E09DF857008DF8560039
:1081E000FFE7FFE718984078C007002840D0FFE776
:1081F0001898806D1390042820D81399DFE801F0B7
:10820000030C141C1D0044F22C41C5F60201086841
:1082100040F40030086015E018980830002105F09F
:1082200093F88DF857000DE018982830002105F0DC
:1082300073F98DF8570005E004E003E001208DF8A4
:108240005700FFE79DF8570060B9FFE744F250413F
:10825000C5F60201086820F00700189A926D1043D5
:10826000086004E09DF857008DF85600FFE7FFE72F
:1082700018984078800700284BD5FFE71898C06D04
:10828000129088B1FFE71298402816D0FFE71298A5
:1082900080281AD0FFE71298C0281ED0FFE7129856
:1082A000B0F5807F1AD01AE044F22C41C5F60201E5
:1082B000086840F40030086015E018980830002184
:1082C00005F042F88DF857000DE01898283000218D
:1082D00005F022F98DF8570005E004E003E00120E5
:1082E0008DF85700FFE79DF8570060B9FFE744F2AB
:1082F0005041C5F60201086820F4E070189AD26D6A
:108300001043086004E09DF857008DF85600FFE721
:10831000FFE7189840784007002850D5FFE71898E5
:10832000D0F8A8001190A0B1FFE71198B0F5001F98
:1083300018D0FFE71198B0F5800F1BD0FFE7119818
:10834000B0F5C00F1ED0FFE71198B0F5000F1AD09E
:108350001AE044F22C41C5F60201086840F40030EE
:10836000086015E018980830002104F0EDFF8DF842
:1083700057000DE018982830002105F0CDF88DF851
:10838000570005E004E003E001208DF85700FFE707
:108390009DF8570068B9FFE744F25841C5F602015D
:1083A000086820F46000189AD2F8A82010430860EA
:1083B00004E09DF857008DF85600FFE7FFE7189896
:1083C00040780007002850D5FFE71898D0F8AC0097
:1083D0001090A0B1FFE71098B0F1807F18D0FFE7B0
:1083E0001098B0F1007F1BD0FFE71098B0F1407FEC
:1083F0001ED0FFE71098B0F1806F1AD01AE044F257
:108400002C41C5F60201086840F40030086015E010
:1084100018980830002104F097FF8DF857000DE000
:1084200018982830002105F077F88DF8570005E0FE
:1084300004E003E001208DF85700FFE79DF85700A6
:1084400068B9FFE744F25841C5F60201086820F018
:10845000E060189AD2F8AC201043086004E09DF860
:1084600057008DF85600FFE7FFE71898C07880079F
:1084700000283ED5FFE71898C06C0F90F0B1FFE7D9
:108480000F98102808D0FFE70F9820280DD0FFE79D
:108490000F98302811D012E044F22C41C5F60201A9
:1084A000086840F4003008600DE018980830022198
:1084B00004F04AFF8DF8570005E004E003E00120D6
:1084C0008DF85700FFE79DF8570060B9FFE744F2C9
:1084D0004C41C5F60201086820F03000189AD26CB1
:1084E0001043086004E09DF857008DF85600FFE740
:1084F000FFE718984078C00600284ED5FFE7189887
:10850000006E0E90A0B1FFE70E98B0F5805F18D016
:10851000FFE70E98B0F5005F1BD0FFE70E98B0F5AF
:10852000405F1ED0FFE70E98B0F5804F1AD01AE0DA
:1085300044F22C41C5F60201086840F4003008609E
:1085400015E018980830002104F0FEFE8DF8570061
:108550000DE018982830002104F0DEFF8DF8570058
:1085600005E004E003E001208DF85700FFE79DF8E7
:10857000570060B9FFE744F25041C5F602010868B0
:1085800020F4E040189A126E1043086004E09DF851
:1085900057008DF85600FFE7FFE7189840788006EF
:1085A00000284CD5FFE71898406E0D90C8B1FFE742
:1085B0000D98B0F5803F15D0FFE70D98B0F5003F5E
:1085C00018D0FFE70D98B0F5403F1BD0FFE70D989E
:1085D000B0F5802F17D0FFE70D98B0F5A02F13D07E
:1085E00013E016E018980830012104F0ADFE8DF874
:1085F00057000EE018982830012104F08DFF8DF807
:10860000570006E005E004E003E001208DF8570084
:10861000FFE79DF8570060B9FFE744F25041C5F607
:108620000201086820F4E020189A526E1043086096
:1086300004E09DF857008DF85600FFE7FFE7189813
:108640004078400600284ED5FFE71898D0F8B000D3
:108650000C90C8B1FFE70C98B0F1805F15D0FFE730
:108660000C98B0F1005F18D0FFE70C98B0F1405FB4
:108670001BD0FFE70C98B0F1804F17D0FFE70C98A4
:10868000B0F1A04F13D013E016E018980830012184
:1086900004F05AFE8DF857000EE01898283001219A
:1086A00004F03AFF8DF8570006E005E004E003E02F
:1086B00001208DF85700FFE79DF8570068B9FFE7E4
:1086C00044F25841C5F60201086820F0E040189ACB
:1086D000D2F8B0201043086004E09DF857008DF8F0
:1086E0005600FFE7FFE718984078000600283BD5C2
:1086F000FFE71898006F0B90D8B1FFE70B98B0F127
:10870000805F05D0FFE70B98B0F1005F09D011E062
:1087100044F22C41C5F60201086840F400300860BC
:108720000CE018980830012104F00EFE8DF8570077
:1087300004E003E001208DF85700FFE79DF85700A3
:1087400060B9FFE744F25041C5F60201086820F025
:108750004050189A126F1043086004E09DF85700CB
:108760008DF85600FFE7FFE71898C078C00700288B
:1087700037D0FFE71898806C0A90032817D80A9919
:10878000DFE801F014020B1344F22C41C5F602019C
:10879000086840F4003008600DE0189808300221A5
:1087A00004F0D2FD8DF8570005E004E003E001205D
:1087B0008DF85700FFE79DF8570060B9FFE744F2D6
:1087C0004C41C5F60201086820F00300189A926C2B
:1087D0001043086004E09DF857008DF85600FFE74D
:1087E000FFE7189880784006002840F1B480FFE742
:1087F00044F60001C5F60201086840F48070086084
:10880000FEF7DEF81690FFE744F60000C5F602001A
:108810000068C00500280CD4FFE7FEF7D1F81699D0
:10882000401A652804D3FFE703208DF8570000E0C5
:10883000EAE79DF85700002840F08780FFE744F200
:108840007040C5F60200006800F440701899D1F835
:10885000B41001F44071884213D0FFE744F2704134
:10886000C5F60201086820F440701790086840F4CB
:1088700080300860086820F480300860179808602D
:10888000FFE71898D0F8B400B0F5807F1FD1FFE75C
:10889000FEF796F81690FFE744F27040C5F6020026
:1088A000006800F002010020B0EB510F0ED1FFE78D
:1088B000FEF786F81699401A41F28931884204D3AE
:1088C000FFE703208DF8570000E0E5E7FFE79DF89C
:1088D0005700A0BBFFE7FFE71898D0F8B40000F4FA
:1088E0004070B0F5407F13D1FFE744F21041C5F668
:1088F0000201086820F47C50189AD2F8B4204FF690
:10890000F043C0F6FF731A4040EA1210086008E016
:1089100044F21041C5F60201086820F47C5008605A
:10892000FFE71898D0F8B4206FF31F3244F270417B
:10893000C5F60201086810430860FFE704E09DF8EF
:1089400057008DF85600FFE704E09DF857008DF8BA
:108950005600FFE7FFE718980068C007002800F0FE
:108960004C80FFE71898C06F099028282BD80999E8
:10897000DFE801F01529292929292929162929297A
:10898000292929291E292929292929292629292965
:10899000292929292729292929292929280016E0CF
:1089A00018980830012104F0CFFC8DF857000EE034
:1089B00018982830012104F0AFFD8DF8570006E02B
:1089C00005E004E003E001208DF85700FFE79DF883
:1089D000570060B9FFE744F25441C5F60201086848
:1089E00020F03800189AD26F1043086004E09DF818
:1089F00057008DF85600FFE7FFE7189800788007CA
:108A0000002839D5FFE71898806F0890052819D8F5
:108A10000899DFE801F003040C14151616E0189805
:108A20000830012104F090FC8DF857000EE01898F2
:108A30002830012104F070FD8DF8570006E005E0B4
:108A400004E003E001208DF85700FFE79DF8570090
:108A500060B9FFE744F25441C5F60201086820F00E
:108A60000700189A926F1043086004E09DF85700C1
:108A70008DF85600FFE7FFE71898007840070028B8
:108A80003BD5FFE71898D0F894000790052819D82F
:108A90000799DFE801F003040C14151616E0189886
:108AA0000830012104F050FC8DF857000EE01898B2
:108AB0002830012104F030FD8DF8570006E005E074
:108AC00004E003E001208DF85700FFE79DF8570010
:108AD00068B9FFE744F25841C5F60201086820F082
:108AE0000700189AD2F894201043086004E09DF81B
:108AF00057008DF85600FFE7FFE7189800788006CA
:108B000000284ED5FFE71898D0F890000690C8B11D
:108B1000FFE70698B0F1805F15D0FFE70698B0F147
:108B2000005F18D0FFE70698B0F1405F1BD0FFE769
:108B30000698B0F1804F17D0FFE70698B0F1A04F2C
:108B400013D013E016E018980830002104F0FCFB65
:108B50008DF857000EE018982830022104F0DCFC54
:108B60008DF8570006E005E004E003E001208DF8F1
:108B70005700FFE79DF8570068B9FFE744F25441FA
:108B8000C5F60201086820F0E040189AD2F890205B
:108B90001043086004E09DF857008DF85600FFE789
:108BA000FFE718980078400600284ED5FFE7189890
:108BB000D0F89C000590C8B1FFE70598B0F5806F2C
:108BC00015D0FFE70598B0F5006F18D0FFE70598BE
:108BD000B0F5406F1BD0FFE70598B0F5805F17D068
:108BE000FFE70598B0F5A05F13D013E016E01898E2
:108BF0000830002104F0A8FB8DF857000EE018980B
:108C00002830022104F088FC8DF8570006E005E0CA
:108C100004E003E001208DF85700FFE79DF85700BE
:108C200068B9FFE744F25841C5F60201086820F42C
:108C3000E050189AD2F89C201043086004E09DF898
:108C400057008DF85600FFE7FFE7189800780006F8
:108C500000284ED5FFE71898D0F8A0000490C8B1BE
:108C6000FFE70498B0F5005F15D0FFE70498B0F572
:108C7000804F18D0FFE70498B0F5C04F1BD0FFE736
:108C80000498B0F5004F17D0FFE70498B0F5204FD7
:108C900013D013E016E018980830002104F054FBBC
:108CA0008DF857000EE018982830022104F034FCAB
:108CB0008DF8570006E005E004E003E001208DF8A0
:108CC0005700FFE79DF8570068B9FFE744F25841A5
:108CD000C5F60201086820F46040189AD2F8A02076
:108CE0001043086004E09DF857008DF85600FFE738
:108CF000FFE7189800780007002820D5FFE71898AC
:108D0000D0F88400B0F5805F0CD1FFE718982830C8
:108D1000022104F001FC20B1FFE701208DF856008C
:108D2000FFE7FFE744F25441C5F60201086820F46A
:108D30004050189AD2F8842010430860FFE7189832
:108D40000078C006002820D5FFE71898D0F89800D2
:108D5000B0F5807F0CD1FFE718982830022104F08D
:108D6000DBFB20B1FFE701208DF85600FFE7FFE7AE
:108D700044F25841C5F60201086820F44070189A80
:108D8000D2F8982010430860FFE718988078000711
:108D900000283CD5FFE71898D0F8A400039050B104
:108DA000FFE70398B0F5803F0DD0FFE70398B0F5DB
:108DB000003F10D010E018980830002104F0C4FAE9
:108DC0008DF857000CE018982830022104F0A4FB1D
:108DD0008DF8570004E003E001208DF85700FFE70D
:108DE0009DF8570068B9FFE744F25841C5F6020103
:108DF000086820F44030189AD2F8A4201043086084
:108E000004E09DF857008DF85600FFE7FFE718983B
:108E10008078400700283FD5FFE71898D0F88800F1
:108E20000290B0F5801F0AD0FFE70298B0F5001F4E
:108E30000ED0FFE70298B0F5401F11D011E044F2C8
:108E40002C41C5F60201086840F4003008600CE0CF
:108E500018982830012104F05FFB8DF8570004E0DA
:108E600003E001208DF85700FFE79DF8570068B92F
:108E7000FFE744F25441C5F60201086820F44010AF
:108E8000189AD2F888201043086004E09DF8570033
:108E90008DF85600FFE7FFE718988078C007A8B361
:108EA000FFE71898006D019028B1FFE70198B0F531
:108EB000803F09D010E044F22C41C5F60201086859
:108EC00040F4003008600BE018980830022104F0EC
:108ED0003BFA8DF8570003E001208DF85700FFE7BB
:108EE0009DF8570060B9FFE744F24C41C5F6020116
:108EF000086820F48030189A126D1043086004E06E
:108F00009DF857008DF85600FFE7FFE71898C078E6
:108F1000800600280CD5FFE718982830022104F0BD
:108F2000FBFA20B1FFE701208DF85600FFE7FFE7CD
:108F300018988078800700283CD5FFE71898D0F86B
:108F400080000090D0B1FFE70098B0F5807F0AD094
:108F5000FFE70098B0F5007F0ED0FFE70098B0F56E
:108F6000407F0AD00BE044F22C41C5F602010868AC
:108F700040F40030086006E005E004E003E0012072
:108F80008DF85700FFE79DF8570068B9FFE744F2F6
:108F90005441C5F60201086820F44070189AD2F8CE
:108FA00080201043086004E09DF857008DF85600BB
:108FB000FFE7FFE718988078C00600280CD5FFE788
:108FC00044F25041C5F60201086820F00040189AAA
:108FD000526F10430860FFE71898C078C006002859
:108FE0000DD5FFE744F21041C5F60201086820F4F0
:108FF0008040189AD2F8B82010430860FFE718980C
:109000008078800600280CD5FFE744F25041C5F671
:109010000201086820F08070189AD26E1043086030
:10902000FFE71898C0784006002811D5FFE7FFE752
:1090300044F21041C5F60201086820F400400860BF
:109040001898D0F8BC20086810430860FFE7FFE7D5
:109050001898C078000600280CD5FFE744F24C4170
:10906000C5F60201086820F04050189A526D10436E
:109070000860FFE718988078000600280DD5FFE704
:1090800044F25441C5F60201086820F44000189AE1
:10909000D2F88C2010430860FFE718980079C007C9
:1090A00090B1FFE718980830002104F04DF98DF8D1
:1090B00057009DF8570008B9FFE704E09DF85700F6
:1090C0008DF85600FFE7FFE7189800798007002821
:1090D00012D5FFE718980830012104F035F98DF812
:1090E00057009DF8570008B9FFE704E09DF85700C6
:1090F0008DF85600FFE7FFE7189800794007002831
:1091000012D5FFE718980830022104F01DF98DF8F8
:1091100057009DF8570008B9FFE704E09DF8570095
:109120008DF85600FFE7FFE7189800790007002840
:1091300012D5FFE718982830002104F0EDF98DF8DA
:1091400057009DF8570008B9FFE704E09DF8570065
:109150008DF85600FFE7FFE718980079C006002851
:1091600012D5FFE718982830012104F0D5F98DF8C1
:1091700057009DF8570008B9FFE704E09DF8570035
:109180008DF85600FFE7FFE7189800798006002861
:1091900012D5FFE718982830022104F0BDF98DF8A8
:1091A00057009DF8570008B9FFE704E09DF8570005
:1091B0008DF85600FFE7FFE79DF8560020B9FFE75E
:1091C00000208DF8670003E001208DF86700FFE7BD
:1091D0009DF867001AB080BD80B586B004900391F9
:1091E000049820B9FFE701208DF817003CE20398AE
:1091F00042F20001C5F20021096801F00F01884226
:1092000016D9FFE742F20000C5F20020016821F004
:109210000F01039A11430160006800F00F000399E9
:10922000884204D0FFE701208DF817001CE2FFE719
:10923000049800784007002819D5FFE704980069D2
:1092400044F21841C5F60201096801F07001884234
:109250000CD9FFE744F21841C5F60201086820F076
:109260007000049A126910430860FFE7FFE7049852
:1092700000780007002819D5FFE70498406944F2F8
:109280001C41C5F60201096801F0700188420CD941
:10929000FFE744F21C41C5F60201086820F07000A7
:1092A000049A526910430860FFE7FFE704980078CA
:1092B000C006002819D5FFE70498806944F21C41D4
:1092C000C5F60201096801F4E06188420CD9FFE7A4
:1092D00044F21C41C5F60201086820F4E060049ADB
:1092E000926910430860FFE7FFE704980078800662
:1092F000002819D5FFE70498C06944F22041C5F65B
:109300000201096801F0700188420CD9FFE744F2BC
:109310002041C5F60201086820F07000049AD26965
:1093200010430860FFE7FFE70498007880070028F3
:1093300019D5FFE70498C06844F21841C5F6020148
:10934000096801F00F0188420CD9FFE744F2184187
:10935000C5F60201086820F00F00049AD268104395
:109360000860FFE7FFE704980078C007002800F0D6
:109370008C80FFE744F21841C5F60201086820F42A
:109380007060049A9268104308600498406802284C
:1093900011D1FFE744F20040C5F60200006800F476
:1093A00000310020B0EB514F04D1FFE701208DF8D0
:1093B000170059E13EE004984068032811D1FFE707
:1093C00044F20040C5F60200006800F00071002081
:1093D000B0EB516F04D1FFE701208DF8170043E196
:1093E00027E004984068012811D1FFE744F20040CB
:1093F000C5F60200006800F480710020B0EB112F68
:1094000004D1FFE701208DF817002DE110E044F2B0
:109410000040C5F60200006800F004010020B0EB37
:10942000910F04D1FFE701208DF817001CE1FFE741
:10943000FFE7FFE744F21041C5F60201086820F09B
:109440000700049A526810430860FDF7B9FA0190CA
:10945000FFE744F21040C5F60200006800F0380053
:1094600004994968B0EBC10F0ED0FFE7FDF7A8FAE9
:109470000199401A41F28931884204D3FFE7032061
:109480008DF81700F0E0E4E7FFE704980078800724
:10949000002819D5FFE70498C06844F21841C5F6C2
:1094A0000201096801F00F0188420CD2FFE744F283
:1094B0001841C5F60201086820F00F00049AD2682E
:1094C00010430860FFE7FFE7039842F20001C5F28E
:1094D0000021096801F00F01884216D2FFE742F22D
:1094E0000000C5F20020016821F00F01039A11432A
:1094F0000160006800F00F000399884204D0FFE784
:1095000001208DF81700AFE0FFE7049800784007CE
:10951000002819D5FFE70498006944F21841C5F600
:109520000201096801F0700188420CD2FFE744F2A1
:109530001841C5F60201086820F07000049A12690B
:1095400010430860FFE7FFE7049800780007002851
:1095500019D5FFE70498406944F21C41C5F60201A1
:10956000096801F0700188420CD2FFE744F21C4107
:10957000C5F60201086820F07000049A5269104391
:109580000860FFE7FFE704980078C006002819D5B7
:10959000FFE70498806944F21C41C5F6020109689E
:1095A00001F4E06188420CD2FFE744F21C41C5F6A9
:1095B0000201086820F4E060049A92691043086090
:1095C000FFE7FFE7049800788006002819D5FFE739
:1095D0000498C06944F22041C5F60201096801F00F
:1095E000700188420CD2FFE744F22041C5F6020127
:1095F000086820F07000049AD26910430860FFE701
:10960000FFE700F089F844F21842C5F6020211683B
:10961000C1F3032341F20E71C0F60101CB5C03F0EC
:109620001F03D84000900098126802F00F02895C76
:1096300001F01F01C84040F23001C2F20041086051
:10964000009840F22C01C2F20041086040F248004C
:10965000C2F200400068FDF70BFA8DF80B009DF890
:109660000B008DF81700FFE79DF8170006B080BDCE
:1096700080B582B000F050F844F21842C5F60202FC
:109680001168C1F3032341F20E71C0F60101CB5CF6
:1096900003F01F03D84001900198126802F00F02F6
:1096A000895C01F01F0120FA01F140F23000C2F2A2
:1096B00000400160019940F22C02C2F200421160A8
:1096C000006802B080BD000080B5FFF7D1FF44F212
:1096D0001C41C5F602010968C1F3021241F20E7184
:1096E000C0F60101895C01F01F01C84080BD000087
:1096F00080B5FFF7BDFF44F21C41C5F602010968C1
:10970000C1F3022241F20E71C0F60101895C01F041
:109710001F01C84080BD00008AB044F21040C5F669
:109720000200006800F0380001460191182800F29C
:109730005F810199DFE811F019005C015C015C01B7
:109740005C015C015C015C013A005C015C015C0154
:109750005C015C015C015C0140005C015C015C013E
:109760005C015C015C015C01460044F20040C5F60E
:109770000200006800F020010020B0EB511F0ED065
:10978000FFE744F20040C5F602000068C0F3C101E3
:1097900049F20000C0F2D030C840029005E049F222
:1097A0000000C0F2D0300290FFE727E140F6001041
:1097B000C0F23D00029021E147F64000C0F27D106A
:1097C00002901BE144F22840C5F60200016801F056
:1097D000030108910068C0F30510079044F22C4083
:1097E000C5F60200006800F001000690069844F2F9
:1097F0003441C5F60201096889B2C908484300EE40
:10980000100AB8EE400A8DED040A0798002800F00F
:10981000EB80FFE70898009048B1FFE70098012827
:1098200065D0FFE70098022800F08380A3E044F2AF
:109830000040C5F60200006800F020010020B0EBF7
:10984000511F31D0FFE744F20040C5F60200006826
:10985000C0F3C10149F20000C0F2D030C840059009
:109860009DED050AB8EE400A9DED071AB8EE411AC3
:1098700080EE010A44F23040C5F6020000686FF342
:109880005F2001EE100AB8EE411A9DED042A9FED0B
:109890005E3A02EE031AB7EE002A31EE021A20EE0B
:1098A000010A8DED030A21E09DED070AB8EE401A8A
:1098B0009FED570A80EE010A44F23040C5F60200DF
:1098C00000686FF35F2001EE100AB8EE411A9DEDBB
:1098D000042A9FED4D3A02EE031AB7EE002A31EE4C
:1098E000021A20EE010A8DED030AFFE765E09DED07
:1098F000070AB8EE401A9FED450A80EE010A44F2CD
:109900003040C5F6020000686FF35F2001EE100AD8
:10991000B8EE411A9DED042A9FED3B3A02EE031A80
:10992000B7EE002A31EE021A20EE010A8DED030A8D
:1099300043E09DED070AB8EE401A9FED320A80EE33
:10994000010A44F23040C5F6020000686FF35F2060
:1099500001EE100AB8EE411A9DED042A9FED2A3A55
:1099600002EE031AB7EE002A31EE021A20EE010AC7
:109970008DED030A21E09DED070AB8EE401A9FED38
:10998000230A80EE010A44F23040C5F60200006866
:109990006FF35F2001EE100AB8EE411A9DED042A24
:1099A0009FED193A02EE031AB7EE002A31EE021AC1
:1099B00020EE010A8DED030AFFE744F23040C5F6C0
:1099C0000200006881B2012000EB512009909DED5A
:1099D000030A9DED091AB8EE411A80EE010ABCEEA9
:1099E000C00A8DED020A02E000200290FFE705E0C8
:1099F00040F60010C0F23D000290FFE702980AB066
:109A0000704700BF20BCBE4B000000390024744AE0
:109A10000024744C0000000080B58CB00A900A98B5
:109A200028B9FFE701208DF82F0000F09DBD0A98AE
:109A30000078C007002800F0B980FFE744F210402A
:109A4000C5F60200006800F03800069044F2284095
:109A5000C5F6020000680590069810280AD0FFE7B6
:109A6000069818281CD1FFE7059800F0030002288B
:109A700016D1FFE744F20040C5F60200006800F48A
:109A800000310020B0EB514F09D0FFE70A98406841
:109A900028B9FFE701208DF82F0000F065BD84E0B4
:109AA000FFE70A984068B0F5803F09D1FFE744F22C
:109AB0000041C5F60201086840F48030086032E0D9
:109AC0000A98406868B9FFE744F20041C5F6020110
:109AD000086820F480300860086820F4802008605E
:109AE00020E00A984068B0F5A02F0DD1FFE744F2BE
:109AF0000041C5F60201086840F48020086008684B
:109B000040F4803008600CE044F20041C5F60201E8
:109B1000086820F480300860086820F4802008601D
:109B2000FFE7FFE7FFE7FFE70A984068F0B1FFE7CC
:109B3000FCF746FF0990FFE744F20040C5F602003B
:109B4000006800F400310020B0EB514F0DD1FFE769
:109B5000FCF736FF0999401A652805D3FFE7032073
:109B60008DF82F0000F000BDE6E71DE0FCF728FFB0
:109B70000990FFE744F20040C5F60200006800F4D7
:109B800000310020B0EB514F0DD0FFE7FCF718FF7C
:109B90000999401A652805D3FFE703208DF82F00A7
:109BA00000F0E2BCE6E7FFE7FFE7FFE70A9800788E
:109BB0008007002840F11681FFE744F21040C5F607
:109BC0000200006800F03800049044F22840C5F616
:109BD000020000680390049850B1FFE70498182829
:109BE00078D1FFE79DF80C008007002872D1FFE7CD
:109BF00044F20040C5F60200006800F004010020B5
:109C0000B0EB910F09D0FFE70A98C06828B9FFE7C9
:109C100001208DF82F0000F0A7BC44F20041C5F6EA
:109C20000201086820F019000A9AD26810430860FF
:109C3000FCF7C6FE0990FFE744F20040C5F60200BB
:109C4000006800F004010020B0EB910F0DD1FFE798
:109C5000FCF7B6FE0999401A032805D3FFE7032055
:109C60008DF82F0000F080BCE6E7FFE7FCF7A0FED0
:109C700041F2030188421DD8FFE70A980069402895
:109C80000AD1FFE744F20441C5F602010868202228
:109C900062F3113008600CE044F20441C5F60201A1
:109CA000086820F47C300A9A126940EA02300860A1
:109CB000FFE70CE044F20441C5F60201086820F019
:109CC000FE400A9A126940EA02600860FFE7FFE777
:109CD000FFE786E00A98C06800285CD0FFE744F2FE
:109CE0000041C5F60201086820F019000A9AD268FE
:109CF00010430860FCF764FE0990FFE744F200405F
:109D0000C5F60200006800F004010020B0EB910FDE
:109D10000DD1FFE7FCF754FE0999401A032805D33B
:109D2000FFE703208DF82F0000F01EBCE6E7FFE7F9
:109D3000FCF73EFE41F2030188421DD8FFE70A9876
:109D4000006940280AD1FFE744F20441C5F6020148
:109D50000868202262F3113008600CE044F20441EC
:109D6000C5F60201086820F47C300A9A126940EABC
:109D700002300860FFE70CE044F20441C5F602013E
:109D8000086820F0FE400A9A126940EA0260086002
:109D9000FFE7FFE724E044F20041C5F6020108684E
:109DA00020F001000860FCF70BFE0990FFE744F289
:109DB0000040C5F60200006800F004010020B0EB8E
:109DC000910F0CD0FFE7FCF7FBFD0999401A03281F
:109DD00004D3FFE703208DF82F00C5E3E7E7FFE793
:109DE000FFE7FFE70A980078C006002840F1EB8003
:109DF000FFE744F21040C5F60200006800F03800AA
:109E0000029044F22840C5F60200006801900298D2
:109E100008280AD0FFE70298182850D1FFE70198D8
:109E200000F0030001284AD1FFE744F20040C5F6E4
:109E30000200006800F480710020B0EB112F09D0FF
:109E4000FFE70A98C069802804D0FFE701208DF859
:109E50002F0089E3FFE7FCF7ABFD41F203018842E5
:109E60001DD8FFE70A98006A20280AD1FFE744F2CC
:109E70000441C5F602010868102262F39E60086082
:109E80000CE044F20441C5F60201086820F0F840F5
:109E90000A9A126A40EA82600860FFE70CE044F226
:109EA0000C41C5F60201086820F07C500A9A126A3B
:109EB00040EA02600860FFE7FFE7FFE782E00A98F8
:109EC000C069002858D0FFE744F20041C5F60201FE
:109ED000086840F080000860FCF772FD0990FFE719
:109EE00044F20040C5F60200006800F480710020D2
:109EF000B0EB112F0CD1FFE7FCF762FD0999401A76
:109F0000032804D3FFE703208DF82F002CE3E7E7B5
:109F1000FFE7FCF74DFD41F2030188421DD8FFE742
:109F20000A98006A20280AD1FFE744F20441C5F6E6
:109F300002010868102262F39E6008600CE044F29F
:109F40000441C5F60201086820F0F8400A9A126A36
:109F500040EA82600860FFE70CE044F20C41C5F67D
:109F60000201086820F07C500A9A126A40EA0260F6
:109F70000860FFE7FFE724E044F20041C5F6020174
:109F8000086820F080000860FCF71AFD0990FFE7E0
:109F900044F20040C5F60200006800F48071002021
:109FA000B0EB112F0CD0FFE7FCF70AFD0999401A1E
:109FB000032804D3FFE703208DF82F00D4E2E7E75E
:109FC000FFE7FFE7FFE70A980078000700284FD572
:109FD000FFE70A98406928B3FFE744F27441C5F6E9
:109FE0000201086840F001000860FCF7E9FC0990F4
:109FF000FFE744F27440C5F60200006800F0020179
:10A000000020B0EB510F0CD1FFE7FCF7D9FC099908
:10A01000401A032804D3FFE703208DF82F00A3E2A2
:10A02000E7E724E044F27441C5F60201086820F035
:10A0300001000860FCF7C4FC0990FFE744F274409B
:10A04000C5F60200006800F002010020B0EB510FDD
:10A050000CD0FFE7FCF7B4FC0999401A032804D39D
:10A06000FFE703208DF82F007EE2E7E7FFE7FFE739
:10A070000A980078800600284FD5FFE70A98806983
:10A0800028B3FFE744F20041C5F60201086840F436
:10A0900080500860FCF794FC0990FFE744F2004010
:10A0A000C5F60200006800F400510020B0EB513FFB
:10A0B0000CD1FFE7FCF784FC0999401A032804D36C
:10A0C000FFE703208DF82F004EE2E7E724E044F29B
:10A0D0000041C5F60201086820F480500860FCF7D2
:10A0E0006FFC0990FFE744F20040C5F602000068EB
:10A0F00000F400510020B0EB513F0CD0FFE7FCF71B
:10A100005FFC0999401A032804D3FFE703208DF868
:10A110002F0029E2E7E7FFE7FFE70A98007840070A
:10A12000002840F1A780FFE744F60001C5F60201D0
:10A13000086840F480700860FCF742FC0990FFE773
:10A1400044F60000C5F602000068C00500280CD4E3
:10A15000FFE7FCF735FC0999401A652804D3FFE7AF
:10A1600003208DF82F00FFE1EAE7FFE70A988068F7
:10A17000012809D1FFE744F27041C5F602010868E1
:10A1800040F00100086031E00A98806868B9FFE794
:10A1900044F27041C5F60201086820F00100086031
:10A1A000086820F0040008601FE00A98806805280D
:10A1B0000DD1FFE744F27041C5F60201086840F096
:10A1C00004000860086840F0010008600CE044F2F8
:10A1D0007041C5F60201086820F0010008600868B7
:10A1E00020F004000860FFE7FFE7FFE7FFE70A98B9
:10A1F0008068F8B1FFE7FCF7E3FB0990FFE744F262
:10A200007040C5F60200006800F002010020B0EBCB
:10A21000510F0ED1FFE7FCF7D3FB0999401A41F229
:10A220008931884204D3FFE703208DF82F009BE19A
:10A23000E5E71EE0FCF7C4FB0990FFE744F270403D
:10A24000C5F60200006800F002010020B0EB510FDB
:10A250000ED0FFE7FCF7B4FB0999401A41F28931AF
:10A26000884204D3FFE703208DF82F007CE1E5E767
:10A27000FFE7FFE70A98406A002800F07181FFE7D6
:10A2800044F21040C5F60200006800F038001828BB
:10A2900000F0E080FFE70A98406A022840F0B480AE
:10A2A000FFE744F20041C5F60201086820F0807023
:10A2B0000860FCF785FB0990FFE744F20040C5F613
:10A2C0000200006800F000710020B0EB516F0CD06C
:10A2D000FFE7FCF775FB0999401A032804D3FFE751
:10A2E00003208DF82F003FE1E7E7FFE744F2284124
:10A2F000C5F60201086840F2F33290430A9B9A6A5D
:10A30000DB6A42EA0312104308600A99086BD1F82D
:10A3100034C08B6BCA6B01386FF35F204FF600615E
:10A32000CFF6FF7101EB4C2189B208440021CFF632
:10A33000FF7101EB034101F4FE0108444FF07F413E
:10A3400001EB026101F0FE41084444F23041C5F6E0
:10A3500002010860FFE744F22C41C5F602010091BA
:10A36000086820F00100086044F23442C5F6020299
:10A3700010684FF6F87398430A9B9B6C40EAC30041
:10A380001060086820F00C000A9A126C10430860F4
:10A39000086820F002000A9A526C104308600868AE
:10A3A00040F480300860086840F4003008600868B5
:10A3B00040F480200860086840F00100086044F222
:10A3C0000041C5F60201086840F080700860FCF7A3
:10A3D000F7FA0990FFE744F20040C5F60200006872
:10A3E00000F000710020B0EB516F0CD1FFE7FCF7DB
:10A3F000E7FA0999401A032804D3FFE703208DF8F0
:10A400002F00B1E0E7E724E044F20041C5F6020185
:10A41000086820F080700860FCF7D2FA0990FFE726
:10A4200044F20040C5F60200006800F00071002010
:10A43000B0EB516F0CD0FFE7FCF7C2FA0999401A54
:10A44000032804D3FFE703208DF82F008CE0E7E713
:10A45000FFE784E044F22840C5F602000068089057
:10A4600044F23040C5F60200006807900A98406A3E
:10A47000012837D0FFE7089800F003000A99896A9D
:10A4800088422FD1FFE7089800F47C710A98C06ACF
:10A49000B0EB111F26D1FFE707986FF35F200A99F1
:10A4A000096B013988421DD1FFE7BDF81C100A98DD
:10A4B000406B0138B0EB512F14D1FFE7079800F43F
:10A4C000FE010A98806B0138B0EB114F0AD1FFE70B
:10A4D000079800F0FE410A98C06B0138B0EB116F8D
:10A4E00004D0FFE701208DF82F003DE044F2344016
:10A4F000C5F60200006880B2C00808900A98806C17
:10A500000899884229D0FFE744F22C41C5F60201A0
:10A51000086820F001000860FCF752FA0990FFE794
:10A52000FCF74EFA0999401A08B9FFE7F8E744F238
:10A530003441C5F6020108684FF6F87290430A9A52
:10A54000926C40EAC200086044F22C41C5F6020158
:10A55000086840F001000860FFE7FFE7FFE7FFE75A
:10A5600000208DF82F00FFE79DF82F000CB080BD74
:10A5700080B586B00490049820B9FFE701208DF8DB
:10A5800017003AE10498406A08B9FFE7FFE7049929
:10A59000002088620498006843F20001C4F20101BF
:10A5A00088421BD0FFE70498006843F60001C4F21C
:10A5B0000001884212D0FFE70498006843F600418A
:10A5C000C4F20001884209D0FFE70498C06810284F
:10A5D00004D3FFE701208DF817000EE1049803F083
:10A5E0000FF902900498006843F20001C4F20101DF
:10A5F000884216D0FFE70498006843F60001C4F2D1
:10A60000000188420DD0FFE70498006843F600413E
:10A61000C4F20001884204D0FFE7029808281FD83E
:10A62000FFE70498006843F20001C4F20101884288
:10A6300012D0FFE70498006843F60001C4F200015D
:10A64000884209D0FFE70498006843F60041C4F24D
:10A650000001884208D1FFE70298112804D3FFE7E0
:10A6600001208DF81700C8E0049890F8810040B9E7
:10A67000FFE70499002081F88000049800F0C4F8F6
:10A68000FFE70499022081F88100049801680868B6
:10A6900020F00100086004980068806800F4F81059
:10A6A000039004988069B0F1806F1BD1FFE7049894
:10A6B0004068B0F5800F04D1FFE70498806B50B17B
:10A6C000FFE70498406868B9FFE70498806BB0F131
:10A6D000805F07D1FFE704980168086840F4805064
:10A6E0000860FFE7049880794006002810D5FFE74E
:10A6F0000498C06807280BD3FFE704980068006837
:10A7000020F48070049A1168126D1043086006E00E
:10A7100004980168086820F480700860FFE7049BD3
:10A720001968DA68D869D3F828C040EA0C00DDF867
:10A730000CC040EA0C00DB6B184310438860049A9D
:10A740000192506B516A0843916B08439169084329
:10A750001168D2F804C09368D2F810E040EA0E0005
:10A76000D2F814E040EA0E00D2F820E040EA0E00F1
:10A7700040EA0C00D2F84CC040EA0C001843936C3D
:10A780001843926D1043C8600498406898B9FFE779
:10A79000049800688068012161F3CC20049909685D
:10A7A0008860049800688068022161F34A20049957
:10A7B00009688860FFE704980168086D20F00100CF
:10A7C000086504988079400600280BD5FFE70498B7
:10A7D0000068C06820F00040049A1168526D104370
:10A7E000C860FFE704990020C1F88400049A0121A1
:10A7F00082F881108DF81700FFE79DF8170006B06A
:10A8000080BD00000000000080B594B013900020CF
:10A810001290119010900F900E901398006843F6CC
:10A820000001C4F20001884254D1FFE7FFE744F27F
:10A83000E840C5F60200016841F48041016000680B
:10A8400000F480400D900D98FFE7FFE744F2E040F0
:10A85000C5F60200016841F004010160006800F0E3
:10A8600004000C900C98FFE7FFE744F2E040C5F6C7
:10A870000200016841F002010160006800F002007E
:10A880000B900B98FFE706200E90022004900F908B
:10A89000002005901090119005200690129040F62F
:10A8A0000000C5F602000EA90791FBF785FE049B88
:10A8B000059A069807994FF4806CCDF838C00F932D
:10A8C00010921192129040F20040C5F60200FBF780
:10A8D00073FE5BE01398006843F60041C4F2000188
:10A8E000884252D1FFE7FFE744F2E840C5F6020094
:10A8F000016841F400410160006800F400400A90E2
:10A900000A98FFE7FFE744F2E040C5F6020001685D
:10A9100041F002010160006800F00200099009980E
:10A92000FFE7FFE744F2E040C5F60200016841F0AE
:10A9300004010160006800F0040008900898FFE737
:10A9400004200E90022001900F90002002901090A1
:10A9500011900720129040F20040C5F602000EA9A7
:10A960000391FBF729FE019A029803994FF4406383
:10A970000E930F92109011900620129040F6000056
:10A98000C5F60200FBF718FEFFE7FFE714B080BD35
:10A9900080B588B006900591ADF812200393069813
:10A9A000006820300290FCF70BF80190069890F8B0
:10A9B0008100012804D0FFE702208DF81F00D5E1B7
:10A9C000059820B1FFE7BDF8120020B9FFE701208C
:10A9D0008DF81F00CAE1FFE7069890F88000012873
:10A9E00004D1FFE702208DF81F00BFE10699012086
:10A9F00081F88000FFE7FFE70699032081F88100D6
:10AA000006990020C1F884000599069AD165BDF821
:10AA10001210069AA2F86010BDF81210069AA2F859
:10AA20006210069948660699A1F868000699A1F88F
:10AA30006A00069948670699086706988068B0F525
:10AA4000C02F07D1FFE706980168086840F400604E
:10AA5000086009E006980068C068012161F352406F
:10AA600006990968C860FFE70698006840684FF6D5
:10AA7000FF718843BDF812100844069909684860C0
:10AA800006980168086840F0010008600698406870
:10AA9000B0F5800F07D1FFE706980168086840F419
:10AAA00000700860FFE70698C068102848D3FFE7E9
:10AAB000FFE70698B0F86200002840D0FFE706984C
:10AAC000006840698007002810D5FFE706980168F4
:10AAD000C06D006808620699C86D0430C8650699A3
:10AAE000B1F862000138A1F8620027E0FBF768FFC7
:10AAF0000199401A0399884204D3FFE70398013073
:10AB000018B9FFE70398C0B9FFE7069802F0ECFD1B
:10AB10000699D1F8840040F48070C1F88400069949
:10AB2000012081F88100FFE70699002081F880006C
:10AB3000FFE703208DF81F0018E1FFE7B9E7E8E021
:10AB40000698C068082863D3FFE7FFE70698B0F8C7
:10AB5000620000285BD0FFE7069800684069800724
:10AB600000282BD5FFE70698B0F86200022814D31E
:10AB7000FFE70698C06B80B1FFE706980168C06DDB
:10AB8000006808620699C86D0430C8650699B1F876
:10AB900062000238A1F862000FE00698C06D0088DC
:10ABA000029908800699C86D0230C8650699B1F807
:10ABB00062000138A1F86200FFE727E0FBF700FF21
:10ABC0000199401A0399884204D3FFE703980130A2
:10ABD00018B9FFE70398C0B9FFE7069802F084FDB3
:10ABE0000699D1F8840040F48070C1F88400069979
:10ABF000012081F88100FFE70699002081F880009C
:10AC0000FFE703208DF81F00B0E0FFE79EE77FE03D
:10AC1000FFE70698B0F86200002878D0FFE70698B2
:10AC2000006840698007002848D5FFE70698B0F81B
:10AC30006200042815D3FFE70698C06B412810D3A3
:10AC4000FFE706980168C06D006808620699C86D44
:10AC50000430C8650699B1F862000438A1F86200B2
:10AC60002BE00698B0F86200022814D3FFE706989C
:10AC7000C06B80B1FFE70698C06D0088029908801C
:10AC80000699C86D0230C8650699B1F862000238AD
:10AC9000A1F8620010E006980168C06D007881F8A4
:10ACA00020000699C86D0130C8650699B1F86200A8
:10ACB0000138A1F86200FFE7FFE727E0FBF780FE1D
:10ACC0000199401A0399884204D3FFE703980130A1
:10ACD00018B9FFE70398C0B9FFE7069802F004FD32
:10ACE0000699D1F8840040F48070C1F88400069978
:10ACF000012081F88100FFE70699002081F880009B
:10AD0000FFE703208DF81F0030E0FFE781E7FFE752
:10AD1000FFE70698039B01996A461160082100220B
:10AD200002F086FD40B1FFE70699D1F8840040F0BB
:10AD30002000C1F88400FFE7069802F0D5FC0699D0
:10AD4000012081F88100FFE70699002081F880004A
:10AD5000FFE70698D0F8840020B1FFE701208DF8C6
:10AD60001F0003E000208DF81F00FFE79DF81F0083
:10AD700008B080BD0000000080B582B0019001984D
:10AD800002F08EFD02B080BD81B0009001B070472E
:10AD900081B0009001B0704781B0009001B0704761
:10ADA00085B003900291FFE7039890F83C000128DA
:10ADB00004D1FFE702208DF8130099E003990120E8
:10ADC00081F83C00FFE7FFE70399022081F83D008E
:10ADD00003980068406801900398006880680090BC
:10ADE000039800680021C4F20101884209D0FFE7FE
:10ADF0000398006840F20041C4F2010188420AD180
:10AE0000FFE7019820F470000190029841680198D2
:10AE100008430190FFE7019820F07000019002982C
:10AE200001680198084301900198039909684860F6
:10AE3000039800680021C4F2010188423CD0FFE77A
:10AE400003980068B0F1804F36D0FFE703980068A0
:10AE500040F20041C4F2000188422DD0FFE7039880
:10AE6000006840F60001C4F20001884224D0FFE7E8
:10AE70000398006840F60041C4F2000188421BD0EC
:10AE8000FFE70398006840F20041C4F201018842E4
:10AE900012D0FFE70398006841F60001C4F20001F8
:10AEA000884209D0FFE70398006844F20001C4F229
:10AEB000010188420ED1FFE7009820F08000009049
:10AEC00002988168009808430090009803990968E7
:10AED0008860FFE70399012081F83D00FFE70399AF
:10AEE000002081F83C00FFE700208DF81300FFE709
:10AEF0009DF8130005B0704780B582B000900098AF
:10AF000020B9FFE701208DF8070045E0009890F890
:10AF10003D0040B9FFE70099002081F83C0000980F
:10AF200000F03EF8FFE70099022081F83D0000990B
:10AF300051F8040B02F038FE0099012081F8480016
:10AF4000FFE70099012081F83E00009981F83F0059
:10AF5000009981F84000009981F84100009981F83A
:10AF60004200009981F84300FFE7FFE700990120C4
:10AF700081F84400009981F84500009981F8460065
:10AF8000009981F84700FFE70099012081F83D0012
:10AF900000208DF80700FFE79DF8070002B080BD94
:10AFA00080B588B007900798006840F20041C4F26D
:10AFB0000001884219D1FFE7FFE744F2E840C5F6F7
:10AFC0000200016841F002010160006800F0020027
:10AFD00006900698FFE71D20039000221146FBF71C
:10AFE00017FE0398FBF708FE45E00798006840F657
:10AFF0000001C4F20001884219D1FFE7FFE744F2E3
:10B00000E840C5F60200016841F0040101600068F3
:10B0100000F0040005900598FFE71E200290002232
:10B020001146FBF7F5FD0298FBF7E6FD22E00798D5
:10B03000006840F60041C4F20001884219D1FFE7E0
:10B04000FFE744F2E840C5F60200016841F008015C
:10B050000160006800F0080004900498FFE73220C7
:10B06000019000221146FBF7D3FD0198FBF7C4FDC8
:10B07000FFE7FFE7FFE708B080BD00000000000029
:10B0800083B00190019890F83D00012804D0FFE7BB
:10B0900001208DF80B006BE00199022081F83D0042
:10B0A000019800680021C4F2010188423CD0FFE70A
:10B0B00001980068B0F1804F36D0FFE70198006832
:10B0C00040F20041C4F2000188422DD0FFE7019810
:10B0D000006840F60001C4F20001884224D0FFE776
:10B0E0000198006840F60041C4F2000188421BD07C
:10B0F000FFE70198006840F20041C4F20101884274
:10B1000012D0FFE70198006841F60001C4F2000187
:10B11000884209D0FFE70198006844F20001C4F2B8
:10B120000101884219D1FFE7019800688068072172
:10B13000C0F2010108400090009806280CD0FFE7FB
:10B140000098B0F5803F07D0FFE7019801680868D4
:10B1500040F001000860FFE706E001980168086818
:10B1600040F001000860FFE700208DF80B00FFE7CA
:10B170009DF80B0003B0704781B00090FFE7009886
:10B180000068006A41F21111084210D1FFE70098EF
:10B190000068006A40F24441084207D1FFE7009886
:10B1A0000168086820F001000860FFE7FFE7FFE79B
:10B1B0000099012081F83D00002001B07047000097
:10B1C00080B586B00490039100208DF80B00FFE756
:10B1D000049890F83C00012804D1FFE702208DF884
:10B1E0001700D1E00499012081F83C00FFE7FFE758
:10B1F0000499022081F83D0004980068806801905D
:10B2000001984FF68871CFF6CE71084001900198F1
:10B2100020F47F40019001980499096888600398A0
:10B2200000680090002800F09580FFE70098102843
:10B2300000F09080FFE70098202800F08B80FFE767
:10B240000098302800F08680FFE70098402874D0EE
:10B25000FFE70098502856D0FFE7009860285FD09D
:10B26000FFE7009870282AD0FFE70098B0F5805FCC
:10B2700024D0FFE70098B0F5005F35D0FFE70098D5
:10B28000B0F5801F66D0FFE70098B0F1101F61D0C5
:10B29000FFE700982021C0F2100188425AD0FFE752
:10B2A00000983021C0F21001884253D0FFE7009887
:10B2B0004021C0F2100188424CD052E055E0049881
:10B2C0000068039B5A689968DB6802F041FD0498A6
:10B2D000006880680190019840F077000190019823
:10B2E00004990968886040E004980068039B5A68E4
:10B2F0009968DB6802F02CFD04980168886840F4C6
:10B300008040886031E004980068039A5168D268F0
:10B3100002F052FD04980068502102F035FD24E04F
:10B3200004980068039A5168D26802F06DFD049891
:10B330000068602102F028FD17E004980068039A75
:10B340005168D26802F038FD04980068402102F08C
:10B350001BFD0AE0049800680399096802F014FDD7
:10B3600003E001208DF80B00FFE70499012081F82C
:10B370003D00FFE70499002081F83C00FFE79DF8BD
:10B380000B008DF81700FFE79DF8170006B080BD91
:10B3900081B0009001B0704780B584B003900398ED
:10B3A0000068C068029003980068006901909DF8E9
:10B3B00004008007002824D5FFE79DF808008007D7
:10B3C00000281DD5FFE7039801686FF002000861AF
:10B3D000039901200877039800688069800720B1ED
:10B3E000FFE70398FFF7D4FF06E0039800F0FCF8AE
:10B3F000039800F0FDF8FFE7039900200877FFE7C6
:10B40000FFE79DF804004007002825D5FFE79DF8D9
:10B410000800400700281ED5FFE7039801686FF079
:10B420000400086103990220087703980068806986
:10B4300010F4407F04D0FFE70398FFF7A9FF06E070
:10B44000039800F0D1F8039800F0D2F8FFE70399D1
:10B4500000200877FFE7FFE79DF8040000070028B9
:10B4600024D5FFE79DF80800000700281DD5FFE759
:10B47000039801686FF008000861039904200877B9
:10B4800003980068C069800720B1FFE70398FFF7C1
:10B490007FFF06E0039800F0A7F8039800F0A8F8F3
:10B4A000FFE7039900200877FFE7FFE79DF8040016
:10B4B000C006002825D5FFE79DF80800C006002833
:10B4C0001ED5FFE7039801686FF01000086103992B
:10B4D0000820087703980068C06910F4407F04D002
:10B4E000FFE70398FFF754FF06E0039800F07CF8AD
:10B4F000039800F07DF8FFE7039900200877FFE745
:10B50000FFE79DF80400C00778B1FFE79DF8080049
:10B51000C00748B1FFE7039801686FF001000861B8
:10B52000039800F069F8FFE7FFE7019800F080005A
:10B53000802806D0FFE79DF805008006002810D57A
:10B54000FFE79DF808000006002809D5FFE70398EB
:10B5500001686FF4025008610398FFF719FCFFE7D8
:10B56000FFE79DF80500C00780B1FFE79DF80800E0
:10B570000006002809D5FFE7039801686FF4807082
:10B5800008610398FFF700FCFFE7FFE79DF8040060
:10B590004006002810D5FFE79DF808004006002867
:10B5A00009D5FFE7039801686FF040000861039830
:10B5B00000F03AF8FFE7FFE79DF804008006002856
:10B5C00010D5FFE79DF808008006002809D5FFE7A1
:10B5D000039801686FF0200008610398FFF7DCFB17
:10B5E000FFE7FFE704B080BD81B0009001B0704775
:10B5F00081B0009001B0704781B00090009848F28F
:10B60000C841C2F20041884201D1FFE7FFE700983C
:10B6100048F26051C2F20041884201D1FFE7FFE7E2
:10B6200001B070470000000081B0009001B0704789
:10B6300083B00190FFE7019890F88400012804D1BD
:10B64000FFE702208DF80B002CE00199012081F822
:10B650008400FFE7FFE701992420C1F888000198E2
:10B6600000680068009001980168086820F00100F7
:10B670000860009820F00050009001990020486672
:10B68000009801990968086001992020C1F8880094
:10B69000FFE70199002081F88400FFE700208DF882
:10B6A0000B00FFE79DF80B0003B07047000000009F
:10B6B00082B00190ADF8021002B0704700000000A7
:10B6C00081B0009001B0704780B584B002900191C4
:10B6D000FFE7029890F88400012804D1FFE70220D8
:10B6E0008DF80F0032E00299012081F88400FFE715
:10B6F000FFE702992420C1F88800029800680068DA
:10B70000009002980168086820F001000860029823
:10B710000068806820F06060019908430299096818
:10B720008860029802F09CFB009802990968086002
:10B7300002992020C1F88800FFE70299002081F8D3
:10B740008400FFE700208DF80F00FFE79DF80F0051
:10B7500004B080BD0000000080B584B0029001916B
:10B76000FFE7029890F88400012804D1FFE7022047
:10B770008DF80F0032E00299012081F88400FFE784
:10B78000FFE702992420C1F8880002980068006849
:10B79000009002980168086820F001000860029893
:10B7A0000068806820F060400199084302990968A8
:10B7B0008860029802F054FB0098029909680860BA
:10B7C00002992020C1F88800FFE70299002081F843
:10B7D0008400FFE700208DF80F00FFE79DF80F00C1
:10B7E00004B080BD0000000081B0009001B070473F
:10B7F00081B0009001B0704781B0009001B07047F7
:10B8000080B592B0119011980068C069109011989D
:10B81000006800680F901198006880680E9010987A
:10B8200040F60F0108400D900D98E0B9FFE79DF834
:10B8300040008006002815D5FFE79DF83C008006F3
:10B84000002806D4FFE79DF83B00C006002809D574
:10B85000FFE71198406F20B1FFE71198416F8847CB
:10B86000FFE74AE3FFE70D98002800F00C81FFE7AF
:10B870000E980121C1F20001084209D1FFE70F989B
:10B8800040F22011C0F20041084200F0FC80FFE7C6
:10B890009DF84000C00788B1FFE79DF83D00C00754
:10B8A00060B1FFE711980168012008621199D1F891
:10B8B000900040F00100C1F89000FFE79DF84000C3
:10B8C0008007002811D5FFE79DF83800C00760B158
:10B8D000FFE711980168022008621199D1F89000E1
:10B8E00040F00400C1F89000FFE79DF840004007D9
:10B8F000002811D5FFE79DF83800C00760B1FFE7C9
:10B9000011980168042008621199D1F8900040F064
:10B910000200C1F89000FFE79DF8400000070028F2
:10B9200019D5FFE79DF83C008006002807D4FFE703
:10B930000E980121C1F2000108420CD0FFE71198D6
:10B940000168082008621199D1F8900040F00800C1
:10B95000C1F89000FFE79DF841000007002813D5CB
:10B96000FFE79DF83F00400700280DD5FFE711983D
:10B9700001684FF4006008621199D1F8900040F01E
:10B980002000C1F89000FFE71198D0F8900000283F
:10B9900078D0FFE79DF840008006002815D5FFE726
:10B9A0009DF83C008006002806D4FFE79DF83B0088
:10B9B000C006002809D5FFE71198406F20B1FFE7C6
:10B9C0001198416F8847FFE7FFE71198D0F8900082
:10B9D0000C9011980068806800F04000402806D064
:10B9E000FFE79DF8300010F0280F42D0FFE71198D4
:10B9F00002F0D2FB1198006880684006002833D519
:10BA0000FFE7FFE7FFE71198006850E8020F20F01A
:10BA100040000B90FFE70B991198026842E8021072
:10BA20000028F0D1FFE7FFE71198D0F88000B0B10F
:10BA3000FFE71198D0F880104EF27910C0F60000A0
:10BA400008651198D0F88000F8F746F930B1FFE7A3
:10BA50001198D0F88000016D8847FFE703E0119846
:10BA6000FFF7CAFEFFE703E01198FFF7C5FEFFE707
:10BA700007E01198FFF7C0FE11990020C1F890006F
:10BA8000FFE7FFE739E21198C06E012840F0D68148
:10BA9000FFE79DF84000C006002840F1CF81FFE796
:10BAA0009DF83C00C006002840F1C881FFE71198CE
:10BAB000016810200862119800688068400600281C
:10BAC00040F15A81FFE71198D0F8800000681021FA
:10BAD000C4F20201884200F0A280FFE71198D0F87A
:10BAE000800000682821C4F20201884200F097809B
:10BAF000FFE71198D0F8800000684021C4F20201ED
:10BB0000884200F08C80FFE71198D0F88000006830
:10BB10005821C4F20201884200F08180FFE71198A9
:10BB2000D0F8800000687021C4F20201884276D00B
:10BB3000FFE71198D0F8800000688821C4F2020164
:10BB400088426CD0FFE71198D0F880000068A021EF
:10BB5000C4F20201884262D0FFE71198D0F8800059
:10BB60000068B821C4F20201884258D0FFE711985A
:10BB7000D0F88000006840F21041C4F2020188420F
:10BB80004DD0FFE71198D0F88000006840F22841BE
:10BB9000C4F20201884242D0FFE71198D0F8800039
:10BBA000006840F24041C4F20201884237D0FFE70A
:10BBB0001198D0F88000006840F25841C4F20201A8
:10BBC00088422CD0FFE71198D0F88000006840F23E
:10BBD0007041C4F20201884221D0FFE71198D0F8E9
:10BBE0008000006840F28841C4F20201884216D009
:10BBF000FFE71198D0F88000006840F2A041C4F23D
:10BC0000020188420BD0FFE71198D0F8800000684D
:10BC100040F2B841C4F20201884207D1FFE711980F
:10BC2000D0F8800000684068019006E01198D0F8D4
:10BC30008000006840680190FFE70198ADF82A0095
:10BC4000BDF82A0000287BD0FFE7BDF82A00119933
:10BC5000B1F85C10884273DAFFE7BDF82A00119949
:10BC6000A1F85E001198D0F88000C069B0F5807F1F
:10BC700059D0FFE7FFE7FFE71198006850E8000F91
:10BC800020F480700990FFE709991198026842E852
:10BC900000100028F0D1FFE7FFE7FFE7FFE711986A
:10BCA000006850E8020F20F001000890FFE70899B3
:10BCB0001198026842E802100028F0D1FFE7FFE780
:10BCC000FFE7FFE71198006850E8020F20F04000FE
:10BCD0000790FFE707991198026842E802100028D0
:10BCE000F0D1FFE7FFE711992020C1F88C001199EE
:10BCF0000020C866FFE7FFE71198006850E8000FD2
:10BD000020F010000690FFE706991198026842E8BB
:10BD100000100028F0D1FFE7FFE71198D0F880006D
:10BD2000F7F71EFBFFE71199022008671198B0F89A
:10BD30005C10B0F85E20891A89B2FFF7B9FC1AE0EE
:10BD4000BDF82A001199B1F85C10884212D1FFE7C2
:10BD50001198D0F88000C069B0F5807F09D1FFE765
:10BD60001199022008671198B0F85C10FFF7A0FC49
:10BD7000FFE7FFE7FFE7C0E01199B1F85C00B1F819
:10BD80005E10401AADF816001198B0F85E00002859
:10BD900053D0FFE7BDF8160000284ED0FFE7FFE7BD
:10BDA000FFE71198006850E8000F20F490700490AD
:10BDB000FFE704991198026842E800100028F0D1CA
:10BDC000FFE7FFE7FFE7FFE71198006850E8020F81
:10BDD0004FF6FE71CEF6FF7108400390FFE703991E
:10BDE0001198026842E802100028EDD1FFE7FFE752
:10BDF00011992020C1F88C0011990020C866119972
:10BE00004867FFE7FFE71198006850E8000F20F04F
:10BE100010000290FFE702991198026842E80010B2
:10BE20000028F0D1FFE7FFE7119902200867119879
:10BE3000BDF81610FFF73CFCFFE75EE09DF84200FE
:10BE4000C00600280FD5FFE79DF83A0040060028FD
:10BE500009D5FFE7119801684FF480100862119826
:10BE6000FFF7C6FC49E09DF840000006002815D504
:10BE7000FFE79DF83C000006002806D4FFE79DF888
:10BE80003A000006002809D5FFE71198806F20B11D
:10BE9000FFE71198816F8847FFE72EE09DF840008B
:10BEA000400600280AD5FFE79DF83C004006002820
:10BEB00004D5FFE7119802F0BFF91EE09DF842009B
:10BEC000000600280AD5FFE79DF83F00400600283D
:10BED00004D5FFE71198FFF787FC0EE09DF84300BB
:10BEE000C00750B1FFE79DF83F000006002804D5C9
:10BEF000FFE71198FFF7E4FBFFE712B080BD0000F9
:10BF000080B582B00090009820B9FFE701208DF83D
:10BF1000070046E00098806908B1FFE700E0FFE70E
:10BF20000098D0F8880040B9FFE70099002081F818
:10BF30008400009800F03CF8FFE700992420C1F845
:10BF4000880000980168086820F0010008600098E7
:10BF5000806A20B1FFE7009801F0C6FFFFE7009874
:10BF600002F08EF9012804D1FFE701208DF80700C7
:10BF700017E000980168486820F4904048600098F5
:10BF80000168886820F02A008860009801680868C5
:10BF900040F001000860009802F04AF88DF80700B0
:10BFA000FFE79DF8070002B080BD00000000000020
:10BFB00080B5BCB03B9000203A90399038903790D3
:10BFC000369006A8C021F4F769FA3B98006841F260
:10BFD0000001C4F20101884271D1FFE700200790FF
:10BFE00001210691259006A8FCF7A6F818B1FFE7F5
:10BFF000F5F7D2FCFFE7FFE744F2F040C5F6020098
:10C00000016841F010010160006800F01000059027
:10C010000598FFE7FFE744F2E040C5F6020001683B
:10C0200041F002010160006800F0020004900498F1
:10C03000FFE74FF4404036900220379000200290F6
:10C040003890399004203A9040F20040C5F6020042
:10C0500036A9FAF7B1FA029948F24030C2F200402C
:10C0600003904022C4F2020202602A22426040226F
:10C070008260C1604FF48062026141618161C1618F
:10C080004FF4803202624162F9F75EFA18B1FFE7BD
:10C09000F5F782FCFFE7FFE73B9848F24031C2F238
:10C0A0000041C1673B988863FFE72520019000228B
:10C0B0001146FAF7ADFD0198FAF79EFDFFE73CB097
:10C0C00080BD00000000000081B0009001B070470A
:10C0D000FFE7FEE70000000081B000900098806854
:10C0E0004FF6C071C7F6FF710840023000998860B2
:10C0F00001B070470000000081B00090009988688E
:10C100004FF6C072C5F6FF721040886001B07047EC
:10C1100081B00090009880684FF6C071C7F6FF713B
:10C12000084001300099886001B0704700000000AD
:10C1300081B000900098806840F080504FF6C07148
:10C14000C7F6FF7108400099886001B07047000091
:10C1500081B000900098806800F0E07001B07047F6
:10C1600081B000900098806800F4404001B07047B2
:10C1700081B000900098806800F01F0001B0704707
:10C1800081B0009000988068C0F3C00001B0704793
:10C1900081B000900098C06C00F4C070B0FA80F0DC
:10C1A000400901B07047000081B00090009880689D
:10C1B0004FF6C071C7F6FF710840203000998860C3
:10C1C00001B070470000000081B0009000988068C6
:10C1D000C0F3407001B0704781B000900098806853
:10C1E000C0F3400001B0704781B0009000988068B3
:10C1F00000F0010001B0704781B0009000988068A5
:10C2000000F0010001B0704781B000900098806894
:10C21000C0F3007001B0704781B000900098806852
:10C22000C0F3800001B0704781B000900098806832
:10C23000C0F3800001B0704781B000900098C068E2
:10C2400000F44060B0FA80F0400901B0704700008F
:10C2500082B0019000910198C06820F0030000991D
:10C2600008430199C86002B0704700000000000058
:10C2700084B00390029101920398029901F44071F5
:10C2800000EB91103030009000980068029901F0A6
:10C290001F021F21914088430199C1F3846191409D
:10C2A00008430099086004B07047000000000000D7
:10C2B00081B00090009880684FF6C071C7F6FF719A
:10C2C000084004300099886001B070470000000009
:10C2D00081B00090009880684FF6C071C7F6FF717A
:10C2E000084010300099886001B0704700000000DD
:10C2F00085B0029001910198000328B9FFE70198E9
:10C30000C0F38460009014E0019890FAA0F00390CC
:10C31000039820B9FFE720208DF8130005E003986B
:10C32000B0FA80F08DF81300FFE79DF8130000903D
:10C33000FFE7009800F01F01012000FA01F20299C6
:10C34000C8691043C86105B07047000000000000D4
:10C3500084B00390029101920398029901F0007158
:10C3600000EBD15014300090009800680299C1F39E
:10C370000452072191408843019991400843009954
:10C38000086004B07047000083B0029001910092F1
:10C390000298D0F8C00001996FF31F518843009AAA
:10C3A00002F018034FF6FF72C0F20F02DA4011409C
:10C3B00008440299C1F8C00003B0704700000000B3
:10C3C00082B0019000910198806820F47C1000995F
:10C3D00008430199886002B0704700000000000027
:10C3E00082B0019000910198806820F0E07000997F
:10C3F00008430199886002B0704700000000000007
:10C4000083B00290019100920298006920F4F040FC
:10C410000099019A02F01F029140084302990861B5
:10C4200003B070470000000085B0049003910292B1
:10C4300001930498039900EB81006030009000980C
:10C44000006800F00040029901F0F841019A1143A0
:10C4500008430099086005B0704700000000000024
:10C4600084B00390029101920398029900EB81003D
:10C47000603000900098006820F000400199084367
:10C480000099086004B0704780B586B00020019024
:10C490000590049003900290FAF76EFB0198012139
:10C4A0008DF808108DF8090003901F228DF81020D8
:10C4B00087228DF811208DF812008DF813008DF869
:10C4C00014108DF815108DF816008DF8170002A8BD
:10C4D000FAF712FB0420FAF763FB06B080BD0000F8
:10C4E00080B58CB0002200920B920A9209920892B9
:10C4F00007920692059204920392029248F28810E3
:10C50000C2F20040019042F20001C4F20201016057
:10C510004FF4802141608260C26004210161027594
:10C5200042750121816102774FF4906343624FF4B9
:10C5300080638362C1624FF480530363426380F877
:10C540003820C163F6F7A8FA18B1FFE7F5F724FA27
:10C55000FFE70020099048F28810C2F2004009A9C4
:10C56000F5F74AFA18B1FFE7F5F716FAFFE740F2D8
:10C570000040C2F6002002900620039002200490A2
:10C5800040F2FF70059004200690002007908DF87F
:10C59000210048F28810C2F2004002A9F5F778FBAA
:10C5A00018B1FFE7F5F7F8F9FFE70CB080BD000020
:10C5B00080B58AB0002201920992089207920692F1
:10C5C00005920492039248F2EC10C2F200400290ED
:10C5D00042F20011C4F2020101604FF48021416077
:10C5E00082600121C1600823036102754275022344
:10C5F000836102774FF4B06343624FF480638362D8
:10C60000C1624FF480530363426380F83820C163F2
:10C61000F6F742FA18B1FFE7F5F7BEF9FFE7402059
:10C62000C1F620100390062004900020059040F2EF
:10C63000FF7106910421079108908DF8250048F2BA
:10C64000EC10C2F2004003A9F5F722FB18B1FFE796
:10C65000F5F7A2F9FFE78020C1F6505003900C20B7
:10C66000049048F2EC10C2F2004003A9F5F710FB69
:10C6700018B1FFE7F5F790F9FFE70AB080BD0000B9
:10C6800080B586B0FFE744F2D840C5F602000168E5
:10C6900041F001010160006800F00100059005987B
:10C6A000FFE70B200190002203921146FAF7B0FA3F
:10C6B0000198FAF7A1FA039A0C2002901146FAF7B2
:10C6C000A7FA0298FAF798FA039A0D2004901146F7
:10C6D000FAF79EFA0498FAF78FFA06B080BD0000C8
:10C6E00080B592B00020119010900F900E900D9098
:10C6F000FFE744F2E040C5F60200016841F0800126
:10C700000160006800F080000C900C98FFE7FFE7E4
:10C7100044F2E040C5F60200016841F00401016006
:10C72000006800F004000B900B98FFE7FFE744F26D
:10C73000E040C5F60200016841F0010101600068B7
:10C7400000F001000A900A98FFE7FFE744F2E0409A
:10C75000C5F60200016841F002010160006800F0C6
:10C76000020009900998FFE7FFE744F2E040C5F6B0
:10C770000200016841F020010160006800F0200023
:10C7800008900898FFE7FFE744F2E040C5F6020092
:10C79000016841F010010160006800F0100007908E
:10C7A0000798FFE7FFE744F2E040C5F602000168A2
:10C7B00041F008010160006800F00800069006984A
:10C7C000FFE741F20000C5F6020001904FF400417E
:10C7D000009100220392FAF7D3F8039A40F6004042
:10C7E000C5F60200049001210291FAF7C9F8009BF6
:10C7F0000198029A03990D930E920F9110910DA931
:10C800000591F9F7D9FE029B039A049805990D93B7
:10C810000E930F921092F9F7CFFE12B080BD000078
:10C8200080B582B048F2B830C2F20040009043F6C2
:10C830000001C4F2000101604FF480014160002159
:10C84000019181600722C2604FF000720261416174
:10C850004FF0806282614FF08052C261016241629A
:10C860008162C1624FF0804242638163C1630164AF
:10C8700041648164C164016541658165FDF778FEAD
:10C8800018B1FFE7F5F788F8FFE702B080BD0000B8
:10C8900080B582B048F24040C2F20040009043F6BA
:10C8A0000041C4F2000101604FF4800141600021A9
:10C8B000019181600722C2604FF000720261416104
:10C8C0004FF0806282614FF08052C261016241622A
:10C8D0008162C1624FF0804242638163C16301643F
:10C8E00041648164C164016541658165FDF740FE75
:10C8F00018B1FFE7F5F750F8FFE702B080BD000080
:10C9000080B588B0002100910791069105910491AE
:10C9100003910291019148F2C840C2F2004040F2F6
:10C920000042C4F20002026041608160E922C260FC
:10C93000016180218161FEF7DFFA18B1FFE7F5F7A9
:10C940002BF8FFE74FF48050049048F2C840C2F241
:10C95000004004A9FEF734FC18B1FFE7F5F71CF816
:10C96000FFE7202001900020039048F2C840C2F267
:10C97000004001A9FEF714FA18B1FFE7F5F70CF82B
:10C98000FFE708B080BD000080B588B000210091AD
:10C99000079106910591049103910291019148F24A
:10C9A0001450C2F2004040F60002C4F200020260DD
:10C9B0004160816040F2D312C260016180218161D7
:10C9C000FEF79AFA18B1FFE7F4F7E6FFFFE74FF436
:10C9D0008050049048F21450C2F2004004A9FEF7BF
:10C9E000EFFB18B1FFE7F4F7D7FFFFE72020019036
:10C9F0000020039048F21450C2F2004001A9FEF753
:10CA0000CFF918B1FFE7F4F7C7FFFFE708B080BD23
:10CA100080B588B00021009107910691059104919D
:10CA200003910291019148F26050C2F2004040F639
:10CA30000042C4F20002026077224260816042F24A
:10CA40000F72C260016180218161FEF755FA18B151
:10CA5000FFE7F4F7A1FFFFE74FF48050049048F29E
:10CA60006050C2F2004004A9FEF7AAFB18B1FFE72C
:10CA7000F4F792FFFFE700200190039048F2605026
:10CA8000C2F2004001A9FEF78BF918B1FFE7F4F7F5
:10CA900083FFFFE708B080BD80B582B048F2AC509C
:10CAA000C2F20040009041F20001C4F201010160B5
:10CAB0004FF461314160002101918160C1600161E9
:10CAC0000C2242618161C161016241628162FFF7B2
:10CAD00017FA18B1FFE7F4F75FFFFFE748F2AC5031
:10CAE000C2F200400021FEF737FE18B1FFE7F4F76D
:10CAF00053FFFFE748F2AC50C2F200400021FEF7BE
:10CB0000E3FD18B1FFE7F4F747FFFFE748F2AC5049
:10CB1000C2F20040FEF78CFD18B1FFE7F4F73CFFCE
:10CB2000FFE702B080BD000085B002900191009245
:10CB3000002004900390019890ED000A029890ED77
:10CB4000001A80EE010A8DED030A009890ED000AAC
:10CB5000029890ED001A80EE010A8DED040A9DED19
:10CB6000030ADDED040A05B0704700000000000074
:10CB700080B586B084460898CDF814C0049103921D
:10CB80000293ADF806000020ADF80400FFE7BDF801
:10CB90000400BDF80610884232DAFFE70598BDF8B8
:10CBA000041030F8110000EE100AB8EE400A0298A6
:10CBB00000EB810080ED000A0598BDF8041030F804
:10CBC000110000EE100AB8EEC00A9FED161A80EEB2
:10CBD000010A9FED151A20EE010A049800EBC1002E
:10CBE00080ED000A0498BDF8041000EBC10100209C
:10CBF0004860FFE7BDF804000130ADF80400C6E767
:10CC0000049948F26810C2F200400022012302F0A9
:10CC10001BF904980399BDF80620520803F058FA4E
:10CC200006B080BD00FF7F47333353400000000053
:10CC300080B58AB0099008910792ADF81A30BDF816
:10CC40001A004008ADF818000022ADF81620049232
:10CC5000089948F27810C2F200400123009302F0D4
:10CC6000F3F808980799BDF81820520803F030FA35
:10CC70000098ADF80E00FFE7BDF80E00BDF81810E3
:10CC8000B0EB510F21DAFFE70798BDF80E1000EB6B
:10CC9000810090ED000A9DED041AB4EE410AF1EE18
:10CCA00010FA0BDDFFE70798BDF80E1050F82100D1
:10CCB0000490BDF80E00ADF81600FFE7FFE7BDF8E1
:10CCC0000E000130ADF80E00D6E70498099908600F
:10CCD000BDF8160009990881BDF816004FF4FA2135
:10CCE0004843BDF8181090FBF1F009994860089886
:10CCF000BDF8161050F8310002900898BDF81610D3
:10CD000000EBC100406801909DED010ADDED020AD3
:10CD100004F08EFB9FED061A20EE010A9FED051A26
:10CD200080EE010A099880ED030A0AB080BD00BFB9
:10CD300000003443DB0F494085B004900391029218
:10CD4000ADF80630BDF806004008ADF8040000203C
:10CD5000ADF80200FFE7BDF80200BDF804108842FC
:10CD60003DDAFFE70498BDF8021030F8210000EE2C
:10CD7000100AB8EE400A9FED1B2A80EE020A9FEDD2
:10CD80001A1A20EE010A039800EBC10080ED000A98
:10CD90000398BDF8021000EBC1010020486004991F
:10CDA000BDF8022001EB8201498800EE101AB8EEAE
:10CDB000400A80EE020A20EE010A029901EBC2014C
:10CDC00081ED000A0299BDF8022001EBC201486022
:10CDD000FFE7BDF802000130ADF80200BBE705B087
:10CDE000704700BF00FF7F4733335340000000000F
:10CDF00087B0069005910492ADF80E300599002099
:10CE00000860059908810499086004990881012047
:10CE1000ADF80C00FFE7BDF80C00BDF80E10B0EB4C
:10CE2000510F48DAFFE70698BDF80C1000EB8100BF
:10CE300090ED000A059890ED001AB4EE410AF1EE6B
:10CE400010FA14DDFFE7059800680499086005985A
:10CE50000089049908810698BDF80C1050F821004B
:10CE600005990860BDF80C00059908811CE006983A
:10CE7000BDF80C1000EB810090ED000A049890EDD5
:10CE8000001AB4EE410AF1EE10FA0CDDFFE7069845
:10CE9000BDF80C1050F8210004990860BDF80C0092
:10CEA00004990881FFE7FFE7FFE7BDF80C000130B8
:10CEB000ADF80C00AFE7059908894FF47A2250438A
:10CEC000BDF80E3090FBF3F0486004990889504398
:10CED000BDF80E2090FBF2F0486005984068049978
:10CEE000496888421FD2FFE705984068029004987D
:10CEF000406805994860029804994860059800893F
:10CF00000190049800890599088101980499088185
:10CF100005980068009004980068059908600098DA
:10CF200004990860FFE707B07047000000000000A8
:10CF300084B0009003910292ADF806300021C160E8
:10CF40008160416001600299496801EB41014160E3
:10CF50004168BDF80620514344F6D352C1F2620243
:10CF6000A1FB0221090C01810089BDF80610B0EB7C
:10CF7000510F07DCFFE7009903980A8950F8220057
:10CF8000086003E0009900200860FFE704B07047E4
:10CF900084B0009003910292ADF806300021C16088
:10CFA0008160416001600299496801EB8101416043
:10CFB0004168BDF80620514344F6D352C1F26202E3
:10CFC000A1FB0221090C01810089BDF80610B0EB1C
:10CFD000510F07DCFFE7009903980A8950F82200F7
:10CFE000086003E0009900200860FFE704B0704784
:10CFF00082B08DED010ACDED000A9DED010AB7EE7C
:10D00000C01A9DED000AB7EEC00A9FED072B20EE77
:10D01000020B9FED072BA1EE020BB7EEC00B02B087
:10D02000704700BF00BF00BF9A9999999999B93F7D
:10D03000CDCCCCCCCCCCEC3F82B00090009890ED25
:10D04000000A40F24000C2F2004090ED001AB4EE37
:10D05000410AF1EE10FA04DAFFE700208DF807002C
:10D0600003E002208DF80700FFE79DF8070002B0FB
:10D07000704700000000000085B00390029101920B
:10D080000093039840680199496801EB4101884287
:10D090002FD0FFE7039840680199496801EB8101AF
:10D0A000884226D0FFE7009890ED000A48F2581019
:10D0B000C2F2004090ED001AB4EE410AF1EE10FA0F
:10D0C00013DDFFE7009890ED000A40F23400C2F251
:10D0D000004090ED001AB4EE410AF1EE10FA04DAC5
:10D0E000FFE700208DF8130065E002208DF81300A3
:10D0F00061E0039840680199496801EB4101884269
:10D1000026D1FFE7009890ED010A48F25C10C2F2C8
:10D11000004090ED001AB4EE410AF1EE10FA13DD72
:10D12000FFE7009890ED010A40F23800C2F200409B
:10D1300090ED001AB4EE410AF1EE10FA04DAFFE7BE
:10D1400000208DF8130036E002208DF8130032E045
:10D15000039840680199496801EB8101884226D112
:10D16000FFE7009890ED000A48F26010C2F200401C
:10D1700090ED001AB4EE410AF1EE10FA13DDFFE76C
:10D18000009890ED000A40F23C00C2F2004090EDA1
:10D19000001AB4EE410AF1EE10FA04DAFFE70020BB
:10D1A0008DF8130007E002208DF8130003E0012042
:10D1B0008DF81300FFE79DF8130005B070470000DD
:10D1C000FFE7FEE700000000FFE7FEE700000000C9
:10D1D00088B0079006910592079800F00700049028
:10D1E0000498C0F10700052803D3FFE7042001904D
:10D1F00004E00498C0F107000190FFE70198039054
:10D2000004980430062803D8FFE70020009003E0CC
:10D21000049803380090FFE700980290069803995D
:10D22000012202FA01F101390840029B9840059958
:10D230009A40013A1140084308B0704700000000CE
:10D2400081B0009000990020086000994860009922
:10D250008860009988610099C8610099086201B0EE
:10D26000704700000000000081B0009000998869BC
:10D27000C861009890ED000A90ED011A30EE410A65
:10D2800080ED060A009890ED040AB5EE400AF1EE32
:10D2900010FA0AD0FFE7009890ED061A90ED080A00
:10D2A00030EE010A80ED080A03E0009900200862D0
:10D2B000FFE7009890ED033A90ED040A90ED051A0F
:10D2C00090ED062A90ED084A20EE040AA3EE020A29
:10D2D00090ED073A32EE432AA1EE020A80ED020AEF
:10D2E00001B070470000000070470000000000001F
:10D2F00080B5B2B002A80190C0210091F3F7CEF83A
:10D30000009A0198002103914FF401230293022314
:10D3100004934FF00C0CCDF814C0069307930893B8
:10D32000099220220A920B914FF480521A922B916B
:10D33000FAF702FF18B1FFE7F4F72EFBFFE732B070
:10D3400080BD00000000000080B586B0049003910D
:10D3500000208DF8070044F22840C5F6020000685E
:10D3600000F00300032804D1FFE701208DF8170027
:10D37000CBE044F20041C5F60201086820F080606D
:10D380000860F9F71DFB0290FFE744F20040C5F684
:10D390000200006800F000610020B0EBD16F0CD0FB
:10D3A000FFE7F9F70DFB0299401A032804D3FFE7C2
:10D3B00003208DF81700A8E0E7E7FFE744F22841D3
:10D3C000C5F60201086820F47C30049A126840EA2D
:10D3D0000230086004994868D1F808C0CB680A692F
:10D3E00001386FF35F204FF60061CFF6FF7101EB5C
:10D3F0004C2189B208440021CFF6FF7101EB0341B3
:10D4000001F4FE0108444FF07F4101EB026101F09D
:10D41000FE41084444F23841C5F602010860FFE7C6
:10D4200044F22C41C5F602010091086820F0C000CA
:10D43000049A526910430860086820F02000049A9A
:10D44000926910430860086820F01000086044F2F8
:10D450003C42C5F6020210684FF6F8739843049BED
:10D46000DB6940EAC3001060086840F01000086003
:10D47000039848B9FFE744F22C41C5F60201086859
:10D4800040F40020086016E00398012809D1FFE766
:10D4900044F22C41C5F60201086840F4801008608F
:10D4A00008E044F22C41C5F60201086840F400107F
:10D4B0000860FFE7FFE744F20041C5F60201086893
:10D4C00040F080600860F9F77BFA0290FFE744F2D1
:10D4D0000040C5F60200006800F000610020B0EBDB
:10D4E000D16F0CD1FFE7F9F76BFA0299401A0328C4
:10D4F00004D3FFE703208DF8170006E0E7E7FFE716
:10D500009DF807008DF81700FFE79DF8170006B09B
:10D5100080BD00000000000080B586B0049003913B
:10D5200000208DF8070044F22840C5F6020000688C
:10D5300000F00300032804D1FFE701208DF8170055
:10D54000CBE044F20041C5F60201086820F08050AB
:10D550000860F9F735FA0290FFE744F20040C5F69B
:10D560000200006800F000510020B0EB517F0CD0A9
:10D57000FFE7F9F725FA0299401A032804D3FFE7D9
:10D5800003208DF81700A8E0E7E7FFE744F2284101
:10D59000C5F60201086820F07C70049A126840EA1F
:10D5A0000250086004994868D1F808C0CB680A693D
:10D5B00001386FF35F204FF60061CFF6FF7101EB8A
:10D5C0004C2189B208440021CFF6FF7101EB0341E1
:10D5D00001F4FE0108444FF07F4101EB026101F0CC
:10D5E000FE41084444F24041C5F602010860FFE7ED
:10D5F00044F22C41C5F602010091086820F4406015
:10D60000049A526910430860086820F40070049A74
:10D61000926910430860086820F48070086044F242
:10D620004442C5F6020210684FF6F8739843049B13
:10D63000DB6940EAC3001060086840F4807008604D
:10D64000039848B9FFE744F22C41C5F60201086887
:10D6500040F48000086016E00398012809D1FFE734
:10D6600044F22C41C5F60201086840F4000008604D
:10D6700008E044F22C41C5F60201086840F08070D1
:10D680000860FFE7FFE744F20041C5F602010868C1
:10D6900040F080500860F9F793F90290FFE744F2F8
:10D6A0000040C5F60200006800F000510020B0EB19
:10D6B000517F0CD1FFE7F9F783F90299401A03284B
:10D6C00004D3FFE703208DF8170006E0E7E7FFE744
:10D6D0009DF807008DF81700FFE79DF8170006B0CA
:10D6E00080BD00000000000082B001900198006839
:10D6F0004069009001980168886940F008008861DD
:10D7000001980168886940F01000886101980168FB
:10D71000086820F00100086001980168086940F27B
:10D720006F329043086101980168886820F4404096
:10D730008860019890F88100042815D0FFE79DF8D3
:10D740000000800600280ED5FFE70199D1F884007B
:10D7500040F08000C1F8840001980168886940F0B9
:10D7600020008861FFE7FFE7019890F88100032817
:10D7700015D0FFE79DF80000400600280ED5FFE712
:10D780000199D1F8840040F00400C1F884000198A8
:10D790000168886940F040008861FFE7FFE79DF875
:10D7A0000100800700280ED5FFE70199D1F8840019
:10D7B00040F00100C1F8840001980168886940F4D4
:10D7C00000708861FFE79DF80100C00770B1FFE7B6
:10D7D0000199D1F8840040F00800C1F88400019854
:10D7E0000168886940F480708861FFE70199002032
:10D7F000A1F862000199A1F86A0002B07047000028
:10D8000083B002900298C16B012000EB511001908F
:10D810000298C0680130009000980730C00800905E
:10D8200000980199484303B07047000000000000D1
:10D8300080B586B0DDF820C0049003918DF80B20F0
:10D840000193FFE704980068406903990840401A73
:10D85000B0FA80F040099DF80B10884214D1FFE720
:10D86000F9F7AEF80899401A0199884204D3FFE706
:10D870000198013018B9FFE7019820B9FFE70320AC
:10D880008DF8170004E0DDE700208DF81700FFE7B2
:10D890009DF8170006B080BD704700000000000032
:10D8A00080B582B0009000980138B0F1807F03D33A
:10D8B000FFE70120019019E0009801384EF21401B1
:10D8C000CEF2000108604FF0FF300F2101F020FA86
:10D8D0004EF21801CEF20001002008604EF2100254
:10D8E000CEF20002072111600190FFE7019802B01B
:10D8F00080BD00000000000080B5F9F769F880BD28
:10D9000080B59EB00BA84C21F2F7C8FD0020019015
:10D910000A90099008900790069005900490039053
:10D920000220F9F795F9FFE70020029044F618006D
:10D93000C5F60200016841F440410160006800F44E
:10D940004040029040F22C40C5F60000016841F0D2
:10D9500001010160006800F0010002900298FFE7F9
:10D96000FFE744F61800C5F60200006800F4005016
:10D97000B0F5005F01D0FFE7F3E701200B904FF413
:10D9800080300C9002201490159005211691C02132
:10D990001791189019901A9008201B9000201C9045
:10D9A0001D900BA8FCF738F818B1FFE7F3F7F4FF68
:10D9B000FFE73F20039003200490002005900820FB
:10D9C00006904020079008904FF4806109910A90DA
:10D9D00003A80421FBF700FC18B1FFE7F3F7DCFF15
:10D9E000FFE71EB080BD000081B04EF68851CEF238
:10D9F0000001086840F47000086042F20000C5F2BF
:10DA00000020006800F00F0006280AD8FFE742F265
:10DA10000001C5F200210868072262F303000860D4
:10DA2000FFE744F20041C5F60201086840F001003A
:10DA3000086044F21042C5F6020200201060086837
:10DA40004EF67F52CEF6F6221040086042F20000F9
:10DA5000C5F20020006800F00F0008280AD3FFE795
:10DA600042F20001C5F200210868072262F30300B8
:10DA70000860FFE744F21841C5F60201002000905B
:10DA8000086044F21C41C5F60201086044F22041DE
:10DA9000C5F60201086044F22842C5F6020240F2CF
:10DAA0000021C0F20221116044F22C42C5F60202AC
:10DAB0000021C0F2FF11116044F23042C5F60202AB
:10DAC00040F28021C0F20111116044F23442C5F6E7
:10DAD0000202106044F23842C5F60202116044F2BC
:10DAE0003C42C5F60202106044F24042C5F6020212
:10DAF000116044F24441C5F60201086044F200425C
:10DB0000C5F60202116821F48021116044F26041DF
:10DB1000C5F60201086041F20001C5F6004109683E
:10DB2000B0EB517F07D1FFE748F20811C5F20011B1
:10DB300001200860FFE744F2D440C5F60200006807
:10DB4000C004002814D4FFE744F2D441C5F6020112
:10DB5000086840F48050086044F20002C5F20022D8
:10DB600043F2D2001060086820F480500860FFE79C
:10DB700001B070470000000080B548F2C840C2F212
:10DB80000040FDF709FC80BD80B548F21450C2F298
:10DB90000040FDF701FC80BD80B548F26050C2F244
:10DBA0000040FDF7F9FB80BD83B00290019102981F
:10DBB0000068009002980021C4F20101884225D03B
:10DBC000FFE70298B0F1804F20D0FFE7029840F2C3
:10DBD0000041C4F20001884218D0FFE7029840F6E5
:10DBE0000001C4F20001884210D0FFE7029840F61D
:10DBF0000041C4F20001884208D0FFE7029840F2D9
:10DC00000041C4F2010188420AD1FFE7009820F0E8
:10DC10007000009001984168009808430090FFE769
:10DC200002980021C4F2010188423DD0FFE702982A
:10DC3000B0F1804F38D0FFE7029840F20041C4F2C3
:10DC40000001884230D0FFE7029840F60001C4F29C
:10DC50000001884228D0FFE7029840F60041C4F254
:10DC60000001884220D0FFE7029840F20041C4F250
:10DC70000101884218D0FFE7029844F20001C4F283
:10DC80000101884210D0FFE7029844F20041C4F23B
:10DC90000101884208D0FFE7029844F60001C4F26F
:10DCA000010188420AD1FFE7009820F440700090FB
:10DCB0000198C168009808430090FFE7009820F0A1
:10DCC0008000019949690843009001988068029991
:10DCD000C862019800680299886202980021C4F223
:10DCE0000101884220D0FFE7029840F20041C4F2CF
:10DCF0000101884218D0FFE7029844F20001C4F203
:10DD00000101884210D0FFE7029844F20041C4F2BA
:10DD10000101884208D0FFE7029844F60001C4F2EE
:10DD20000101884205D1FFE7019800690299086363
:10DD3000FFE70299086840F004000860029901209A
:10DD4000486100980299086003B070470000000025
:10DD500085B004900391029201930498806800902A
:10DD6000009820F47F40009003980299019A41EABC
:10DD700002210143009808430090009804998860AC
:10DD800005B070470000000083B002900191029836
:10DD90008068009000984FF68F71CFF6CF710840E1
:10DDA000009001980099084340F007000090009807
:10DDB0000299886003B0704785B004900391029285
:10DDC0000498006A00900499086A20F00100086233
:10DDD000049880690190019820F0F0000190029968
:10DDE000019840EA01100190009820F00A0000908C
:10DDF000039900980843009001980499886100985D
:10DE00000499086205B0704785B0049003910292AE
:10DE10000498006A00900499086A20F010000862D3
:10DE2000049880690190019820F470400190029953
:10DE3000019840EA01300190009820F0A000009085
:10DE40000399009840EA01100090019804998861B4
:10DE500000980499086205B07047000000000000B7
:10DE600082B001900198406E40B9FFE7019901200E
:10DE7000A1F86A000199A1F8680032E010208DF83D
:10DE800003008DF80200019800688068C0F34260CA
:10DE90008DF80100019800688068400F8DF800003F
:10DEA0009DF802009DF8002041F22E73C0F6010398
:10DEB000995C484341F22671C0F601018A5CB0FBCF
:10DEC000F2F0019AA2F86A009DF803009DF8012083
:10DED0009B5C5843895CB0FBF1F00199A1F86800A4
:10DEE000FFE702B07047000081B00090009890F802
:10DEF0002800000700280BD5FFE70098006840685D
:10DF000020F40040009A1168926B10434860FFE7CC
:10DF1000009890F82800C00758B1FFE70098006803
:10DF2000406820F40030009A1168D26A10434860BB
:10DF3000FFE7009890F82800800700280BD5FFE73E
:10DF400000980068406820F48030009A1168126BD5
:10DF500010434860FFE7009890F828004007002829
:10DF60000BD5FFE700980068406820F48020009AF5
:10DF70001168526B10434860FFE7009890F8280042
:10DF8000C00600280BD5FFE700980068806820F4E1
:10DF90008050009A1168D26B10438860FFE70098A8
:10DFA00090F82800800600280BD5FFE7009800684D
:10DFB000806820F40050009A1168126C1043886049
:10DFC000FFE7009890F82800400600281CD5FFE7DE
:10DFD00000980068406820F48010009A1168526C24
:10DFE000104348600098406CB0F5801F0BD1FFE7EC
:10DFF00000980068406820F4C000009A1168926C94
:10E0000010434860FFE7FFE7009890F828000006FB
:10E0100000280BD5FFE700980068406820F4002036
:10E02000009A1168D26C10434860FFE701B0704756
:10E0300080B588B0069006990020C1F89000F8F7E6
:10E04000BFFC0590069800680068000700282FD5DF
:10E05000FFE70698059B6A466FF07E4111604FF41A
:10E060000011002200F0A0FD08B3FFE7FFE7FFE783
:10E070000698006850E8000F20F080000490FFE749
:10E0800004990698026842E800100028F0D1FFE7E2
:10E09000FFE706992020C1F88800FFE706990020D5
:10E0A00081F88400FFE703208DF81F005FE0FFE7A1
:10E0B0000698006800684007002842D5FFE70698E8
:10E0C000059B6A466FF07E4111604FF4800100228B
:10E0D00000F06AFDA0B3FFE7FFE7FFE706980068DE
:10E0E00050E8000F20F490700390FFE70399069822
:10E0F000026842E800100028F0D1FFE7FFE7FFE7E1
:10E10000FFE70698006850E8020F20F00100029037
:10E11000FFE702990698026842E802100028F0D151
:10E12000FFE7FFE706992020C1F88C00FFE706997A
:10E13000002081F88400FFE703208DF81F0016E01F
:10E14000FFE706992020C1F888000699C1F88C00E5
:10E1500006990020C86606990867FFE7069900201F
:10E1600081F88400FFE700208DF81F00FFE79DF88D
:10E170001F0008B080BD000080B582B001900198FA
:10E18000806B009000990020A1F85E000098FDF7D8
:10E1900033FB02B080BD000084B00390FFE7FFE7CF
:10E1A0000398006850E8000F20F490700290FFE799
:10E1B00002990398026842E800100028F0D1FFE7B6
:10E1C000FFE7FFE7FFE70398006850E8020F4FF60C
:10E1D000FE71CEF6FF7108400190FFE701990398A8
:10E1E000026842E802100028EDD1FFE7FFE703983C
:10E1F000C06E012814D1FFE7FFE7FFE7039800682E
:10E2000050E8000F20F010000090FFE700990398FD
:10E21000026842E800100028F0D1FFE7FFE7FFE7BF
:10E2200003992020C1F88C0003990020C866039947
:10E23000486704B07047000080B582B00190FFE7E6
:10E24000FFE70198006850E8000F20F040000090C0
:10E25000FFE700990198026842E800100028F0D119
:10E26000FFE7FFE701992020C1F88800019900200D
:10E2700088670198FDF728FF02B080BD000000000C
:10E2800080B59CB01B9000208DF85F001B98006843
:10E2900040F60041C5F60001884201D1FFE700E0E9
:10E2A000FFE71B9988680B694A69C96918431043DD
:10E2B00008431A901B980068006846F6F311CCF6E4
:10E2C000FF7108401A9908431B99096808601B9858
:10E2D0000068406820F440501B9A1168D2681043CF
:10E2E00048601B9880691A901B98006840F60041AE
:10E2F000C5F60001884206D0FFE71B98016A1A980C
:10E3000008431A90FFE71B98006880684FF2FF41AE
:10E31000C1F2FF1108401A9908431B9909688860E7
:10E320001B980068C06A20F00F001B9A1168526A9F
:10E330001043C862FFE71B98006841F20001C4F275
:10E340000101884240F04180FFE744F25440C5F6A5
:10E350000200006800F0380001460E9128282FD8EE
:10E360000E99DFE801F0152D2D2D2D2D2D2D192DB8
:10E370002D2D2D2D2D2D1D2D2D2D2D2D2D2D212DE9
:10E380002D2D2D2D2D2D252D2D2D2D2D2D2D2900F6
:10E3900001208DF8650017E004208DF8650013E07A
:10E3A00008208DF865000FE010208DF865000BE067
:10E3B00020208DF8650007E040208DF8650003E01F
:10E3C00080208DF86500FFE7D6E11B98006844F2D5
:10E3D0000041C4F2000188422ED1FFE744F25440CC
:10E3E000C5F60200006800F0070001460D910528FF
:10E3F0001DD80D99DFE801F003070B0F131700205C
:10E400008DF8650017E004208DF8650013E0082002
:10E410008DF865000FE010208DF865000BE02020DE
:10E420008DF8650007E040208DF8650003E080204E
:10E430008DF86500FFE79EE11B98006844F6000137
:10E44000C4F2000188422ED1FFE744F25440C5F6E1
:10E450000200006800F0070001460C9105281DD855
:10E460000C99DFE801F003070B0F131700208DF85C
:10E47000650017E004208DF8650013E008208DF892
:10E4800065000FE010208DF865000BE020208DF86E
:10E49000650007E040208DF8650003E080208DF8DE
:10E4A0006500FFE766E11B98006844F60041C4F28E
:10E4B000000188422ED1FFE744F25440C5F6020025
:10E4C000006800F0070001460B9105281DD80B9944
:10E4D000DFE801F003070B0F131700208DF865002C
:10E4E00017E004208DF8650013E008208DF8650022
:10E4F0000FE010208DF865000BE020208DF86500FE
:10E5000007E040208DF8650003E080208DF865006D
:10E51000FFE72EE11B98006845F20001C4F20001FC
:10E5200088422ED1FFE744F25440C5F6020000684D
:10E5300000F0070001460A9105281DD80A99DFE876
:10E5400001F003070B0F131700208DF8650017E08B
:10E5500004208DF8650013E008208DF865000FE0B9
:10E5600010208DF865000BE020208DF8650007E095
:10E5700040208DF8650003E080208DF86500FFE7FE
:10E58000F6E01B98006841F20041C4F201018842A4
:10E5900040F04180FFE744F25440C5F602000068B5
:10E5A00000F038000146099128282FD80999DFE8A2
:10E5B00001F0152D2D2D2D2D2D2D192D2D2D2D2D20
:10E5C0002D2D1D2D2D2D2D2D2D2D212D2D2D2D2D97
:10E5D0002D2D252D2D2D2D2D2D2D290001208DF8B2
:10E5E000650017E004208DF8650013E008208DF821
:10E5F00065000FE010208DF865000BE020208DF8FD
:10E60000650007E040208DF8650003E080208DF86C
:10E610006500FFE7ABE01B98006847F60001C4F215
:10E62000000188422ED1FFE744F25440C5F60200B3
:10E63000006800F007000146089105281DD80899D8
:10E64000DFE801F003070B0F131700208DF86500BA
:10E6500017E004208DF8650013E008208DF86500B0
:10E660000FE010208DF865000BE020208DF865008C
:10E6700007E040208DF8650003E080208DF86500FC
:10E68000FFE773E01B98006847F60041C4F2000101
:10E6900088422ED1FFE744F25440C5F602000068DC
:10E6A00000F007000146079105281DD80799DFE80B
:10E6B00001F003070B0F131700208DF8650017E01A
:10E6C00004208DF8650013E008208DF865000FE048
:10E6D00010208DF865000BE020208DF8650007E024
:10E6E00040208DF8650003E080208DF86500FFE78D
:10E6F0003BE01B98006840F60041C5F600018842E7
:10E700002ED1FFE744F25840C5F60200006800F041
:10E7100007000146069105281DD80699DFE801F09B
:10E7200003070B0F131702208DF8650017E0042074
:10E730008DF8650013E008208DF865000FE01020CB
:10E740008DF865000BE020208DF8650007E0402083
:10E750008DF8650003E080208DF86500FFE703E099
:10E7600080208DF86500FFE7FFE7FFE7FFE7FFE7A1
:10E77000FFE7FFE7FFE7FFE7FFE71B98006840F6CA
:10E780000041C5F60001884240F0B480FFE79DF8E3
:10E79000650001460591022814D0FFE7059804287A
:10E7A00014D0FFE70598082816D0FFE70598102831
:10E7B00018D0FFE70598202835D0FFE705984028B6
:10E7C00037D03AE0F8F798FA0F903CE013A8F8F742
:10E7D000F3FB14980F9036E010A8F8F739FD119864
:10E7E0000F9030E044F20040C5F60200006800F0EF
:10E7F00020010020B0EB511F0ED0FFE744F2004093
:10E80000C5F602000068C0F3C10149F20000C0F281
:10E81000D030C8400F9005E049F20000C0F2D0307F
:10E820000F90FFE70FE040F60010C0F23D000F90A0
:10E8300009E04FF400400F9005E000200F90012008
:10E840008DF85F00FFE70F98002852D0FFE70F9880
:10E850001B994A6A41F23671C0F6010131F8121073
:10E86000B0FBF1F0169016981B99496801EB410135
:10E87000884207D3FFE716981B994968B0EB013F20
:10E8800004D9FFE701208DF85F0031E00F981B9954
:10E890004A6803924A6A41F23671C0F6010131F8C2
:10E8A0001220002304931946F1F780FD039A049B7C
:10E8B000090241EA1061000210EB520041F100012F
:10E8C000F1F774FD18901898B0F5407F0BD3FFE76F
:10E8D00018990020B0EB115F05D1FFE718981B993C
:10E8E0000968C86003E001208DF85F00FFE7FFE7DB
:10E8F000FFE746E11B98C069B0F5004F40F0A880E3
:10E90000FFE79DF8650001460291402800F2638010
:10E910000299DFE801F021256060296060602F60C6
:10E920006060606060603560606060606060606012
:10E9300060606060606056606060606060606060E1
:10E9400060606060606060606060606060606060C7
:10E950006060606060605C00FAF7B6FE0F9040E0B7
:10E96000FAF7C6FE0F903CE013A8F8F725FB1498C1
:10E970000F9036E010A8F8F76BFC11980F9030E07C
:10E9800044F20040C5F60200006800F020010020BB
:10E99000B0EB511F0ED0FFE744F20040C5F6020075
:10E9A0000068C0F3C10149F20000C0F2D030C84095
:10E9B0000F9005E049F20000C0F2D0300F90FFE761
:10E9C0000FE040F60010C0F23D000F9009E04FF458
:10E9D00000400F9005E000200F9001208DF85F00AF
:10E9E000FFE70F9898B3FFE70F981B9A5168536A97
:10E9F00041F23672C0F6010232F81320B0FBF2F099
:10EA0000400000EB5100B0FBF1F01890189810286E
:10EA100018D3FFE7BDF86200A0B9FFE7189820F00F
:10EA20000F00ADF86600189800F00E01BDF8660002
:10EA300040EA5100ADF86600BDF866001B99096810
:10EA4000C86003E001208DF85F00FFE7FFE797E073
:10EA50009DF8650001460191402800F2638001990C
:10EA6000DFE801F021256060296060602F60606050
:10EA700060606060356060606060606060606060C1
:10EA80006060606056606060606060606060606090
:10EA90006060606060606060606060606060606076
:10EAA000606060605C00FAF70FFE0F9040E0FAF7DC
:10EAB0001FFE0F903CE013A8F8F77EFA14980F9011
:10EAC00036E010A8F8F7C4FB11980F9030E044F23C
:10EAD0000040C5F60200006800F020010020B0EB05
:10EAE000511F0ED0FFE744F20040C5F60200006857
:10EAF000C0F3C10149F20000C0F2D030C8400F900D
:10EB000005E049F20000C0F2D0300F90FFE70FE0BF
:10EB100040F60010C0F23D000F9009E04FF40040B5
:10EB20000F9005E000200F9001208DF85F00FFE7B7
:10EB30000F9820B3FFE70F981B9A5168536A41F270
:10EB40003672C0F6010232F81320B0FBF2F000EB8F
:10EB50005100B0FBF1F01890189810280AD3FFE785
:10EB6000BDF8620030B9FFE7BDF860001B99096885
:10EB7000C86003E001208DF85F00FFE7FFE7FFE7D3
:10EB8000FFE71B990120A1F86A001B99A1F8680012
:10EB90001B99002048671B9988679DF85F001CB08F
:10EBA00080BD00000000000080B586B0DDF820C008
:10EBB000049003918DF80B200193FFE704980068FF
:10EBC000C06903990840401AB0FA80F040099DF8E6
:10EBD0000B10884266D1FFE708980130002860D00A
:10EBE000FFE7F7F7EDFE0199401A0899884203D82C
:10EBF000FFE7089820B9FFE703208DF8170055E0DC
:10EC00000498006800684007002849D5FFE703988A
:10EC1000802845D0FFE70398402841D0FFE70498BB
:10EC20000068C06900F008010120B0EBD10F16D1D7
:10EC3000FFE7049801680820009008620498FFF735
:10EC4000ABFA00980499C1F89000FFE704990020FE
:10EC500081F88400FFE701208DF8170026E0049872
:10EC60000068C06900F400610120B0EBD12F16D11B
:10EC7000FFE7049801684FF4006008620498FFF70A
:10EC80008BFA04992020C1F89000FFE70499002036
:10EC900081F88400FFE703208DF8170006E0FFE706
:10ECA000FFE78BE700208DF81700FFE79DF81700BE
:10ECB00006B080BD0000000080B548F2AC50C2F242
:10ECC0000040FCF79DFD80BDFFE7FEE7000000006F
:10ECD00081B0ADF80200BDF9020000280ED4FFE7B4
:10ECE000BDF9021001F01F02012090404A094EF2C6
:10ECF0000011CEF2000141F82200FFE701B0704799
:10ED00004EF60C50CEF200000068C0F302207047AF
:10ED100082B0ADF806000091BDF9060000280AD4C3
:10ED2000FFE700980001BDF906104EF20042CEF256
:10ED3000000288540BE000980001BDF8061001F0B5
:10ED40000F014EF61452CEF200028854FFE702B0D3
:10ED5000704700000000000083B00290029800F0AD
:10ED6000070000904EF60C51CEF2000108680190A9
:10ED700001984FF6FF02104001900198009A40EA76
:10ED800002200022C0F2FA5210430190019808605C
:10ED900003B070470000000082B08DED000A0098BB
:10EDA00001909DED010AB1EEC00A8DED010A9DEDC5
:10EDB000010A02B07047000087B00690ADF8161047
:10EDC000049200200190FFE70198BDF816108842D8
:10EDD00037D2FFE70498019930F8110080080390BA
:10EDE0000498019900EB4100408880080290069841
:10EDF000039950F8210000900699029851F82000DC
:10EE0000039A41F8220000980699029A41F82200DC
:10EE10000698039900EB81004068009006990298DB
:10EE200001EB80004068039A01EB82014860009882
:10EE30000699029A01EB8201486001980230019024
:10EE4000C2E707B07047000080B588B00790069110
:10EE50008DF817208DF816300798008804909DF8DB
:10EE6000170001281BD1FFE706980430019000200D
:10EE70000390FFE70398049988420FD2FFE70198B7
:10EE800090ED000AB1EE400A80ED000A01980830CA
:10EE90000190FFE7039801300390EBE7FFE7049848
:10EEA0000090102825D0FFE70098202826D0FFE703
:10EEB0000098402827D0FFE70098802819D0FFE766
:10EEC0000098B0F5807F19D0FFE70098B0F5007F7B
:10EED00019D0FFE70098B0F5806F0AD0FFE70098DF
:10EEE000B0F5006F0AD0FFE70098B0F5805F0AD058
:10EEF00012E00798069900F0C3F90DE0079806990B
:10EF000000F0B6FB08E00698BDF81010079A5268AA
:10EF1000012301F021F9FFE79DF8160038B1FFE762
:10EF20000698079A91899268FFF746FFFFE79DF8D8
:10EF30001700012831D1FFE79DED040AB8EE401A11
:10EF4000B7EE000A80EE010A8DED020A06980190E4
:10EF500000200390FFE70398049988421CD2FFE742
:10EF60009DED021A0198011D019190ED000A20EE1D
:10EF7000010A80ED000A019890ED000A9DED021A49
:10EF800020EE410A80ED000A019804300190FFE76D
:10EF9000039801300390DEE7FFE708B080BD000072
:10EFA00082B0019000208DF80300019A4FF4806137
:10EFB00011800199486046F62840C0F60100818919
:10EFC000019A91818168019A916040680199486035
:10EFD0009DF9030002B0704782B0019000208DF8C7
:10EFE0000300019A802111800199486046F638405B
:10EFF000C0F601008189019A91818168019A91602E
:10F000004068019948609DF9030002B07047000014
:10F0100082B0019000208DF80300019A1021118028
:10F020000199486046F64840C0F601008189019A7E
:10F0300091818168019A91604068019948609DF9C9
:10F04000030002B07047000082B0019000208DF8EC
:10F050000300019A4FF4006111800199486046F65F
:10F060005840C0F601008189019A91818168019A16
:10F0700091604068019948609DF9030002B07047B3
:10F0800082B0019000208DF80300019A4FF4807146
:10F0900011800199486046F66840C0F601008189F8
:10F0A000019A91818168019A916040680199486054
:10F0B0009DF9030002B0704782B0019000208DF8E6
:10F0C0000300019A202111800199486046F678409A
:10F0D000C0F601008189019A91818168019A91604D
:10F0E0004068019948609DF9030002B07047000034
:10F0F00082B0019000208DF80300019A4FF48051F6
:10F1000011800199486046F68840C0F60100818967
:10F11000019A91818168019A9160406801994860E3
:10F120009DF9030002B0704782B0019000208DF875
:10F130000300019A4FF4007111800199486046F66E
:10F140009840C0F601008189019A91818168019AF5
:10F1500091604068019948609DF9030002B07047D2
:10F1600082B0019000208DF80300019A40211180A7
:10F170000199486046F6A840C0F601008189019ACD
:10F1800091818168019A91604068019948609DF978
:10F19000030002B07047000080B584B00390ADF862
:10F1A0000A1000208DF80900BDF80A0001460191FF
:10F1B000102855D0FFE7019820284BD0FFE7019891
:10F1C000402841D0FFE70198802837D0FFE7019819
:10F1D000B0F5807F2CD0FFE70198B0F5007F21D0FB
:10F1E000FFE70198B0F5806F16D0FFE70198B0F502
:10F1F000006F0BD0FFE70198B0F5805F36D1FFE7D5
:10F200000398FFF775FF8DF8090033E00398FFF7C7
:10F210001BFF8DF809002DE00398FFF7C1FE8DF864
:10F22000090027E00398FFF77FFF8DF8090021E030
:10F230000398FFF725FF8DF809001BE00398FFF7FF
:10F24000CBFE8DF8090015E00398FFF789FF8DF8D4
:10F2500009000FE00398FFF72FFF8DF8090009E080
:10F260000398FFF7D5FE8DF8090003E0FF208DF825
:10F270000900FFE79DF9090004B080BD000000000F
:10F2800080B5A2B021902091219800881F902098ED
:10F290001F9900EB81001A902198406819902098DE
:10F2A0001E901A981D901F9840081F9020981F9933
:10F2B00000EB81001C901A981F9900EB81001B90B5
:10F2C0001F9880080290FFE70298002800F0BA819A
:10F2D000FFE72098006815902098406816902098C5
:10F2E000806817902098C06818901A98006811904C
:10F2F0001A98406812901A98806813901A98C068FB
:10F3000014901C9800680D901C9840680E901C98F2
:10F3100080680F901C98C06810901B980068099036
:10F320001B9840680A901B9880680B901B98C068D7
:10F330000C909DED150A9DED111A30EE010A2098F2
:10F34000011D209180ED000A9DED160A9DED121A17
:10F3500030EE010A2098011D209180ED000A9DEDFC
:10F36000170A9DED131A30EE010A2098011D209115
:10F3700080ED000A9DED180A9DED141A30EE010A89
:10F380002098011D209180ED000A9DED150A9DED4C
:10F39000111A30EE410A8DED110A9DED160A9DED10
:10F3A000121A30EE410A8DED120A9DED170A9DEDFD
:10F3B000131A30EE410A8DED130A9DED180A9DEDEA
:10F3C000141A30EE410A8DED140A9DED0D0A9DEDE3
:10F3D000091A30EE010A1C98011D1C9180ED000AEB
:10F3E0009DED0E0A9DED0A1A30EE010A1C98011DD2
:10F3F0001C9180ED000A9DED0F0A9DED0B1A30EE79
:10F40000010A1C98011D1C9180ED000A9DED100A57
:10F410009DED0C1A30EE010A1C98011D1C9180ED27
:10F42000000A9DED090A9DED0D1A30EE410A8DEDA1
:10F43000090A9DED0A0A9DED0E1A30EE410A8DED86
:10F440000A0A9DED0B0A9DED0F1A30EE410A8DED73
:10F450000B0A9DED0C0A9DED101A30EE410A8DED60
:10F460000C0A1998011D1991006808901998011D3E
:10F470001991006807909DED110A9DED081A20EE84
:10F48000010A8DED060A9DED120A9DED071A20EE88
:10F49000010A8DED050A9DED120A9DED081A20EE78
:10F4A000010A8DED040A9DED110A9DED071A20EE6B
:10F4B000010A8DED030A9DED060A9DED051A30EE59
:10F4C000010A1A98011D1A9180ED000A9DED040AA7
:10F4D0009DED031A30EE410A1A98011D1A9180ED34
:10F4E000000A9DED090A9DED071A20EE010A8DED37
:10F4F000060A9DED0A0A9DED081A20EE010A8DED1F
:10F50000050A9DED0A0A9DED071A20EE010A8DED10
:10F51000040A9DED090A9DED081A20EE010A8DED01
:10F52000030A9DED060A9DED051A30EE410A1B986F
:10F53000011D1B9180ED000A9DED040A9DED031A4B
:10F5400030EE010A1B98011D1B9180ED000A1998ED
:10F55000011D1991006808901998011D1991006802
:10F5600007909DED130A9DED081A20EE010A8DED1E
:10F57000060A9DED140A9DED071A20EE010A8DED95
:10F58000050A9DED140A9DED081A20EE010A8DED85
:10F59000040A9DED130A9DED071A20EE010A8DED78
:10F5A000030A9DED060A9DED051A30EE010A1A9830
:10F5B000011D1A9180ED000A9DED040A9DED031ACC
:10F5C00030EE410A1A98011D1A9180ED000A9DED56
:10F5D0000B0A9DED071A20EE010A8DED060A9DED3E
:10F5E0000C0A9DED081A20EE010A8DED050A9DED2D
:10F5F0000C0A9DED071A20EE010A8DED040A9DED1F
:10F600000B0A9DED081A20EE010A8DED030A9DED0F
:10F61000060A9DED051A30EE410A1B98011D1B914B
:10F6200080ED000A9DED040A9DED031A30EE010AFB
:10F630001B98011D1B9180ED000AFFE7029801381D
:10F64000029041E61E98BDF87C10219A5268022370
:10F65000019300F081FD019B1D98BDF87C10219A5B
:10F66000526800F079FD22B080BD0000000000006B
:10F6700080B5ACB02B902A912B9800884008299037
:10F680002A98299900EB81001D901D98299900EB7B
:10F6900081001C901C98299900EB81001B902A98EE
:10F6A00028901D9827901C9826901B9825901D98AF
:10F6B000043824901C98043823901B980438229016
:10F6C0002298299900EB810021902B9840681E9088
:10F6D0001F90209029984008299002200390042030
:10F6E0000290062001902A9890ED000A1C9890ED57
:10F6F000001A30EE010A8DED0C0A2A9890ED000AEE
:10F700001C9890ED001A30EE410A8DED0B0A2A98F4
:10F7100090ED010A1C9890ED011A30EE010A8DED72
:10F720000A0A2A9890ED010A1C9890ED011A30EE11
:10F73000410A8DED090A9DED0B0A1D9890ED011A05
:10F7400030EE010A1B9890ED011A30EE410A8DED62
:10F75000170A9DED090A1D9890ED001A30EE410A36
:10F760001B9890ED001A30EE010A8DED180A9DED00
:10F770000C0A1D9890ED001A30EE410A1B9890ED8E
:10F78000001A30EE410A8DED130A9DED0A0A1D980C
:10F7900090ED011A30EE410A1B9890ED011A30EEFF
:10F7A000410A8DED140A9DED0B0A1D9890ED011A8A
:10F7B00030EE410A1B9890ED011A30EE010A8DEDF2
:10F7C0000F0A9DED090A1D9890ED001A30EE010A0E
:10F7D0001B9890ED001A30EE410A8DED100A9DED58
:10F7E0000C0A1D9890ED001A30EE010A1B9890ED5E
:10F7F000001A30EE010A2A98011D2A9180ED000AB4
:10F800009DED0A0A1D9890ED011A30EE010A1B9831
:10F8100090ED011A30EE010A2A98011D2A9180ED1F
:10F82000000A17981D990A1D1D92086018981D99C5
:10F830000A1D1D92086013981C990A1D1C920860ED
:10F8400014981C990A1D1C9208600F981B990A1D98
:10F850001B92086010981B990A1D1B92086003995F
:10F86000209800EB8100209002991F9800EB810006
:10F870001F9001991E9800EB81001E902998023874
:10F8800040080490FFE70498002800F0AC82FFE7EE
:10F890002A9890ED000A1C9890ED001A30EE010AAB
:10F8A0008DED0C0A2A9890ED000A1C9890ED001A34
:10F8B00030EE410A8DED0B0A2A9890ED010A1C9852
:10F8C00090ED011A30EE010A8DED0A0A2A9890EDAA
:10F8D000010A1C9890ED011A30EE410A8DED090ADB
:10F8E0009DED0B0A1D9890ED011A30EE010A1B9850
:10F8F00090ED011A30EE410A8DED170A9DED090ACF
:10F900001D9890ED001A30EE410A1B9890ED001AF8
:10F9100030EE010A8DED180A9DED0C0A1D9890ED50
:10F92000001A30EE410A1B9890ED001A30EE410AA1
:10F930008DED130A9DED0A0A1D9890ED011A30EE27
:10F94000410A1B9890ED011A30EE410A8DED140A20
:10F950009DED0B0A1D9890ED011A30EE410A1B989F
:10F9600090ED011A30EE010A8DED0F0A9DED090AA6
:10F970001D9890ED001A30EE010A1B9890ED001AC8
:10F9800030EE410A8DED100A9DED0C0A1D9890EDA8
:10F99000001A30EE010A1B9890ED001A30EE010AB1
:10F9A0002A98011D2A9180ED000A9DED0A0A1D98F2
:10F9B00090ED011A30EE010A1B9890ED011A30EE1D
:10F9C000010A2A98011D2A9180ED000A249810ED61
:10F9D000010A229810ED011A30EE010A8DED0A0A93
:10F9E000249810ED010A229810ED011A30EE410A18
:10F9F0008DED090A249890ED000A229890ED001AE6
:10FA000030EE010A8DED0C0A249890ED000A229840
:10FA100090ED001A30EE410A8DED0B0A239890ED1F
:10FA2000000A219890ED001A30EE410A9DED091A66
:10FA300030EE010A8DED190A249890ED000A229803
:10FA400090ED001A30EE410A239810ED011A30EEC5
:10FA5000410A219810ED011A30EE010A8DED1A0AC3
:10FA60009DED0A0A239810ED011A30EE410A219803
:10FA700010ED011A30EE410A8DED150A9DED0C0ACC
:10FA8000239890ED001A30EE410A219890ED001A6B
:10FA900030EE410A8DED160A239890ED000A219868
:10FAA00090ED001A30EE410A9DED091A30EE410A40
:10FAB0008DED110A219810ED010A239810ED011A1D
:10FAC00030EE410A9DED0B1A30EE410A8DED120A1F
:10FAD0009DED0C0A239890ED001A30EE010A219852
:10FAE00090ED001A30EE010A2498011F249180ED58
:10FAF000000A9DED0A0A239810ED011A30EE010A62
:10FB0000219810ED011A30EE010A2498011F24916A
:10FB100080ED000A2098011D209100680E90209829
:10FB2000011D209100680D909DED170A9DED0E1AA4
:10FB300020EE010A8DED080A9DED180A9DED0D1AC3
:10FB400020EE010A8DED070A9DED180A9DED0E1AB3
:10FB500020EE010A8DED060A9DED170A9DED0D1AA6
:10FB600020EE010A8DED050A9DED080A9DED071AAC
:10FB700030EE010A1D98011D1D9180ED000A9DEDDA
:10FB8000060A9DED051A30EE410A1D98011D1D91D2
:10FB900080ED000A9DED1A0A9DED0D1A20EE010A76
:10FBA0008DED080A9DED190A9DED0E1A20EE010A51
:10FBB0008DED070A9DED190A9DED0D1A20EE010A43
:10FBC0008DED060A9DED1A0A9DED0E1A20EE010A32
:10FBD0008DED050A9DED080A9DED071A30EE410AEC
:10FBE0002398011F239180ED000A9DED060A9DEDEB
:10FBF000051A30EE010A2398011F239180ED000AB7
:10FC00001F9800680E901F9840680D9002991F98E9
:10FC100000EB81001F909DED130A9DED0E1A20EE62
:10FC2000010A8DED080A9DED140A9DED0D1A20EED6
:10FC3000010A8DED070A9DED140A9DED0E1A20EEC6
:10FC4000010A8DED060A9DED130A9DED0D1A20EEB9
:10FC5000010A8DED050A9DED080A9DED071A30EEAB
:10FC6000010A1C98011D1C9180ED000A9DED060AF9
:10FC70009DED051A30EE410A1C98011D1C9180ED86
:10FC8000000A9DED160A9DED0E1A20EE410A8DED3B
:10FC9000080A9DED150A9DED0D1A20EE010A8DED65
:10FCA000070A9DED150A9DED0E1A20EE010A8DED55
:10FCB000060A9DED160A9DED0D1A20EE010A8DED46
:10FCC000050A9DED080A9DED071A30EE410A2298BB
:10FCD000011F229180ED000A9DED050A9DED061A97
:10FCE00030EE410A2298011F229180ED000A1E98F1
:10FCF00000680E901E9840680D9001991E9800EBC8
:10FD000081001E909DED0F0A9DED0E1A20EE010A56
:10FD10008DED080A9DED100A9DED0D1A20EE010AE9
:10FD20008DED070A9DED100A9DED0E1A20EE010AD9
:10FD30008DED060A9DED0F0A9DED0D1A20EE010ACC
:10FD40008DED050A9DED080A9DED071A30EE010ABA
:10FD50001B98011D1B9180ED000A9DED060A9DED8B
:10FD6000051A30EE410A1B98011D1B9180ED000A17
:10FD70009DED120A9DED0D1A20EE010A8DED080A87
:10FD80009DED110A9DED0E1A20EE010A8DED070A78
:10FD90009DED110A9DED0D1A20EE010A8DED060A6A
:10FDA0009DED120A9DED0E1A20EE010A8DED050A59
:10FDB0009DED080A9DED071A30EE410A2198011FBA
:10FDC000219180ED000A9DED060A9DED051A30EEA9
:10FDD000010A2198011F219180ED000AFFE7049894
:10FDE000013804904FE52A9890ED000A1C9890ED98
:10FDF000001A30EE010A8DED0C0A2A9890ED000AE7
:10FE00001C9890ED001A30EE410A8DED0B0A2A98ED
:10FE100090ED010A1C9890ED011A30EE010A8DED6B
:10FE20000A0A2A9890ED010A1C9890ED011A30EE0A
:10FE3000410A8DED090A9DED0B0A1D9890ED011AFE
:10FE400030EE010A1B9890ED011A30EE410A8DED5B
:10FE5000170A9DED090A1D9890ED001A30EE410A2F
:10FE60001B9890ED001A30EE010A8DED180A9DEDF9
:10FE70000C0A1D9890ED001A30EE410A1B9890ED87
:10FE8000001A30EE410A8DED130A9DED0A0A1D9805
:10FE900090ED011A30EE410A1B9890ED011A30EEF8
:10FEA000410A8DED140A9DED0B0A1D9890ED011A83
:10FEB00030EE410A1B9890ED011A30EE010A8DEDEB
:10FEC0000F0A9DED090A1D9890ED001A30EE010A07
:10FED0001B9890ED001A30EE410A8DED100A9DED51
:10FEE0000C0A1D9890ED001A30EE010A1B9890ED57
:10FEF000001A30EE010A2A98011D2A9180ED000AAD
:10FF00009DED0A0A1D9890ED011A30EE010A1B982A
:10FF100090ED011A30EE010A2A98011D2A9180ED18
:10FF2000000A209800680E90209840680D909DED82
:10FF3000170A9DED0E1A20EE010A8DED080A9DEDBF
:10FF4000180A9DED0D1A20EE010A8DED070A9DEDB0
:10FF5000180A9DED0E1A20EE010A8DED060A9DEDA0
:10FF6000170A9DED0D1A20EE010A8DED050A9DED93
:10FF7000080A9DED071A30EE010A1D98011D1D911A
:10FF800080ED000A9DED060A9DED051A30EE410A4E
:10FF90001D98011D1D9180ED000A1F9800680E90AC
:10FFA0001F9840680D909DED130A9DED0E1A20EEEE
:10FFB000010A8DED080A9DED140A9DED0D1A20EE43
:10FFC000010A8DED070A9DED140A9DED0E1A20EE33
:10FFD000010A8DED060A9DED130A9DED0D1A20EE26
:10FFE000010A8DED050A9DED080A9DED071A30EE18
:10FFF000010A1C98011D1C9180ED000A9DED060A66
:020000040801F1
:100000009DED051A30EE410A1C98011D1C9180EDF2
:10001000000A1E9800680E901E9840680D909DED95
:100020000F0A9DED0E1A20EE010A8DED080A9DEDD6
:10003000100A9DED0D1A20EE010A8DED070A9DEDC7
:10004000100A9DED0E1A20EE010A8DED060A9DEDB7
:100050000F0A9DED0D1A20EE010A8DED050A9DEDAA
:10006000080A9DED071A30EE010A1B98011D1B912D
:1000700080ED000A9DED060A9DED051A30EE410A5D
:100080001B98011D1B9180ED000A2898BDF8A41053
:100090002B9A52680423009300F05EF8009B279887
:1000A000BDF8A4102B9A526800F056F8009B2698D1
:1000B000BDF8A4102B9A526800F04EF8009B2598CA
:1000C000BDF8A4102B9A526800F046F82CB080BD01
:1000D00080B58AB006900591049204980390FFE7DA
:1000E0000398B0B3FFE70698011D069100680290DF
:1000F0000698011D0691006801909DED021A9DED84
:10010000010A20EE000AA1EE010A0598011D0591E1
:100110008DED080A07909DED080AB5EE400AF1EE54
:1001200010FA0BDBFFE79DED080AFEF735FE079896
:1001300080ED000A00208DF8270006E007990020D6
:100140000860FF208DF82700FFE70398013803902F
:10015000C6E70AB080BD0000BCB03B90ADF8EA1025
:100160003992ADF8E23040F2F340C3F635700090BA
:10017000BDF8EA002690FFE7269827902698C00849
:10018000269000203090FFE73098269908442F9061
:100190002F98269908442E902E98269908442D9041
:1001A0002D98269908442C902C98269908442B9039
:1001B0002B98269908442A902A9826990844299031
:1001C0003B98309900EBC10191ED000A2C9900EBAE
:1001D000C10090ED001A30EE010A8DED240A3B9823
:1001E000309900EBC10191ED000A2C9900EBC100A0
:1001F00090ED001A30EE410A8DED200A3B982F99C0
:1002000000EBC10191ED000A2B9900EBC10090EDCC
:10021000001A30EE010A8DED230A3B982F9900EB6E
:10022000C10191ED000A2B9900EBC10090ED001A7D
:1002300030EE410A8DED1F0A3B982E9900EBC1016B
:1002400091ED000A2A9900EBC10090ED001A30EE02
:10025000010A8DED220A3B982E9900EBC10191ED28
:10026000000A2A9900EBC10090ED001A30EE410A15
:100270008DED1E0A3B982D9900EBC10191ED000A0E
:10028000299900EBC10090ED001A30EE010A8DEDC6
:10029000210A3B982D9900EBC10191ED000A2999A3
:1002A00000EBC10090ED001A30EE410A8DED1D0A01
:1002B0009DED240A9DED221A30EE410A8DED1C0AB7
:1002C0009DED240A9DED221A30EE010A8DED240ADF
:1002D0009DED230A9DED211A30EE410A8DED220A93
:1002E0009DED230A9DED211A30EE010A8DED230AC2
:1002F0009DED240A9DED231A30EE010A3B983099BA
:1003000000EBC10080ED000A9DED240A9DED231A4B
:1003100030EE410A3B982C9900EBC10080ED000AB9
:100320003B98309900EBC10191ED010A2C9900EB4B
:10033000C10090ED011A30EE010A8DED240A3B98C0
:10034000309900EBC10191ED010A2C9900EBC1003D
:1003500090ED011A30EE410A8DED160A3B982F9967
:1003600000EBC10191ED010A2B9900EBC10090ED6A
:10037000011A30EE010A8DED230A3B982F9900EB0C
:10038000C10191ED010A2B9900EBC10090ED011A1A
:1003900030EE410A8DED150A3B982E9900EBC10114
:1003A00091ED010A2A9900EBC10090ED011A30EE9F
:1003B000010A8DED180A3B982E9900EBC10191EDD1
:1003C000010A2A9900EBC10090ED011A30EE410AB2
:1003D0008DED140A3B982D9900EBC10191ED010AB6
:1003E000299900EBC10090ED011A30EE010A8DED64
:1003F000210A3B982D9900EBC10191ED010A299941
:1004000000EBC10090ED011A30EE410A8DED130AA8
:100410009DED240A9DED181A30EE410A8DED1B0A60
:100420009DED240A9DED181A30EE010A8DED240A87
:100430009DED230A9DED211A30EE410A8DED180A3B
:100440009DED230A9DED211A30EE010A8DED230A60
:100450009DED240A9DED231A30EE010A3B98309958
:1004600000EBC10080ED010A9DED240A9DED231AE9
:1004700030EE410A3B982C9900EBC10080ED010A57
:100480009DED1C0A9DED181A30EE010A3B982E993D
:1004900000EBC10080ED000A9DED1C0A9DED181ACD
:1004A00030EE410A3B982A9900EBC10080ED000A2A
:1004B0009DED1B0A9DED221A30EE410A3B982E99C4
:1004C00000EBC10080ED010A9DED1B0A9DED221A93
:1004D00030EE010A3B982A9900EBC10080ED010A39
:1004E0009DED1F0A9DED1D1A30EE410A9FED6A1A1F
:1004F00020EE010A8DED240A9DED1F0A9DED1D2AB7
:1005000030EE020A20EE010A8DED1F0A9DED150A5C
:100510009DED132A30EE420A20EE010A8DED230AEA
:100520009DED150A9DED132A30EE020A20EE010A18
:100530008DED150A9DED200A9DED241A30EE410A3D
:100540008DED1C0A9DED200A9DED241A30EE010A66
:100550008DED200A9DED1E0A9DED1F1A30EE410A19
:100560008DED1D0A9DED1E0A9DED1F1A30EE010A4C
:100570008DED1E0A9DED160A9DED231A30EE410AFF
:100580008DED1B0A9DED160A9DED231A30EE010A32
:100590008DED160A9DED140A9DED151A30EE410AF7
:1005A0008DED130A9DED140A9DED151A30EE010A2A
:1005B0008DED140A9DED200A9DED141A30EE010A0E
:1005C0003B982F9900EBC10080ED000A9DED200AB9
:1005D0009DED141A30EE410A3B98299900EBC100B9
:1005E00080ED000A9DED1C0A9DED131A30EE010A04
:1005F0003B982B9900EBC10080ED000A9DED1C0A91
:100600009DED131A30EE410A3B982D9900EBC10085
:1006100080ED000A9DED160A9DED1E1A30EE410A8E
:100620003B982F9900EBC10080ED010A9DED160A61
:100630009DED1E1A30EE010A3B98299900EBC1008E
:1006400080ED010A9DED1B0A9DED1D1A30EE410A59
:100650003B982B9900EBC10080ED010A9DED1B0A30
:100660009DED1D1A30EE010A3B982D9900EBC1005B
:1006700080ED010A2799309808443090FFE73098C0
:10068000BDF8EA108842FFF47FADFFE726980728FF
:1006900004D8FFE700F05DBCF304353F002037903D
:1006A00001202590FFE73798BDF8E2100844289014
:1006B0002898379037982899084436903698289982
:1006C00008443590359828990844349034982899EE
:1006D00008443390339828990844329032982899E6
:1006E000084431903998379950F831000E90399874
:1006F000369950F831000D903998359950F83100FD
:100700000C903998349950F831000B9039983399FE
:1007100050F831000A903998329950F83100099018
:100720003998319950F8310008903998379900EB91
:10073000C100406807903998369900EBC1004068C5
:1007400006903998359900EBC100406805903998BA
:10075000349900EBC100406804903998339900EB5C
:10076000C100406803903998329900EBC10040689D
:1007700002903998319900EBC100406801902598AA
:100780003090FFE73098269908442F902F982699AB
:1007900008442E902E98269908442D902D9826993D
:1007A00008442C902C98269908442B902B98269935
:1007B00008442A902A982699084429903B98309911
:1007C00000EBC10191ED000A2C9900EBC10090ED06
:1007D000001A30EE010A8DED240A3B98309900EBA7
:1007E000C10191ED000A2C9900EBC10090ED001AB7
:1007F00030EE410A8DED200A3B982F9900EBC101A4
:1008000091ED000A2B9900EBC10090ED001A30EE3B
:10081000010A8DED230A3B982F9900EBC10191ED60
:10082000000A2B9900EBC10090ED001A30EE410A4E
:100830008DED1F0A3B982E9900EBC10191ED000A46
:100840002A9900EBC10090ED001A30EE010A8DEDFF
:10085000220A3B982E9900EBC10191ED000A2A99DA
:1008600000EBC10090ED001A30EE410A8DED1E0A3A
:100870003B982D9900EBC10191ED000A299900EBFD
:10088000C10090ED001A30EE010A8DED210A3B986F
:100890002D9900EBC10191ED000A299900EBC100EF
:1008A00090ED001A30EE410A8DED1D0A9DED240AEF
:1008B0009DED221A30EE410A8DED1C0A9DED240AB1
:1008C0009DED221A30EE010A8DED240A9DED230ADA
:1008D0009DED211A30EE410A8DED220A9DED230A8D
:1008E0009DED211A30EE010A8DED230A9DED240ABB
:1008F0009DED231A30EE010A3B98309900EBC100C0
:1009000080ED000A9DED240A9DED231A30EE410A88
:100910008DED230A3B98309900EBC10191ED010A5E
:100920002C9900EBC10090ED011A30EE010A8DED1B
:100930001A0A3B98309900EBC10191ED010A2C99FC
:1009400000EBC10090ED011A30EE410A8DED160A60
:100950003B982F9900EBC10191ED010A2B9900EB17
:10096000C10090ED011A30EE010A8DED190A3B9895
:100970002F9900EBC10191ED010A2B9900EBC10009
:1009800090ED011A30EE410A8DED150A3B982E9933
:1009900000EBC10191ED010A2A9900EBC10090ED35
:1009A000011A30EE010A8DED180A3B982E9900EBE2
:1009B000C10191ED010A2A9900EBC10090ED011AE5
:1009C00030EE410A8DED140A3B982D9900EBC101E0
:1009D00091ED010A299900EBC10090ED011A30EE6A
:1009E000010A8DED170A3B982D9900EBC10191ED9D
:1009F000010A299900EBC10090ED011A30EE410A7D
:100A00008DED130A9DED1A0A9DED181A30EE410A7C
:100A10008DED1B0A9DED1A0A9DED181A30EE010AA4
:100A20008DED1A0A9DED190A9DED171A30EE410A57
:100A30008DED180A9DED190A9DED171A30EE010A89
:100A40008DED190A9DED1C0A9DED181A30EE010A74
:100A50008DED240A9DED1C0A9DED181A30EE410A19
:100A60008DED1C0A9DED1A0A9DED191A30EE010A52
:100A70003B98309900EBC10080ED010A9DED1A0A08
:100A80009DED191A30EE410A8DED190A9DED1B0AF4
:100A90009DED221A30EE410A8DED1A0A9DED1B0ADA
:100AA0009DED221A30EE010A8DED1B0A9DED0B0A19
:100AB0009DED231A20EE010A8DED120A9DED040A28
:100AC0009DED191A20EE010A8DED110A9DED0B0A1C
:100AD0009DED191A20EE010A8DED100A9DED040A14
:100AE0009DED231A20EE010A8DED0F0A9DED120AED
:100AF0009DED111A30EE010A3B982C9900EBC100D4
:100B000080ED000A9DED100A9DED0F1A30EE410AAE
:100B10003B982C9900EBC10080ED010A9DED0D0A78
:100B20009DED241A20EE010A8DED120A9DED060AB4
:100B30009DED1A1A20EE010A8DED110A9DED0D0AA8
:100B40009DED1A1A20EE010A8DED100A9DED060AA0
:100B50009DED241A20EE010A8DED0F0A9DED120A7B
:100B60009DED111A30EE010A3B982E9900EBC10061
:100B700080ED000A9DED100A9DED0F1A30EE410A3E
:100B80003B982E9900EBC10080ED010A9DED090A0A
:100B90009DED1C1A20EE010A8DED120A9DED020A50
:100BA0009DED1B1A20EE010A8DED110A9DED090A3B
:100BB0009DED1B1A20EE010A8DED100A9DED020A33
:100BC0009DED1C1A20EE010A8DED0F0A9DED120A13
:100BD0009DED111A30EE010A3B982A9900EBC100F5
:100BE00080ED000A9DED100A9DED0F1A30EE410ACE
:100BF0003B982A9900EBC10080ED010A9DED1F0A88
:100C00009DED1D1A30EE410A9FEDD31A20EE010A28
:100C10008DED240A9DED1F0A9DED1D2A30EE020A7E
:100C200020EE010A8DED1F0A9DED150A9DED132A98
:100C300030EE420A20EE010A8DED1A0A9DED150AEA
:100C40009DED132A30EE020A20EE010A8DED150A01
:100C50009DED200A9DED241A30EE410A8DED1C0A0F
:100C60009DED200A9DED241A30EE010A8DED200A3B
:100C70009DED1E0A9DED1F1A30EE410A8DED1D0AF5
:100C80009DED1E0A9DED1F1A30EE010A8DED1E0A24
:100C90009DED160A9DED1A1A30EE410A8DED1B0AE4
:100CA0009DED160A9DED1A1A30EE010A8DED160A19
:100CB0009DED140A9DED151A30EE410A8DED130AD3
:100CC0009DED140A9DED151A30EE010A8DED140A02
:100CD0009DED200A9DED141A30EE010A8DED240AD7
:100CE0009DED200A9DED141A30EE410A8DED200A8B
:100CF0009DED1C0A9DED131A30EE010A8DED1F0AC1
:100D00009DED1C0A9DED131A30EE410A8DED1C0A73
:100D10009DED160A9DED1E1A30EE410A8DED1A0A60
:100D20009DED160A9DED1E1A30EE010A8DED160A94
:100D30009DED1B0A9DED1D1A30EE410A8DED150A41
:100D40009DED1B0A9DED1D1A30EE010A8DED1B0A6B
:100D50009DED0E0A9DED241A20EE010A8DED120A7A
:100D60009DED070A9DED1A1A20EE010A8DED110A7C
:100D70009DED0E0A9DED1A1A20EE010A8DED100A66
:100D80009DED070A9DED241A20EE010A8DED0F0A54
:100D90009DED120A9DED111A30EE010A3B982F9934
:100DA00000EBC10080ED000A9DED100A9DED0F1AC9
:100DB00030EE410A3B982F9900EBC10080ED010A0B
:100DC0009DED080A9DED201A20EE010A8DED120A14
:100DD0009DED010A9DED161A20EE010A8DED110A16
:100DE0009DED080A9DED161A20EE010A8DED100A00
:100DF0009DED010A9DED201A20EE010A8DED0F0AEE
:100E00009DED120A9DED111A30EE010A3B982999C9
:100E100000EBC10080ED000A9DED100A9DED0F1A58
:100E200030EE410A3B98299900EBC10080ED010AA0
:100E30009DED0A0A9DED1F1A20EE010A8DED120AA2
:100E40009DED030A9DED151A20EE010A8DED110AA4
:100E50009DED0A0A9DED151A20EE010A8DED100A8E
:100E60009DED030A9DED1F1A20EE010A8DED0F0A7C
:100E70009DED120A9DED111A30EE010A3B982B9957
:100E800000EBC10080ED000A9DED100A9DED0F1AE8
:100E900030EE410A3B982B9900EBC10080ED010A2E
:100EA0009DED0C0A9DED1C1A20EE010A8DED120A33
:100EB0009DED050A9DED1B1A20EE010A8DED110A2C
:100EC0009DED0C0A9DED1B1A20EE010A8DED100A16
:100ED0009DED050A9DED1C1A20EE010A8DED0F0A0D
:100EE0009DED120A9DED111A30EE010A3B982D99E5
:100EF00000EBC10080ED000A9DED100A9DED0F1A78
:100F000030EE410A3B982D9900EBC10080ED010ABB
:100F10002799309808443090FFE73098BDF8EA10E0
:100F20008842FFF42FACFFE7259801302590FFE7BA
:100F3000259826998842FFF4B6ABFFE7BDF8E2009A
:100F4000C000ADF8E200FFE7269807283FF614A995
:100F5000FFE73CB0704700BFF304353F00000000DE
:100F600070B5A8B000202790FBF78EFAF5F740FD8A
:100F7000FCF7C6FCFCF7BCF9FBF7B2FBFBF780FB08
:100F8000FBF7AEFAFBF7BCFCFBF786FDFBF748FC72
:100F9000FBF7FAFCFBF77CFCFBF70AFBFBF738FDE1
:100FA00048F26810C2F200404FF480611291FEF7DF
:100FB000F3F848F27810C2F200404FF40071FEF7E7
:100FC000EBF8EFF7E1FAEFF773FB40F20000C2F243
:100FD0000040FCF735F948F2C840C2F20040FAF789
:100FE0004FF8129A48F28810C2F2004040F2B00165
:100FF000C2F20041F2F754F8FFE748F26510C2F27E
:1010000000400078012840F03D81FFE748F2C840E9
:10101000C2F20040FAF7B0F848F28810C2F200407D
:10102000F2F72EF948F26511C2F200410020087073
:1010300069464FF480601190086040F2B000C2F23F
:10104000004042F6B001C2F2004144F6B002C2F2E2
:101050000042079240F6B003C2F20043FBF788FD5E
:101060000798119B48F2F801C2F200410F9148F233
:101070004812C2F200421092FBF7BAFE07990F9A8B
:10108000119B23A8FBF754FF07990F9A119B48F275
:10109000D00CC2F2004CCDF820C02398DDF890E0CF
:1010A000259C269DCCF80C50CCF80840CCF804E0E8
:1010B000CCF800001FA8FBF76BFF0799109A119B53
:1010C00048F2E00CC2F2004CCDF824C01F98DDF8C5
:1010D00080E0219C229DCCF80C50CCF80840CCF844
:1010E00004E0CCF800001BA8FBF722FF0799109A38
:1010F000119B48F2201CC2F2004CCDF828C01B986E
:10110000DDF870E01D9C1E9DCCF80C50CCF808401A
:10111000CCF804E0CCF8000017A8FBF739FF0899D9
:10112000099A0F9848F2301CC2F2004CCDF82CC03E
:10113000179BDDF860E0199C1A9DCCF80C50CCF898
:101140000840CCF804E0CCF80030FBF7EDFC0A993D
:101150000B9A10988DED150ACDED160A48F2F00C99
:10116000C2F2004CCDF838C0159BDDF858E0CCF841
:1011700004E0CCF80030FBF7D7FC0E988DED130A95
:10118000CDED140A48F24012C2F200420C921399BB
:10119000149B5360116048F20C16C2F2004696EDA3
:1011A000000AD0ED000AFBF723FF0E9880ED000A3D
:1011B00048F21015C2F2004595ED000AD0ED010A83
:1011C000FBF716FF0C980E9981ED010A48F21414F2
:1011D000C2F2004494ED000AD0ED000AFBF708FFCC
:1011E0000C9880ED000A48F21811C2F200410D91EE
:1011F00091ED000AD0ED010AFBF7FAFE0C9B0E9967
:101200000F98109ADDF834E083ED010AD1F800C0A0
:10121000C6F800C0D1F804C0C5F800C0D3F800C0BB
:10122000C4F800C0D3F804C0CEF800C0FBF724FF18
:10123000109A01460E989172FBF7FEFE01460F9838
:10124000817290ED010AB8EE400A807AEFF710FA49
:10125000109890ED010AB8EE400A807AEFF79CFAF8
:1012600048F21450C2F20040F9F70AFF119A48F20E
:10127000EC10C2F2004047F6C001C2F20041F1F7A3
:101280000FFFFFE748F26410C2F200400078012827
:1012900040F0B080FFE748F26411C2F20041002044
:1012A000087048F21450C2F20040F9F765FF48F2A6
:1012B000EC10C2F20040F1F7E3FF47F6C000C2F2C3
:1012C000004045F2B001C2F20041029146F2B00284
:1012D000C2F2004203924FF480630493FBF72CFDAB
:1012E0000299049B47F6B000C2F20040059047F215
:1012F000B002C2F20042FBF79BFC0399049B48F248
:10130000C000C2F20040069047F2B042C2F2004272
:10131000FBF78EFC0599069891ED030A90ED031AF0
:1013200030EE410A48F21C10C2F2004080ED000A83
:1013300090ED000A9FED301AB4EE410AF1EE10FA7A
:101340000DDDFFE748F21C10C2F2004090ED000AEC
:101350009FED2A1A30EE010A80ED000AFFE748F2FD
:101360001C10C2F2004090ED000A9FED251AB4EE69
:10137000410AF1EE10FA0DDAFFE748F21C10C2F252
:10138000004090ED000A9FED1F1A30EE010A80ED3B
:10139000000AFFE748F21C10C2F20040016840F268
:1013A0000000C2F2004001904160FBF75DFF01992F
:1013B00048F2F800C2F2004090ED010AB8EE400A8F
:1013C00091ED021A30EE410A807AEFF751F948F2B6
:1013D0001450C2F20040F9F753FE48F2EC10C2F28A
:1013E000004047F6C001C2F200414FF48062F1F7BD
:1013F00057FEFFE701E600BF000034430000B4C31E
:10140000000034C30000B4434100080218BF0420A8
:101410000A0E18BF40F001004FF07F4232EA01018E
:1014200008BF40F00200012808BF052070470000F7
:1014300070B54FF068422DED048BF0EE408A18EE47
:10144000900AB0EE608A18EE101A02EB4003B3F176
:10145000654F3CBF02EB4102B2F1654F7DD200BF48
:10146000C0F3C753C1F3C7529A1A1B2A09DD10F003
:10147000004F14BF9FED830A9FED830ABDEC048BE0
:1014800070BD12F11A0F36DA11F0004F09D010F0CA
:10149000004F0CBF9FED7D0A9FED7D0ABDEC048BD4
:1014A00070BD88EE889A19EE100AFFF7ADFF042888
:1014B00008BF00F017F918EE900AFFF7A5FF0546E0
:1014C00018EE100AFFF7A0FF044619EE100AFFF706
:1014D0009BFF042D18BF052D08D1042C18BF052C27
:1014E00004D1002804BF0220EFF707F8B0EE490A44
:1014F000BDEC048B70BD4200B2EB410F3AD910F045
:10150000004F19BFDFED630A9FED630ADFED630A49
:101510009FED630AB0EE481A0A46B1EE688A80F081
:101520000041F0EE418A10460A1A5200B2F1807F63
:1015300034D2484010F0004FDFED5A1A9FED5A2A7E
:101540001DBFBEEE001A70EEE10A30EE420AB6EEA2
:10155000001A08BF70EEA10A00E040E008BF30EEBC
:10156000020AB0EE682A01EE482A08EE818AC2EE2D
:10157000081A15E011F0004F04BF9FED4C0AF0EE81
:10158000400AD1D010F0004F19BFDFED490A9FED9E
:10159000490ADFED490A9FED490AC5E7C8EE881AF6
:1015A00021EEA11A9FED462ADFED462A41EE022ADE
:1015B0009FED452A01EE222ADFED442A41EE022A60
:1015C0009FED432ABDEC048B01EE222A21EE811A05
:1015D00001EE020A30EE210A30EE200A70BD4FF013
:1015E0007F42B2EB400F28BFB2EB410F09D2F0EEC1
:1015F000480AB0EE680ABDEC048BBDE8704000F00C
:101600006DB840EA01035B0008BF41F0FF410BD019
:10161000B2EB400F08BFB2EB410F08D120F0804081
:1016200008EE900A21F0804108EE101A18E7B2EB9C
:10163000400F12BF5FEA410340F0FF4001F000415C
:101640003FF40EAFB2EB410F12BF5FEA400200F071
:10165000004041F0FF413FF403AF4A0092EA4003EB
:101660003FF5FEAE002AACBF9FED1A0A9FED1A0AA5
:1016700068EE808A28EE008A18EE900A18EE101A9A
:10168000EEE60000DB0FC9BFDB0FC93FDB0F4940AF
:10169000DB0F49C00000C9BF22AAFDB90000C93F45
:1016A00022AAFD390060ED3EC30ACE3700000000DB
:1016B000000049C022AA7DBA0000494022AA7D3A12
:1016C0002DAD65BD8FB8D53D0FB511BE61C84C3E7F
:1016D000A8AAAABE0000804F0000802F30EE200A8A
:1016E000704700009FED020A20EE000A70470000DC
:1016F00000000010F1EE100A4FF6FF71C0F2C03189
:1017000020EA010040F04070E1EE100A704700004E
:101710000000010203040102030406070809000691
:101720001016000610160804020408010101010148
:101730000103070100000100020004000600080088
:101740000A000C001000200040008000000108008A
:1017500000101000000218000012200000042800F1
:101760000014300000063800001640000008480051
:1017700000185000000A5800001A6000000C6800B1
:10178000001C7000000E7800001E80000008880019
:1017900040109000400298004012A0004004A800B1
:1017A0004014B0004006B8004016C0004008C80011
:1017B0004018D000400AD800401AE000400CE80071
:1017C000401CF000400EF800401E00010008080117
:1017D000801010018002180180122001800428016D
:1017E00080143001800638018016400180084801CD
:1017F00080185001800A5801801A6001800C68012D
:10180000801C7001800E7801801E800140088801D4
:10181000C0109001C0029801C012A001C004A8012C
:10182000C014B001C006B801C016C001C008C8018C
:10183000C018D001C00AD801C01AE001C00CE801EC
:10184000C01CF001C00EF801C01E00020008080212
:1018500000111002000318020013200200052802E4
:101860000015300200073802001740020009480244
:1018700000195002000B5802001B6002000D6802A4
:10188000001D7002000F7802001F8002800888028D
:1018900040119002400398024013A0024005A802A4
:1018A0004015B0024007B8024017C0024009C80204
:1018B0004019D002400BD802401BE002400DE80264
:1018C000401DF002400FF802401F000340080803CB
:1018D0008011100380031803801320038005280360
:1018E00080153003800738038017400380094803C0
:1018F00080195003800B5803801B6003800D680320
:10190000801D7003800F7803801F8003C008880348
:10191000C0119003C0039803C013A003C005A8031F
:10192000C015B003C007B803C017C003C009C8037F
:10193000C019D003C00BD803C01BE003C00DE803DF
:10194000C01DF003C00FF803C01F000400100804FE
:1019500008101004001118040812200408102804AC
:10196000081430040806380408164004080848041F
:1019700008185004080A5804081A6004080C68047F
:10198000081C7004080E7804081E800400188804DF
:1019900048109004001998044812A0040818A804DC
:1019A0004814B0044806B8044816C0044808C804DF
:1019B0004818D004480AD804481AE004480CE8043F
:1019C000481CF004480EF804481E000540100805A5
:1019D00088101005401118058812200548102805A8
:1019E000881430058806380588164005880848059B
:1019F00088185005880A5805881A6005880C6805FB
:101A0000881C7005880E7805881E8005401888059A
:101A1000C810900540199805C812A0054818A805D7
:101A2000C814B005C806B805C816C005C808C8055A
:101A3000C818D005C80AD805C81AE005C80CE805BA
:101A4000C81CF005C80EF805C81E00068010080660
:101A500008111006801118060813200688102806A1
:101A60000815300608073806081740060809480612
:101A700008195006080B5806081B6006080D680672
:101A8000081D7006080F7806081F80068018880653
:101A900048119006801998064813A0068818A806D1
:101AA0004815B0064807B8064817C0064809C806D2
:101AB0004819D006480BD806481BE006480DE80632
:101AC000481DF006480FF806481F0007C010080719
:101AD00088111007C011180788132007C81028079D
:101AE000881530078807380788174007880948078E
:101AF00088195007880B5807881B6007880D6807EE
:101B0000881D7007880F7807881F8007C01888070E
:101B1000C8119007C0199807C813A007C818A807CC
:101B2000C815B007C807B807C817C007C809C8074D
:101B3000C819D007C80BD807C81BE007C80DE807AD
:101B4000C81DF007C80FF807C81F080810101008B4
:101B50004008180810122008001128081014300836
:101B6000801138081016480810185008100A580834
:101B7000101A6008100C6808101C7008100E780805
:101B8000101E8008000A880850109008000B980862
:101B90005012A008080AA8085014B008080BB8088A
:101BA0005016C008100AC8085018D008500AD808A3
:101BB000501AE008500CE808501CF008500EF808C5
:101BC000501E080990101009800918099012200968
:101BD0000019280990143009801938099016400915
:101BE000000B480990185009900A5809901A60098A
:101BF000900C6809901C7009900E7809901E80095D
:101C0000400A8809D0109009400B9809D012A00909
:101C1000480AA809D014B009480BB809D016C00961
:101C2000500AC809D018D009D00AD809D01AE0093A
:101C3000D00CE809D01CF009D00EF809D01E080A13
:101C40001011180A1013200A4011280A1015300A22
:101C5000C011380A1017480A1019500A100B580AF8
:101C6000101B600A100D680A101D700A100F780A08
:101C7000101F880A5011900A800B980A5013A00A6E
:101C80005011A80A5015B00A880BB80A5017C00A9C
:101C9000800BC80A5019D00A500BD80A501BE00A12
:101CA000500DE80A501DF00A500FF80A501F080B9B
:101CB0009011180B9013200B4019280B9015300B26
:101CC000C019380B9017480B9019500B900B580BFC
:101CD000901B600B900D680B901D700B900F780B94
:101CE000901F880BD011900BC00B980BD013A00B3A
:101CF0005019A80BD015B00BC80BB80BD017C80BD8
:101D0000D019D80BD01BE00BD00DE80BD01DF00B79
:101D1000D00FF80BD01F000C0012080C1810100C7C
:101D20000013180C1812200C0812280C1814300C70
:101D30000813380C1816400C1012480C1818500CC8
:101D40001013580C181A600C1812680C181C700C20
:101D5000180E780C181E800C001A880C5810900C65
:101D6000001B980C5812A00C081AA80C5814B00CA0
:101D7000081BB80C5816C00C101AC80C5818D00CF8
:101D8000101BD80C581AE00C181AE80C581CF00C50
:101D9000580EF80C581E000D4012080D9810100D2A
:101DA0004013180D9812200D4812280D9814300D6C
:101DB0004813380D9816400D5012480D9818500DC4
:101DC0005013580D981A600D5812680D981C700D1C
:101DD000980E780D981E800D401A880DD810900D21
:101DE000401B980DD812A00D481AA80DD814B00D9C
:101DF000481BB80DD816C00D501AC80DD818D00DF4
:101E0000501BD80DD81AE00D581AE80DD81CF00D4B
:101E1000D80EF80DD81E000E8012080E1811100EE4
:101E20008013180E1813200E8812280E1815300E65
:101E30008813380E1817400E9012480E1819500EBD
:101E40009013580E181B600E9812680E181D700E15
:101E5000180F780E181F800E801A880E5811900ED9
:101E6000801B980E5813A00E881AA80E5815B00E95
:101E7000881BB80E5817C00E901AC80E5819D00EED
:101E8000901BD80E581BE00E981AE80E581DF00E45
:101E9000580FF80E581F000FC012080F9811100F9E
:101EA000C013180F9813200FC812280F9815300F61
:101EB000C813380F9817400FD012480F9819500FB9
:101EC000D013580F981B600FD812680F981D700F11
:101ED000980F780F981F800FC01A880FD811900F95
:101EE000C01B980FD813A00FC81AA80FD815B00F91
:101EF000C81BB80FD817C00FD01AC80FD819D00FE9
:101F0000D01BD80FD81BE00FD81AE80FD81DF00F40
:101F1000D81BF80FD81F08102010101040101810F0
:101F2000201228102014301088103810201640106D
:101F3000001148102018501040115810201A60103D
:101F400008126810201C701088127810201E801053
:101F50000012881008129010401298106012A01001
:101F60002012A8106014B0106012B8106016C010D3
:101F70000013C8106018D0104013D810601AE01079
:101F80001812E810601CF0109812F810601E08116A
:101F90002012101140111811A01220110818281138
:101FA000A014301188183811A0164811A018581123
:101FB000A01A6011081A6811A01C7011881A7811F3
:101FC000A01E801110128811181290115012981131
:101FD000E012A0111818A811E014B0119818B81147
:101FE000E016C0111013C811E018D0115013D81109
:101FF000E01AE011181AE811E01CF011981AF81113
:10200000E01E0012001808120818101240181812CA
:1020100020132012201828122015301260183812B0
:102020002017401200194812201950124019581256
:10203000201B601220196812201D7012C81278121D
:10204000201F8012001A8812081A9012401A981243
:102050006013A012201AA8126015B012601AB812EC
:102060006017C012001BC8126019D012401BD81292
:10207000601BE012201BE812601DF012601BF812BA
:10208000601F001310180813181810135018181395
:10209000A013201348182813A0153013C81838139C
:1020A000A017401310194813A019501350195813B2
:1020B000A01B6013481A6813A01D7013C81A781368
:1020C000A01F8013101A8813181A9013501A98130F
:1020D000E013A0135818A813E015B013D818B813BC
:1020E000E017C013101BC813E019D013501BD813EE
:1020F000E01BE013581AE813E01DF013D81AF81388
:10210000E01F0814201410140015181420153014A2
:1021100008153814281640140015481428185014AF
:1021200010155814281A601420156814281C7014EF
:1021300018157814281E8014001C8814201C901474
:10214000001D9814201DA014081CA814281CB014ED
:10215000081DB8146816C014101CC8146818D014D0
:10216000101DD814681AE014181CE814681CF01428
:10217000181DF814681E081520151015401518159F
:102180006015201528182815281C301548153815F5
:10219000A8164815A8185815A81A6015281A681501
:1021A000A81C7015A81A7815A81E8015401C881543
:1021B000601C9015401D9815601DA015481CA815A1
:1021C000681CB015481DB815E816C015501CC81578
:1021D000E818D015501DD815E81AE015581CE81558
:1021E000E81CF015581DF815E81E0016001C08160E
:1021F000081C1016401C1816481C2016201C2816F7
:10220000281C3016601C381628174016001D48166A
:1022100028195016401D5816281B6016201D6816D8
:10222000281D7016601D7816281F8016801C8816C1
:10223000A01C9016801D9816A01DA016881CA8161C
:10224000A81CB016881DB8166817C016901CC816B2
:102250006819D016901DD816681BE016981CE81651
:10226000681DF016981DF816681F0017101C081737
:10227000181C1017501C1817581C201768182817FE
:10228000681C3017E8183817A8174017101D481792
:10229000A8195017501D5817A81B6017681A6817FF
:1022A000A81D7017E81A7817A81F8017C01C881778
:1022B000E01C9017C01D9817E01DA017C81CA81798
:1022C000E81CB017C81DB817E817C017D01CC817EE
:1022D000E819D017D01DD817E81BE017D81CE8174D
:1022E000E81DF017D81DF817E81F181860183018E7
:1022F00048183818601C5818301A6818301C7018A4
:10230000181A7818301E8018001A8818081A9018A1
:10231000001B98186019A018201AA818281AB018BD
:10232000201BB818601DC018101AC818181AD01829
:10233000101BD818701AE018301AE818701CF01822
:10234000581AF818701E081920191819601A281937
:10235000081D301988193819881D4819201B58196B
:10236000B01A6019081B6819B01C7019881B7819FD
:10237000B01E8019401A8819481A9019401B9819E4
:10238000601BA019601AA819181DB019601BB81994
:10239000981DC019501AC819581AD019501BD819AD
:1023A000F01AE019181BE819F01CF019981BF8191D
:1023B000F01E381A701C581A301B681A301D701A1B
:1023C000181B781A301F901AC01A981AC81AB01A17
:1023D000E01AB81AE81AC01A801BC81A881BD01A4B
:1023E000C01BD81A701BE01AA01BE81A701DF01A47
:1023F000E01BF81A701F281B481D381BC81D481BFE
:10240000601B581BB01B681BB01D701BC81B781BC2
:10241000B01F901BC01B981BC81BA81B581DB01BCE
:10242000E01BB81BD81DD81BF01BE81BF01DF81BC8
:10243000F01F081C201C181C301C381C681C481C71
:10244000601C581C701C781C381E801C001E881CC8
:10245000201E901C001F981C201FA01C081EA81CDA
:10246000281EB01C081FB81C281FC01C101EC81C2A
:10247000301ED01C101FD81C301FE01C181EE81C7A
:10248000381EF01C181FF81C781E081D201D181D72
:10249000301D381DA81D481D601D581D701D681D6C
:1024A000281F781DB81E801D401E881D601E901DAF
:1024B000401F981D601FA01D481EA81D681EB01D4E
:1024C000481FB81D681FC01D501EC81D701ED01D9E
:1024D000501FD81D701FE01D581EE81D781EF01DEE
:1024E000581FF81DF81E081E201E181E301E481EFC
:1024F000601E581E701E781E381F881EA01E901E5B
:10250000801F981EA01FB01E881FB81EA81FC01EC7
:10251000801FC81E881FD01E901FD81EB01FE01E2F
:10252000A01FE81EA81FF01E981FF81E781F081F86
:10253000201F181F301F481F601F581F701F781F53
:10254000B81F881FA01F901FC01F981FE01FB01F3B
:10255000C81FB81FE81FC81FE01FD81FF01F0800C2
:1025600000021000400018004002200080002800F7
:1025700080023000C0003800C00240000001480066
:1025800000035000400158004003600080016800D3
:1025900080037000C0017800C00380000002880042
:1025A00008029000000398004802A0000802A8005A
:1025B0008802B000C800B800C802C0000801C80006
:1025C0000803D0004801D8004803E0008801E80073
:1025D0008803F000C801F800C803080110021001C8
:1025E000400118015002200100032801900230012F
:1025F00048013801D002480110035801500360011E
:102600009001680190037001D0017801D00380012E
:102610004002880118029001400398015802A0016D
:102620004802A8019802B0014803B801D802C001CD
:102630005002C8011803D0015003D8015803E0012B
:102640005802E8019803F0015803F801D803080282
:10265000200210024002180260022802A00230028A
:1026600060023802E00240020003480220035002E8
:10267000400358026003600220036802A003700256
:1026800060037802E0038802A002900280039802AF
:10269000A003B0028803B802E802C0028003C802A7
:1026A0002803D0029003D8026803E002A003E802E6
:1026B000A803F0029803F802E803080320031003BC
:1026C00040031803600328038803300360033803C2
:1026D000980348036003580370036803B00378034A
:1026E000F0038803A0039003C0039803E003B00342
:1026F000C803B803E803C803E003D803F0030800E5
:102700004000180048001000400028005000200041
:102710004000380058003000480058006800480069
:102720006000680070000800001010000020180011
:102730000030200000022800001230000022380083
:1027400000324000000448000014500000245800EB
:102750000034600000066800001670000026780053
:1027600000368000000888000018900000289800BB
:102770000038A000000AA800001AB000002AB80023
:10278000003AC000000CC800001CD000002CD8008B
:10279000003CE000000EE800001EF000002EF800F3
:1027A000003E000100040801401010014020180103
:1027B00040302001400228014012300140223801FF
:1027C0004032400140044801401450014024580167
:1027D00040346001400668014016700140267801CF
:1027E0004036800140088801401890014028980137
:1027F0004038A001400AA801401AB001402AB8019F
:10280000403AC001400CC801401CD001402CD80106
:10281000403CE001400EE801401EF001402EF8016E
:10282000403E0002000808028010100280201802BA
:10283000803020028002280280123002802238027A
:1028400080324002800448028014500280245802E2
:10285000803460028006680280167002802678024A
:1028600080368002800888028018900280289802B2
:102870008038A002800AA802801AB002802AB8021A
:10288000803AC002800CC802801CD002802CD80282
:10289000803CE002800EE802801EF002802EF802EA
:1028A000803E0003000C0803C0101003C020180372
:1028B000C0302003800C2803C0123003C02238032C
:1028C000C0324003C0044803C0145003C02458035E
:1028D000C0346003C0066803C0167003C0267803C6
:1028E000C0368003C0088803C0189003C02898032E
:1028F000C038A003C00AA803C01AB003C02AB80396
:10290000C03AC003C00CC803C01CD003C02CD803FD
:10291000C03CE003C00EE803C01EF003C02EF80365
:10292000C03E0804001110040021180400312004E6
:10293000000C280400133004002338040033400442
:1029400000054804001550040025580400356004B3
:10295000000768040017700400277804003780041B
:102960000009880400199004002998040039A00483
:10297000000BA804001BB004002BB804003BC004EB
:10298000000DC804001DD004002DD804003DE00453
:10299000000FE804001FF004002FF804003F0805B2
:1029A000401110054021180540312005000D280573
:1029B0004013300540233805403348054015500585
:1029C00040255805403560054007680540177005EB
:1029D0004027780540378005400988054019900553
:1029E000402998054039A005400BA805401BB005BB
:1029F000402BB805403BC005400DC805401DD00523
:102A0000402DD805403DE005400FE805401FF0058A
:102A1000402FF805403F00064008080680111006C8
:102A20008021180680312006C00828068013300651
:102A3000802338068033400640094806801550063A
:102A40008025580680356006800768068017700666
:102A500080277806803780068009880680199006CE
:102A6000802998068039A006800BA806801BB00636
:102A7000802BB806803BC006800DC806801DD0069E
:102A8000802DD806803DE006800FE806801FF00606
:102A9000802FF806803F0007400C0807C011100780
:102AA000C0211807C0312007C00C2807C013300709
:102AB000C0233807C0334007400D4807C0155007F2
:102AC000C0255807C0356007C0076807C0177007E2
:102AD000C0277807C0378007C0098807C01990074A
:102AE000C0299807C039A007C00BA807C01BB007B2
:102AF000C02BB807C03BC007C00DC807C01DD0071A
:102B0000C02DD807C03DE007C00FE807C01FF00781
:102B1000C02FF807C03F0008001008080810100870
:102B200008201808083020088010280808123008EB
:102B300008223808083240080011480808145008D4
:102B400008245808083460088011680808167008BE
:102B500008267808083680080810880808189008A1
:102B6000082898080838A008080AA808081AB00811
:102B7000082AB808083AC008080CC808081CD00879
:102B8000082CD808083CE008080EE808081EF008E1
:102B9000082EF808083E000900140809481010091A
:102BA00048201809483020098014280948123009A3
:102BB000482238094832400900154809481450098C
:102BC0004824580948346009801568094816700976
:102BD0004826780948368009081488094818900959
:102BE000482898094838A009480AA809481AB0098D
:102BF000482AB809483AC009480CC809481CD009F5
:102C0000482CD809483CE009480EE809481EF0095C
:102C1000482EF809483E000A0018080A8810100AD1
:102C20008820180A8830200A8018280A8812300A5A
:102C30008822380A8832400A0019480A8814500A43
:102C40008824580A8834600A8019680A8816700A2D
:102C50008826780A8836800A0818880A8818900A10
:102C60008828980A8838A00A8818A80A881AB00AFA
:102C7000882AB80A883AC00A880CC80A881CD00A70
:102C8000882CD80A883CE00A880EE80A881EF00AD8
:102C9000882EF80A883E000B001C080BC810100B89
:102CA000C820180BC830200B801C280BC812300B12
:102CB000C822380BC832400B001D480BC814500BFB
:102CC000C824580BC834600B801D680BC816700BE5
:102CD000C826780BC836800B081C880BC818900BC8
:102CE000C828980BC838A00B881CA80BC81AB00BB2
:102CF000C82AB80BC83AC00BC80CC80BC81CD00BEC
:102D0000C82CD80BC83CE00BC80EE80BC81EF00B53
:102D1000C82EF80BC83E000C4010080C0811100C0F
:102D20000821180C0831200CC010280C0813300C96
:102D30000823380C0833400C4011480C0815500C7F
:102D40000825580C0835600CC011680C0817700C69
:102D50000827780C0837800C4810880C0819900C4C
:102D60000829980C0839A00CC810A80C081BB00C36
:102D7000082BB80C083BC00C080DC80C081DD00C63
:102D8000082DD80C083DE00C080FE80C081FF00CCB
:102D9000082FF80C083F000D4014080D4811100DC5
:102DA0004821180D4831200DC014280D4813300D4E
:102DB0004823380D4833400D4015480D4815500D37
:102DC0004825580D4835600DC015680D4817700D21
:102DD0004827780D4837800D4814880D4819900D04
:102DE0004829980D4839A00DC814A80D481BB00DEE
:102DF000482BB80D483BC00D4815C80D481DD00DD7
:102E0000482DD80D483DE00D480FE80D481FF00D46
:102E1000482FF80D483F000E4018080E8811100E7C
:102E20008821180E8831200EC018280E8813300E05
:102E30008823380E8833400E4019480E8815500EEE
:102E40008825580E8835600EC019680E8817700ED8
:102E50008827780E8837800E4818880E8819900EBB
:102E60008829980E8839A00EC818A80E881BB00EA5
:102E7000882BB80E883BC00E4819C80E881DD00E8E
:102E8000882DD80E883DE00E880FE80E881FF00EC2
:102E9000882FF80E883F000F401C080FC811100F34
:102EA000C821180FC831200FC01C280FC813300FBD
:102EB000C823380FC833400F401D480FC815500FA6
:102EC000C825580FC835600FC01D680FC817700F90
:102ED000C827780FC837800F481C880FC819900F73
:102EE000C829980FC839A00FC81CA80FC81BB00F5D
:102EF000C82BB80FC83BC00F481DC80FC81DD00F46
:102F0000C82DD80FC83DE00FC81DE80FC81FF00F2F
:102F1000C82FF80FC83F0010002008101010101024
:102F2000102018101030201080202810101230109F
:102F30001022381010324010002148101014501088
:102F40001024581010346010802168101016701072
:102F50001026781010368010082088101018901055
:102F6000102898101038A0108820A810101AB0103F
:102F7000102AB810103AC0100821C810101CD01028
:102F8000102CD810103CE0108821E810101EF01012
:102F9000102EF810103E00110024081110241011FA
:102FA0005020181150302011802428115012301157
:102FB0005022381150324011002548115014501140
:102FC000502458115034601180256811501670112A
:102FD000502678115036801108248811501890110D
:102FE000502898115038A0118824A811501AB011F7
:102FF000502AB811503AC0110825C811501CD011E0
:10300000502CD811503CE0118825E811501EF011C9
:10301000502EF811503E00120028081210281012ED
:10302000902018129030201280282812901230120E
:1030300090223812903240120029481290145012F7
:1030400090245812903460128029681290167012E1
:1030500090267812903680120828881290189012C4
:10306000902898129038A0128828A812901AB012AE
:10307000902AB812903AC0120829C812901CD01297
:10308000902CD812903CE0128829E812901EF01281
:10309000902EF812903E0013002C0813102C1013E1
:1030A000D0201813D0302013802C2813902C3013EC
:1030B000D0223813D0324013002D4813D0145013AF
:1030C000D0245813D0346013802D6813D016701399
:1030D000D0267813D0368013082C8813D01890137C
:1030E000D0289813D038A013882CA813D01AB01366
:1030F000D02AB813D03AC013082DC813D01CD0134F
:10310000D02CD813D03CE013882DE813D01EF01338
:10311000D02EF813D03E0014402008145020101474
:103120001021181410312014C0202814D02030147D
:103130001023381410334014402148141015501433
:103140001025581410356014C0216814101770141D
:103150001027781410378014482088141019901400
:10316000102998141039A014C820A814101BB014EA
:10317000102BB814103BC0144821C814101DD014D3
:10318000102DD814103DE014C821E814101FF014BD
:10319000102FF814103F0015402408155024101566
:1031A0005021181550312015C0242815D024301571
:1031B00050233815503340154025481550155015EB
:1031C0005025581550356015C025681550177015D5
:1031D00050277815503780154824881550199015B8
:1031E000502998155039A015C824A815501BB015A2
:1031F000502BB815503BC0154825C815501DD0158B
:10320000502DD815503DE015C825E815501FF01574
:10321000502FF815503F0016402808165028101659
:103220009021181690312016C0282816D028301664
:1032300090233816903340164029481650295016CE
:103240009025581690356016C0296816901770168C
:10325000902778169037801648288816901990166F
:10326000902998169039A016C828A816901BB01659
:10327000902BB816903BC0164829C816901DD01642
:10328000902DD816903DE016C829E816901FF0162C
:10329000902FF816903F0017402C0817502C10174D
:1032A000D0211817D0312017C02C2817D02C301758
:1032B000D0233817D0334017402D4817502D5017C2
:1032C000D0255817D0356017C02D6817D017701744
:1032D000D0277817D0378017482C8817D019901727
:1032E000D0299817D039A017C82CA817D01BB01711
:1032F000D02BB817D03BC017482DC817D01DD017FA
:10330000D02DD817D03DE017C82DE817D01FF017E3
:10331000D02FF817D03F00180030081810301018C0
:1033200018201818183020188030281890303018BD
:103330001822381818324018003148181031501827
:103340001824581818346018803168189031701893
:1033500018267818183680180830881818309018F1
:10336000182898181838A0188830A818181AB018F3
:10337000182AB818183AC0180831C818181CD018DC
:10338000182CD818183CE0188831E818181EF018C6
:10339000182EF818183E00190034081910341019A6
:1033A00058201819583020198034281990343019B1
:1033B000582238195832401900354819103550191B
:1033C0005824581958346019803568199035701987
:1033D00058267819583680190834881918349019E5
:1033E000582898195838A0198834A819581AB019AB
:1033F000582AB819583AC0190835C819581CD01994
:10340000582CD819583CE0198835E819581EF0197D
:10341000582EF819583E001A0038081A1038101A99
:103420009820181A9830201A8038281A9038301AA4
:103430009822381A9832401A0039481A1039501A0E
:103440009824581A9834601A8039681A9039701A7A
:103450009826781A9836801A0838881A1838901AD8
:103460009828981A9838A01A8838A81A9838B01A44
:10347000982AB81A983AC01A0839C81A981CD01A4B
:10348000982CD81A983CE01A8839E81A981EF01A35
:10349000982EF81A983E001B003C081B103C101B8D
:1034A000D820181BD830201B803C281B903C301B98
:1034B000D822381BD832401B003D481B103D501B02
:1034C000D824581BD834601B803D681B903D701B6E
:1034D000D826781BD836801B083C881B183C901BCC
:1034E000D828981BD838A01B883CA81B983CB01B38
:1034F000D82AB81BD83AC01B083DC81BD81CD01B03
:10350000D82CD81BD83CE01B883DE81BD81EF01BEC
:10351000D82EF81BD83E001C4030081C5030101C20
:103520001821181C1831201CC030281CD030301C29
:103530001823381C1833401C4031481C5031501C93
:103540001825581C1835601CC031681CD031701CFF
:103550001827781C1837801C4830881C5830901C5D
:103560001829981C1839A01CC830A81CD830B01CC9
:10357000182BB81C183BC01C4831C81C181DD01C87
:10358000182DD81C183DE01CC831E81C181FF01C71
:10359000182FF81C183F001D4034081D5034101D12
:1035A0005821181D5831201DC034281DD034301D1D
:1035B0005823381D5833401D4035481D5035501D87
:1035C0005825581D5835601DC035681DD035701DF3
:1035D0005827781D5837801D4834881D5834901D51
:1035E0005829981D5839A01DC834A81DD834B01DBD
:1035F000582BB81D583BC01D4835C81D5835D01D27
:10360000582DD81D583DE01DC835E81D581FF01D28
:10361000582FF81D583F001E4038081E5038101E05
:103620009821181E9831201EC038281ED038301E10
:103630009823381E9833401E4039481E5039501E7A
:103640009825581E9835601EC039681ED039701EE6
:103650009827781E9837801E4838881E5838901E44
:103660009829981E9839A01EC838A81ED838B01EB0
:10367000982BB81E983BC01E4839C81E5839D01E1A
:10368000982DD81E983DE01EC839E81E981FF01EE0
:10369000982FF81E983F001F403C081F503C101FF9
:1036A000D821181FD831201FC03C281FD03C301F04
:1036B000D823381FD833401F403D481F503D501F6E
:1036C000D825581FD835601FC03D681FD03D701FDA
:1036D000D827781FD837801F483C881F583C901F38
:1036E000D829981FD839A01FC83CA81FD83CB01FA4
:1036F000D82BB81FD83BC01F483DC81F583DD01F0E
:10370000D82DD81FD83DE01FC83DE81FD83DF01F79
:10371000D82FF81FD83F0820802010202020182004
:1037200020302820802830202022382020324020BD
:1037300000214820C0205020202458202034602020
:1037400010246820C0287020202678202036882069
:1037500080309020202898202038A0200830A820F1
:103760008038B020202AB820203AC0200821C82064
:10377000C030D020202CD820203CE0200831E82088
:10378000C038F020202EF820203E002100240821FF
:10379000802110211024182160302021202428218C
:1037A00080293021602238216032402100254821C3
:1037B000C0215021602458216034602150246821A8
:1037C000C029702160267821603680210824882154
:1037D00080319021602898216038A0210834A821E8
:1037E0008039B021602AB821603AC0210825C8215B
:1037F000C031D021602CD821603CE0210835E8217F
:10380000C039F021602EF821603E002200300822ED
:103810008030102208301822A030202210302822B8
:1038200088283022A0223822A0324022403048226C
:10383000C0305022A0245822A03460225030682288
:10384000C8287022A0267822A03680222030882224
:1038500088309022A0289822A038A0221830A822D0
:103860008838B022A02AB822A03AC0226030C822EC
:10387000C830D022A02CD822A03CE0221831E82267
:10388000C838F022A02EF822A03E002300310823E1
:103890008031102308311823E030202310312823F1
:1038A0008829302318313823E0324023403148231F
:1038B000C0315023E0245823E03460235031682382
:1038C000C8297023E0267823E03680231824882333
:1038D00088319023E0289823E038A0231834A823C7
:1038E0008839B023E02AB823E03AC0231825C8233A
:1038F000C831D023E02CD823E03CE0231835E8235E
:10390000C839F023E02EF823E03E08248024102458
:103910002024182420312824802C302410313824ED
:103920002033402400254824C02450242025582436
:103930002035602410256824C02C7024202778248A
:103940002037882480349024202998242039A024EA
:103950004830A824803CB024202BB824203BC0242D
:103960000825C824C034D024202DD824203DE024AC
:103970004831E824C03CF024202FF824203F0825BB
:10398000802510252025182560312825802D3025FB
:103990005031382560334825C025502560255825ED
:1039A00060356825C02D702560277825603788250B
:1039B00080359025602998256039A0254834A825B0
:1039C000803DB025602BB825603BC825C035D0258B
:1039D000602DD825603DE0254835E825C03DF0251F
:1039E000602FF825603F002600340826803410261A
:1039F00008341826A031202610342826882C30269A
:103A000018343826A033402640344826C034502687
:103A100048345826A035602650346826C82C7026B5
:103A2000A0277826A0378026203488268834902640
:103A3000A0299826A039A0265830A826883CB02670
:103A4000A02BB826A03BC0266034C826C834D02698
:103A5000A02DD826A03DE0265831E826C83CF02607
:103A6000A02FF826A03F0027003508278035102713
:103A700008351827E031202710352827882D3027D2
:103A800018353827E033402740354827C0355027C0
:103A900048355827E035602750356827C82D7027EE
:103AA000E0277827E037802720358827883590273A
:103AB000E0299827E039A0275834A827883DB02767
:103AC000E02BB827E03BC0276035C827C835D02792
:103AD000E02DD827E03DE0275835E827C83DF027FE
:103AE000E02FF827E03F08282028102880281828F1
:103AF000283028289028302888283828283240283C
:103B0000002C4828202C5028802C58282834602845
:103B1000082C6828D0287028882C782828368828EF
:103B2000903098282838A0282830A8289038B02825
:103B3000282AB828283AC028102CC828D030D028E5
:103B4000282CD828283CE028182CE828D038F02841
:103B5000282EF828283E0029002C0829082C102996
:103B6000102C182968302029202C28299029302948
:103B7000D030382968324029402C4829602C5029FF
:103B8000C02C582968346029482C6829D02970290C
:103B9000C82C782968368029802C88299031902972
:103BA000282C98296838A0292834A8299039B029C8
:103BB000682AB829683AC029502CC829D031D029A0
:103BC000682CD829683CE029582CE829D039F029FC
:103BD000682EF829683E002A0038082A2038102A62
:103BE0008038182AA830202A0838282A2838302A6D
:103BF0008838382AA832402A003C482A203C502ADB
:103C0000803C582AA834602A083C682A283C702A3C
:103C1000883C782AA836802A1038882A9830902A3A
:103C20009038982AA838A02A1838A82A9838B02A94
:103C30009838B82AA83AC02A103CC82AD830D02AC6
:103C4000A82CD82AA83CE02A183CE82AD838F02A20
:103C5000A82EF82AA83E002B4038082B6038102BDD
:103C6000C038182BE830202B4838282B6838302BE8
:103C7000C838382BE832402B403C482B603C502B56
:103C8000C03C582BE834602B483C682B683C702BB8
:103C9000C83C782BE836802B5038882B9831902BF5
:103CA000D038982BE838A02B5838A82B9839B02B4F
:103CB000D838B82BE83AC02B503CC82BD831D02B81
:103CC000E82CD82BE83CE02B583CE82BD839F02BDB
:103CD000E82EF82BE83E082C202C102C802C182CD9
:103CE0002831282C902C302C9031382C2833402C23
:103CF000002D482C202D502C802D582C2835602C40
:103D0000082D682CD02C702C882D782C2837882CE6
:103D10009034982C2839A02C6830A82C903CB02CDA
:103D20006838B82C283BC02C102DC82CD034D02C8F
:103D3000282DD82C283DE02C182DE82CD03CF02C38
:103D4000282FF82C283F082D202D102D802D182DE0
:103D50006831282D902D302DD031382D6833482DE5
:103D6000602D502DC02D582D6835682DD02D702D0B
:103D7000C82D782D6837882D9035982D6839A02D5D
:103D80006834A82D903DB02D683CB82D683BC82DF7
:103D9000D035D82D683DE02D6835E82DD03DF02D8B
:103DA000682FF82D683F002E0039082E2039102E7C
:103DB0008039182EA831202E0839282E2839302E87
:103DC0008839382EA833402E003D482E203D502EF5
:103DD000803D582EA835602E083D682E283D702E57
:103DE000883D782EA837802E1039882E9834902E52
:103DF0009039982EA839A02E1839A82E983CB02EAC
:103E00009839B82EA83BC02E103DC82ED834D02EDD
:103E1000903DD82EA83DE02E183DE82ED83CF02E3F
:103E2000A82FF82EA83F002F4039082F6039102FF7
:103E3000C039182FE831202F4839282F6839302F02
:103E4000C839382FE833402F403D482F603D502F70
:103E5000C03D582FE835602F483D682F683D702FD2
:103E6000C83D782FE837802F5039882F9835902F0C
:103E7000D039982FE839A02F5839A82F983DB02F66
:103E8000D839B82FE83BC02F503DC82FD835D02F98
:103E9000D03DD82FE83DE02F583DE82FD83DF02FFA
:103EA000D83DF82FE83F18303030383030324030CD
:103EB00000314830083150301031583030346030E3
:103EC00020316830283170301834783030368830FE
:103ED000A03098303038A830A038B0308838B830AA
:103EE000303AC0308031C830E030D0309031D830F6
:103EF000303CE0308831E830E038F0308839F83054
:103F0000303E00310034083108341031103418319B
:103F100018342031203428312834303130343831CD
:103F20007032403100354831083550311035583144
:103F3000703460312035683128357031583478312B
:103F40007036803180348831A0319031903498318E
:103F50007038A0318834A831A039B031883CB831EC
:103F6000703AC0318035C831E031D0319035D83128
:103F7000703CE0318835E831E039F031883DF83186
:103F8000703E00320038083280381032083818325B
:103F90008838203210382832903830321838383289
:103FA000B032403240384832C03850324838583247
:103FB000B034603250386832D03870325838783285
:103FC000B036803220388832A03890322838983283
:103FD000B038A0323038A832A838B0329838B83269
:103FE000B03AC0326038C832E038D0326838D8329F
:103FF000B03CE0327038E832E838F0329839F832C4
:10400000B03E003300390833803910330839183393
:104010008839203310392833903930331839383300
:104020009839403340394833C039503348395833D0
:10403000F034603350396833D039703358397833BD
:10404000F036803320398833A039903328399833BB
:10405000F038A0339834A833A839B033983CB8333B
:10406000F03AC0336039C833E039D0336839D833D7
:10407000F03CE0339835E833E839F033983DF833D5
:10408000F03E183430343834183940340035483470
:1040900008355034103558343035603420356834A4
:1040A000283570341835783430378834A034983453
:1040B0003039A834A03CB034C838B834303BC034B0
:1040C0008035C834E034D0349035D834303DE034D5
:1040D0008835E834E03CF034C839F834303F1835DE
:1040E000303538355839583570357835703788352A
:1040F000A03598357039A835A03DB035C83CB835E5
:10410000703BC835E035D835703DE835E03DF035D9
:10411000C83DF835703F0036003C0836803C10360C
:10412000083C1836883C2036103C2836903C303607
:10413000183C3836983C4036403C4836C03C5036F7
:10414000483C5836C83C6036503C6836D03C7036E7
:10415000583C7836B0378036203C8836A03C9036C4
:10416000283C9836B039A036303CA836A83CB0364A
:10417000D838B836B03BC036603CC836E03CD036A4
:10418000683CD836B03DE036703CE836E83CF03666
:10419000D839F836B03F0037003D0837803D10373A
:1041A000083D1837883D2037103D2837903D30377F
:1041B000183D3837983D4037403D4837C03D50376F
:1041C000483D5837C83D6037503D6837D03D70375F
:1041D000583D7837F0378037203D8837A03D9037FD
:1041E000283D9837F039A037303DA837A83DB03783
:1041F000D83CB837F03BC037603DC837E03DD037DA
:10420000683DD837F03DE037703DE837E83DF0379E
:10421000D83DF837F03F38389838403800394838BA
:10422000083950381039583818396038203968380A
:104230002839703830397838983CA838B038B838D0
:10424000383AC0388039C8388839D0389039D838A9
:10425000383CE038A039E838F038F838383EF038E3
:10426000A8390039003C0839083C1039103C18398D
:10427000183C2039203C2839283C3039303C38392A
:10428000383C4039003D4839083D5039103D5839D7
:10429000183D6039203D6839283D7039303D783906
:1042A000D83C8039803C8839883C9039903C98399A
:1042B000983CA039A03CA839B039B839783AB0391F
:1042C000A83CC039803DC839883DD039903DD839A7
:1042D000783CE039A03DE839F039F839783EF039DA
:1042E000A83D083A103A103A203A183A303A203AA3
:1042F000803A283A903A303AA03A383AB03A403ABE
:10430000003B483A103B503A203B583A303B603A29
:10431000803B683A903B703AA03B783AB03B883A91
:10432000A03A983AB03AA83AB03AC03A083BC83AEC
:10433000183BD03A283BD83AB83CE03A883BE83AB8
:10434000983BF03AA83BF83AB83E003B003E083BA9
:10435000103E103B203E183B303E203B803E283B29
:10436000903E303BA03E383BB03E403B003F483B98
:10437000103F503B203F583B303F603B803F683B05
:10438000903F703BA03F783BB03F803B083E883B6E
:10439000183E903B283E983B383EA03B883EA83BC9
:1043A000983EB03BA83EB83BB83EC03B083FC83B38
:1043B000183FD03B283FD83BF83CE03B883FE83BE8
:1043C000983FF03BA83FF83BF83E383C983C403CD7
:1043D000003D483C083D503C103D583C183D603C79
:1043E000203D683C283D703C303D783C983DA83CE1
:1043F000B03CB83CB03EC03C803DC83C883DD03C61
:10440000903DD83C383DE03CA03DE83CF03CF03CE1
:10441000A83DF83C383F383D983D783DD83DA83D13
:10442000B03DB83DB03FE83DF03D083E803EF83D30
:10443000783F103E803E183E883E203E803E283E1B
:10444000903E303E883E383E983E403E003F483EDB
:10445000203F503E803F583EA03F603E083F683EB0
:10446000283F703E883F783EA83F883EA03E983E59
:10447000A83EC03E103FA83EB03EC83E303FD03EB2
:10448000903FD83EB03FE03E183FE83E383FF03E18
:10449000983F083F803FF83EB83F103F803F183FAD
:1044A000883F203F803F283F903F303F883F383F44
:1044B000983F483F503F503F603F583F703F603FFC
:1044C000C03F683FD03F703FE03F783FF03F883FBC
:1044D000A03F983FA83FA83FB03FD83FF03FC83F1C
:1044E000E03FE83FF03F0800000210000004180021
:1044F0000006200040002800400230004004380040
:1045000040064000800048008002500080045800AF
:1045100080066000C0006800C0027000C00478001F
:10452000C00680000001880000039000000598008C
:104530000007A0004001A8004003B0004005B800FB
:104540004007C0008001C8008003D0008005D8006B
:104550008007E000C001E800C003F000C005F800DB
:10456000C007000100020801080210010804180138
:104570000806200180022801480230014804380161
:104580004806400100034801880250018804580190
:104590008806600180036801C8027001C8047801C0
:1045A000C8068001080288010803900108059801E7
:1045B0000807A0018802A8014803B0014805B80116
:1045C0004807C0010803C8018803D0018805D80145
:1045D0008807E0018803E801C803F001C805F80175
:1045E000C80708021002000200041002100418029A
:1045F00010062002800428025002300250043802C3
:1046000050064002000548029002500290045802F1
:104610009006600280056802D0027002D004780221
:10462000D006800208048802100390021005980248
:104630001007A0028804A8025003B0025005B80277
:104640005007C0020805C8029003D0029005D802A6
:104650009007E0028805E802D003F002D005F802D6
:10466000D0070003000608031006100318041803FF
:1046700018062003800628039006300358043803E8
:1046800058064003000748031007500398045803D6
:10469000980660038007680390077003D8047803C6
:1046A000D8068003080688031806900318059803A7
:1046B0001807A0038806A8039806B0035805B80396
:1046C0005807C0030807C8031807D0039805D80384
:1046D0009807E0038807E8039807F003D805F80374
:1046E000D8070804800410042004180420062804B5
:1046F0008005300460043804600640040006480465
:1047000088045004A0045804A0066004100668043D
:1047100088057004E0047804E006880480069004AC
:10472000200598042007A0040806A8048007B00408
:104730006005B8046007C0042006C8048806D004D9
:10474000A005D804A007E0041806E8048807F004D0
:10475000E005F804E00708052005100580051805A8
:1047600028062805900530058805380568064005A7
:10477000000748052007500580075805A806600572
:10478000080768059805700588077805E806880514
:10479000900698052807A0052806A8059007B005EB
:1047A0002807B8056807C0051007C8059806D00592
:1047B0009007D805A807E0051807E8059807F00551
:1047C0009807F805E8071806300638067006400610
:1047D000000748068007500608075806B00660061E
:1047E000100768069007700618077806F006880616
:1047F000A00698063007A806A007B0068807B806E6
:104800007007C0062007C806A007D0062807D806EC
:10481000B007E0063007E806A807F0069807F80694
:10482000F0074807500738079807500760075807F0
:1048300070076007C0076807D0077807F0077007A0
:10484000E007B807F007A807B007D807F007C807C0
:10485000E007E807F007080040001000800018009B
:10486000C0002000400028004800300088003800C8
:10487000C80040008000480050005800D0005000A0
:1048800090006000C0006800D000700098007800C0
:10489000D8008800C0009000A000A800D0009800B8
:1048A000E000B000D000B800E800D800F000C80078
:1048B000E000E800F00008000010100000201800E0
:1048C0000030200000402800005030000060380018
:1048D0000070400000024800001250000022580002
:1048E00000326000004268000052700000627800F0
:1048F00000728000000488000014900000249800DA
:104900000034A0000044A8000054B0000064B800C7
:104910000074C0000006C8000016D0000026D800B1
:104920000036E0000046E8000056F0000066F8009F
:104930000076000100080801001810010028180185
:104940000038200100482801005830010068380173
:1049500000784001000A4801001A5001002A58015D
:10496000003A6001004A6801005A7001006A78014B
:10497000007A8001000C8801001C9001002C980135
:10498000003CA001004CA801005CB001006CB80123
:10499000007CC001000EC801001ED001002ED8010D
:1049A000003EE001004EE801005EF001006EF801FB
:1049B000007E080240101002402018024030200201
:1049C00040402802405030024060380240704802A7
:1049D00040125002402258024032600240426802B7
:1049E00040527002406278024072800240048802A5
:1049F00040149002402498024034A0024044A8028F
:104A00004054B0024064B8024074C0024006C8027C
:104A10004016D0024026D8024036E0024046E80266
:104A20004056F0024066F802407600034008080352
:104A3000401810034028180340382003404828033A
:104A4000405830034068380340784003400A480328
:104A5000401A5003402A5803403A6003404A680312
:104A6000405A7003406A7803407A8003400C880300
:104A7000401C9003402C9803403CA003404CA803EA
:104A8000405CB003406CB803407CC003400EC803D8
:104A9000401ED003402ED803403EE003404EE803C2
:104AA000405EF003406EF803407E0804801010045E
:104AB0008020180480302004804028048050300476
:104AC00080603804807048048012500480225804AA
:104AD00080326004804268048052700480627804EE
:104AE0008072880480149004802498048034A00488
:104AF0008044A8048054B0048064B8048074C00466
:104B00008006C8048016D0048026D8048036E004CD
:104B10008046E8048056F0048066F804807600053C
:104B200080080805801810058028180580382005A1
:104B30008048280580583005806838058078400511
:104B4000800A4805801A5005802A5805803A600579
:104B5000804A6805805A7005806A7805807A8005E9
:104B6000800C8805801C9005802C9805803CA00551
:104B7000804CA805805CB005806CB805807CC005C1
:104B8000800EC805801ED005802ED805803EE00529
:104B9000804EE805805EF005806EF805807E080690
:104BA000C0101006C0201806C0302006C0402806DD
:104BB000C0503006C0603806C0704806C0125006AB
:104BC000C0225806C0326006C0426806C052700655
:104BD000C0627806C0728806C0149006C024980689
:104BE000C034A006C044A806C054B006C064B806CD
:104BF000C074C806C016D006C026D806C036E00667
:104C0000C046E806C056F006C066F806C076000743
:104C1000C0080807C0181007C0281807C0382007A8
:104C2000C0482807C0583007C0683807C078400718
:104C3000C00A4807C01A5007C02A5807C03A600780
:104C4000C04A6807C05A7007C06A7807C07A8007F0
:104C5000C00C8807C01C9007C02C9807C03CA00758
:104C6000C04CA807C05CB007C06CB807C07CC007C8
:104C7000C00EC807C01ED007C02ED807C03EE00730
:104C8000C04EE807C05EF007C06EF807C07E080897
:104C900000111008002118080031200800412808E0
:104CA00000513008006138080071480800135008AE
:104CB0000023580800336008004368080053700858
:104CC000006378080073880800159008002598088C
:104CD0000035A0080045A8080055B0080065B808D0
:104CE0000075C8080017D0080027D8080037E0086A
:104CF0000047E8080057F0080067F808007708093F
:104D0000001910090029180900392009004928094B
:104D1000005930090069380900794009000B480939
:104D2000001B5009002B5809003B6009004B680923
:104D3000005B7009006B7809007B8009000D880911
:104D4000001D9009002D9809003DA009004DA809FB
:104D5000005DB009006DB809007DC009000FC809E9
:104D6000001FD009002FD809003FE009004FE809D3
:104D7000005FF009006FF809007F080A4011100A6F
:104D80004021180A4031200A4041280A4051300A87
:104D90004061380A4071480A4013500A4023580ABB
:104DA0004033600A4043680A4053700A4063780AFF
:104DB0004073880A4015900A4025980A4035A00A99
:104DC0004045A80A4055B00A4065B80A4075C80A6F
:104DD0004017D00A4027D80A4037E00A4047E80A7F
:104DE0004057F00A4067F80A4077080B4019100B4B
:104DF0004029180B4039200B4049280B4059300BF3
:104E00004069380B4079480B401B500B402B580B26
:104E1000403B600B404B680B405B700B406B780B6A
:104E2000407B800B400D880B401D900B402D980B54
:104E3000403DA00B404DA80B405DB00B406DB80B42
:104E4000407DC00B400FC80B401FD00B402FD80B2C
:104E5000403FE00B404FE80B405FF00B406FF80B1A
:104E6000407F080C8011100C8021180C8031200C20
:104E70008041280C8051300C8061380C8071480CC6
:104E80008013500C8023580C8033600C8043680CD6
:104E90008053700C8063780C8073880C8015900CA4
:104EA0008025980C8035A00C8045A80C8055B00C4E
:104EB0008065B80C8075C80C8017D00C8027D80C82
:104EC0008037E00C8047E80C8057F00C8067F80CC6
:104ED0008077080D8019100D8029180D8039200D5C
:104EE0008049280D8059300D8069380D8079480D32
:104EF000801B500D802B580D803B600D804B680D42
:104F0000805B700D806B780D807B880D801D900D0F
:104F1000802D980D803DA00D804DA80D805DB00DB9
:104F2000806DB80D807DC00D800FC80D801FD00D25
:104F3000802FD80D803FE00D804FE80D805FF00D91
:104F4000806FF80D807F080EC011100EC021180E62
:104F5000C031200EC041280EC051300EC061380E45
:104F6000C071480EC013500EC023580EC033600EDF
:104F7000C043680EC053700EC063780EC073880EB5
:104F8000C015900EC025980EC035A00EC045A80EC5
:104F9000C055B00EC065B80EC075C80EC017D00E93
:104FA000C027D80EC037E00EC047E80EC057F00E3D
:104FB000C067F80EC077080FC019100FC029180F6E
:104FC000C039200FC049280FC059300FC069380FB1
:104FD000C079480FC01B500FC02B580FC03B600F4B
:104FE000C04B680FC05B700FC06B780FC07B880F21
:104FF000C01D900FC02D980FC03DA00FC04DA80F31
:10500000C05DB00FC06DB80FC07DC80FC01FD00FFE
:10501000C02FD80FC03FE00FC04FE80FC05FF00FA8
:10502000C06FF80FC07F1010082018100830201033
:1050300008402810085030100860381008704810D8
:1050400008125010082258100832601008426810E8
:1050500008527010086278100872881008149010B6
:10506000082498100834A0100844A8100854B01060
:105070000864B8100874C8100816D0100826D81094
:105080000836E0100846E8100856F0100866F810D8
:10509000087608110818101108281811083820116E
:1050A0000848281108583011086838110878481144
:1050B000081A5011082A5811083A6011084A681154
:1050C000085A7011086A7811087A8811081C901122
:1050D000082C9811083CA011084CA811085CB011CC
:1050E000086CB811087CC811081ED011082ED81100
:1050F000083EE011084EE811085EF011086EF81144
:10510000087E1012482018124830201248402812F9
:1051100048503012486038124870501248225812D5
:10512000483260124842681248527012486278123F
:105130004872881248149012482498124834A012D9
:105140004844A8124854B0124864B8124874C812AF
:105150004816D0124826D8124836E0124846E812BF
:105160004856F0124866F81248760813481810138B
:105170004828181348382013484828134858301333
:105180004868381348784813481A5013482A581367
:10519000483A6013484A6813485A7013486A7813AB
:1051A000487A8813481C9013482C9813483CA01345
:1051B000484CA813485CB013486CB813487CC8131B
:1051C000481ED013482ED813483EE013484EE8132B
:1051D000485EF013486EF813487E101488201814A7
:1051E000883020148840281488503014886038147F
:1051F00088705014882258148832601488426814C9
:1052000088527014886278148872901488249814D4
:105210008834A0148844A8148854B0148864B8143E
:105220008874C8148816D0148826D8148836E014D8
:105230008846E8148856F0148866F81488760815AD
:1052400088181015882818158838201588482815BA
:10525000885830158868381588784815881A501588
:10526000882A5815883A6015884A6815885A701532
:10527000886A7815887A8815881C9015882C981566
:10528000883CA015884CA815885CB015886CB815AA
:10529000887CC815881ED015882ED815883EE01544
:1052A000884EE815885EF015886EF815887E101611
:1052B000C8201816C8302016C8402816C850301606
:1052C000C8603816C8705016C8225816C832601602
:1052D000C8426816C8527016C8627816C87290160E
:1052E000C8249816C834A016C844A816C854B016C6
:1052F000C864B816C874D016C826D816C836E016C2
:10530000C846E816C856F016C866F816C8760817D4
:10531000C8181017C8281817C8382017C8482817E1
:10532000C8583017C8683817C8784817C81A5017AF
:10533000C82A5817C83A6017C84A6817C85A701759
:10534000C86A7817C87A8817C81C9017C82C98178D
:10535000C83CA017C84CA817C85CB017C86CB817D1
:10536000C87CC817C81ED017C82ED817C83EE0176B
:10537000C84EE817C85EF017C86EF817C87E101838
:105380000821181808312018084128180851301829
:105390000861381808715018082358180833601825
:1053A0000843681808537018086378180873901831
:1053B000082598180835A0180845A8180855B018E9
:1053C0000865B8180875D0180827D8180837E018E5
:1053D0000847E8180857F0180867F81808771019F0
:1053E00008291819083920190849281908593019A5
:1053F0000869381908794819081B5019082B5819D9
:10540000083B6019084B6819085B7019086B78191C
:10541000087B8819081D9019082D9819083DA019B6
:10542000084DA819085DB019086DB819087DC8198C
:10543000081FD019082FD819083FE019084FE8199C
:10544000085FF019086FF819087F101A4821181A18
:105450004831201A4841281A4851301A4861381AF0
:105460004871501A4823581A4833601A4843681A3A
:105470004853701A4863781A4873901A4825981A46
:105480004835A01A4845A81A4855B01A4865B81AB0
:105490004875D01A4827D81A4837E01A4847E81AFA
:1054A0004857F01A4867F81A4877101B4829181B04
:1054B0004839201B4849281B4859301B4869381B6C
:1054C0004879501B482B581B483B601B484B681BB6
:1054D000485B701B486B781B487B881B481D901BE2
:1054E000482D981B483DA01B484DA81B485DB01B8C
:1054F000486DB81B487DC81B481FD01B482FD81BC0
:10550000483FE01B484FE81B485FF01B486FF81B03
:10551000487F101C8821181C8831201C8841281CB9
:105520008851301C8861381C8871501C8823581C95
:105530008833601C8843681C8853701C8863781CFF
:105540008873901C8825981C8835A01C8845A81C49
:105550008855B01C8865B81C8875D01C8827D81C55
:105560008837E01C8847E81C8857F01C8867F81CBF
:105570008877101D8829181D8839201D8849281D05
:105580008859301D8869381D8879501D882B581D11
:10559000883B601D884B681D885B701D886B781D7B
:1055A000887B901D882D981D883DA01D884DA81DC5
:1055B000885DB01D886DB81D887DC81D881FD01DF1
:1055C000882FD81D883FE01D884FE81D885FF01D9B
:1055D000886FF81D887F101EC821181EC831201E34
:1055E000C841281EC851301EC861381EC871501EDF
:1055F000C823581EC833601EC843681EC853701E97
:10560000C863781EC873901EC825981EC835A01E92
:10561000C845A81EC855B01EC865B81EC875D01E9E
:10562000C827D81EC837E01EC847E81EC857F01E56
:10563000C867F81EC877101FC829181FC839201F4F
:10564000C849281FC859301FC869381FC879501F5A
:10565000C82B581FC83B601FC84B681FC85B701F12
:10566000C86B781FC87B901FC82D981FC83DA01F0E
:10567000C84DA81FC85DB01FC86DB81FC87DD01F1A
:10568000C82FD81FC83FE01FC84FE81FC85FF01FD2
:10569000C86FF81FC87F1820103020201040282025
:1056A00010503020106038201070502010225820E8
:1056B0001032602010426820105270201062782052
:1056C00010729020102498201034A0201044A8209C
:1056D0001054B0201064B8201074D0201026D820A8
:1056E0001036E0201046E8201056F0201066F82012
:1056F0001076102110281821103820211048282158
:10570000105830211068382110785021102A582163
:10571000103A6021104A6821105A7021106A7821CD
:10572000107A9021102C9821103CA021104CA82117
:10573000105CB021106CB821107CD021102ED82123
:10574000103EE021104EE821105EF021106EF8218D
:10575000107E1822503020225040282250503022F3
:1057600050603822507058225032602250426822D5
:105770005052702250627822507290225024982207
:105780005034A0225044A8225054B0225064B82271
:105790005074D0225026D8225036E0225046E822BB
:1057A0005056F0225066F8225076102350281823C5
:1057B000503820235048282350583023506838232D
:1057C00050785023502A5823503A6023504A682377
:1057D000505A7023506A7823507A9023502C982383
:1057E000503CA023504CA823505CB023506CB823ED
:1057F000507CD023502ED823503EE023504EE82337
:10580000505EF023506EF823507E182490302024F0
:105810009040282490503024906038249070582470
:1058200090326024904268249052702490627824D0
:10583000907298249034A0249044A8249054B024CA
:105840009064B8249074D0249026D8249036E02414
:105850009046E8249056F0249066F824907610251F
:1058600090281825903820259048282590583025D4
:105870009068382590785025902A5825903A6025D0
:10588000904A6825905A7025906A7825907A9025DC
:10589000902C9825903CA025904CA825905CB02594
:1058A000906CB825907CD025902ED825903EE02590
:1058B000904EE825905EF025906EF825907E182693
:1058C000D0302026D0402826D0503026D060382630
:1058D000D0705826D0326026D0426826D05270262A
:1058E000D0627826D0729826D034A026D044A8263C
:1058F000D054B026D064B826D074D826D036E0264E
:10590000D046E826D056F026D066F826D076102766
:10591000D0281827D0382027D0482827D05830271B
:10592000D0683827D0785027D02A5827D03A602717
:10593000D04A6827D05A7027D06A7827D07A902723
:10594000D02C9827D03CA027D04CA827D05CB027DB
:10595000D06CB827D07CD027D02ED827D03EE027D7
:10596000D04EE827D05EF027D06EF827D07E1828DA
:105970001031202810412828105130281061382873
:10598000107158281033602810436828105370286D
:1059900010637828107398281035A0281045A8287F
:1059A0001055B0281065B8281075D8281037E02891
:1059B0001047E8281057F0281067F82810771829A2
:1059C00010392029104928291059302910693829FF
:1059D00010795029102B5829103B6029104B682949
:1059E000105B7029106B7829107B9029102D982955
:1059F000103DA029104DA829105DB029106DB829BF
:105A0000107DD029102FD829103FE029104FE82908
:105A1000105FF029106FF829107F182A5031202AC2
:105A20005041282A5051302A5061382A5071582A42
:105A30005033602A5043682A5053702A5063782AA2
:105A40005073982A5035A02A5045A82A5055B02A9C
:105A50005065B82A5075D82A5037E02A5047E82AAE
:105A60005057F02A5067F82A5077182B5039202BBE
:105A70005049282B5059302B5069382B5079582BCE
:105A8000503B602B504B682B505B702B506B782B2E
:105A9000507B902B502D982B503DA02B504DA82B78
:105AA000505DB02B506DB82B507DD02B502FD82B84
:105AB000503FE02B504FE82B505FF02B506FF82BEE
:105AC000507F182C9031202C9041282C9051302C54
:105AD0009061382C9071582C9033602C9043682C36
:105AE0009053702C9063782C9073982C9035A02C48
:105AF0009045A82C9055B02C9065B82C9075D82C5A
:105B00009037E02C9047E82C9057F02C9067F82CB9
:105B10009077182D9039202D9049282D9059302DAF
:105B20009069382D9079582D903B602D904B682DC1
:105B3000905B702D906B782D907B982D903DA02DD3
:105B4000904DA82D905DB02D906DB82D907DD02DED
:105B5000902FD82D903FE02D904FE82D905FF02DA5
:105B6000906FF82D907F182ED031202ED041282E06
:105B7000D051302ED061382ED071582ED033602EB7
:105B8000D043682ED053702ED063782ED073982EC9
:105B9000D035A02ED045A82ED055B02ED065B82E29
:105BA000D075D82ED037E02ED047E82ED057F02E23
:105BB000D067F82ED077182FD039202FD049282F32
:105BC000D059302FD069382FD079582FD03B602F43
:105BD000D04B682FD05B702FD06B782FD07B982F55
:105BE000D03DA02FD04DA82FD05DB02FD06DB82FB5
:105BF000D07DD82FD03FE02FD04FE82FD05FF02FAF
:105C0000D06FF82FD07F2030184028301850303017
:105C100018603830187058301832603018426830C8
:105C20001852703018627830187298301834A030DA
:105C30001844A8301854B0301864B8301874D830EC
:105C40001836E0301846E8301856F0301866F8304C
:105C50001876183118382031184828311858303142
:105C60001868383118785831183A6031184A683154
:105C7000185A7031186A7831187A9831183CA03166
:105C8000184CA831185CB031186CB831187CD83178
:105C9000183EE031184EE831185EF031186EF831D8
:105CA000187E2032584028325850303258603832EE
:105CB00058706032584268325852703258627832A6
:105CC000587298325834A0325844A8325854B032DE
:105CD0005864B8325874D8325836E0325846E832F0
:105CE0005856F0325866F832587618335838203300
:105CF0005848283358583033586838335878583310
:105D0000583A6033584A6833585A7033586A78336F
:105D1000587A9833583CA033584CA833585CB03369
:105D2000586CB833587CD833583EE033584EE8337B
:105D3000585EF033586EF833587E2034984028343B
:105D40009850303498603834987060349842683491
:105D500098527034986278349872A0349844A83479
:105D60009854B0349864B8349874D8349836E03481
:105D70009846E8349856F0349866F8349876183592
:105D800098382035984828359858303598683835EF
:105D900098785835983A6035984A6835985A7035E9
:105DA000986A7835987A9835983CA035984CA835FB
:105DB000985CB035986CB835987CD835983EE0350D
:105DC000984EE835985EF035986EF835987E203616
:105DD000D8402836D8503036D8603836D87060363B
:105DE000D8426836D8527036D8627836D872A03623
:105DF000D844A836D854B036D864B836D874E0360B
:105E0000D846E836D856F036D866F836D8761837F9
:105E1000D8382037D8482837D8583037D868383756
:105E2000D8785837D83A6037D84A6837D85A703750
:105E3000D86A7837D87A9837D83CA037D84CA83762
:105E4000D85CB037D86CB837D87CD837D83EE03774
:105E5000D84EE837D85EF037D86EF837D87E20387D
:105E6000184128381851303818613838187160389E
:105E70001843683818537038186378381873A03886
:105E80001845A8381855B0381865B8381875E0386E
:105E90001847E8381857F0381867F8381877203955
:105EA0001849283918593039186938391879583942
:105EB000183B6039184B6839185B7039186B7839A2
:105EC000187B9839183DA039184DA839185DB0399C
:105ED000186DB839187DD839183FE039184FE839AE
:105EE000185FF039186FF839187F203A5841283A6E
:105EF0005851303A5861383A5871603A5843683AC4
:105F00005853703A5863783A5873A03A5845A83AAB
:105F10005855B03A5865B83A5875E03A5847E83A93
:105F20005857F03A5867F83A5877203B5849283B79
:105F30005859303B5869383B5879603B584B683B5F
:105F4000585B703B586B783B587B983B583DA03B67
:105F5000584DA83B585DB03B586DB83B587DD83B79
:105F6000583FE03B584FE83B585FF03B586FF83BD9
:105F7000587F203C9841283C9851303C9861383CEF
:105F80009871603C9843683C9853703C9863783CA7
:105F90009873A03C9845A83C9855B03C9865B83C8F
:105FA0009875E03C9847E83C9857F03C9867F83C77
:105FB0009877203D9849283D9859303D9869383D5B
:105FC0009879603D984B683D985B703D986B783D43
:105FD000987BA03D984DA83D985DB03D986DB83D2B
:105FE000987DD83D983FE03D984FE83D985FF03D63
:105FF000986FF83D987F203ED841283ED851303EDA
:10600000D861383ED871603ED843683ED853703E60
:10601000D863783ED873A03ED845A83ED855B03E48
:10602000D865B83ED875E03ED847E83ED857F03E30
:10603000D867F83ED877203FD849283FD859303F15
:10604000D869383FD879603FD84B683FD85B703FFC
:10605000D86B783FD87BA03FD84DA83FD85DB03FE4
:10606000D86DB83FD87DE03FD84FE83FD85FF03FCC
:10607000D86FF83FD87F284020503040206038400B
:10608000207060402042684020527040206278407A
:106090002072A0402044A8402054B0402064B84062
:1060A0002074E0402046E8402056F0402066F8404A
:1060B000207620412048284120583041206838412E
:1060C00020786041204A6841205A7041206A784116
:1060D000207AA041204CA841205CB041206CB841FE
:1060E000207CE041204EE841205EF041206EF841E6
:1060F000207E2842605030426060384260706842C2
:1061000060527042606278426072A0426044A8426D
:106110006054B0426064B8426074E0426046E84255
:106120006056F0426066F84260762043604828433B
:10613000605830436068384360786043604A684321
:10614000605A7043606A7843607AA043604CA84309
:10615000605CB043606CB843607CE043604EE843F1
:10616000605EF043606EF843607E2844A050304487
:10617000A0603844A0706844A0527044A062784483
:10618000A072A844A054B044A064B844A074E044F1
:10619000A046E844A056F044A066F844A076204506
:1061A000A0482845A0583045A0683845A0786045EB
:1061B000A04A6845A05A7045A06A7845A07AA045D3
:1061C000A04CA845A05CB045A06CB845A07CE045BB
:1061D000A04EE845A05EF045A06EF845A07E28469A
:1061E000E0503046E0603846E0706846E052704665
:1061F000E0627846E072A846E054B046E064B846F3
:10620000E074E846E056F046E066F846E07620475F
:10621000E0482847E0583047E0683847E078604772
:10622000E04A6847E05A7047E06A7847E07AA0475A
:10623000E04CA847E05CB047E06CB847E07CE04742
:10624000E04EE847E05EF047E06EF847E07E284821
:1062500020513048206138482071684820537048E8
:10626000206378482073A8482055B0482065B84876
:106270002075E8482057F0482067F84820772849DB
:10628000205930492069384920796049204B6849B4
:10629000205B7049206B7849207BA049204DA8499C
:1062A000205DB049206DB849207DE049204FE84984
:1062B000205FF049206FF849207F284A6051304A1A
:1062C0006061384A6071684A6053704A6063784A16
:1062D0006073A84A6055B04A6065B84A6075E84A7C
:1062E0006057F04A6067F84A6077284B6059304B36
:1062F0006069384B6079684B605B704B606B784BC2
:10630000607BA04B604DA84B605DB04B606DB84B9F
:10631000607DE04B604FE84B605FF04B606FF84B87
:10632000607F284CA051304CA061384CA071684C63
:10633000A053704CA063784CA073A84CA055B04CEF
:10634000A065B84CA075E84CA057F04CA067F84C7D
:10635000A077284DA059304DA069384DA079684DDF
:10636000A05B704DA06B784DA07BA84DA05DB04D9B
:10637000A06DB84DA07DE04DA04FE84DA05FF04D61
:10638000A06FF84DA07F284EE051304EE061384EAE
:10639000E071684EE053704EE063784EE073A84EB3
:1063A000E055B04EE065B84EE075E84EE057F04E6F
:1063B000E067F84EE077284FE059304FE069384FFA
:1063C000E079684FE05B704FE06B784FE07BA84F5F
:1063D000E05DB04FE06DB84FE07DE84FE05FF04F1B
:1063E000E06FF84FE07F30502860385028706850D8
:1063F00028527050286278502872A8502854B05003
:106400002864B8502874E8502856F0502866F85090
:1064100028762851285830512868385128786851F2
:10642000285A7051286A7851287AA851285CB051AE
:10643000286CB851287CE851285EF051286EF8513C
:10644000287E3052686038526870705268627852A4
:106450006872A8526854B0526864B8526874E852BE
:106460006856F0526866F852687628536858305378
:106470006868385368786853685A7053686A785304
:10648000687AA853685CB053686CB853687CE8536A
:10649000685EF053686EF853687E3054A8603854D4
:1064A000A8707054A8627854A872B054A864B85404
:1064B000A874E854A856F054A866F854A87628554D
:1064C000A8583055A8683855A8786855A85A705506
:1064D000A86A7855A87AA855A85CB055A86CB85594
:1064E000A87CE855A85EF055A86EF855A87E3056F1
:1064F000E8603856E8707056E8627856E872B05630
:10650000E864B856E874F056E866F856E876285716
:10651000E8583057E8683857E8786857E85A7057AD
:10652000E86A7857E87AA857E85CB057E86CB8573B
:10653000E87CE857E85EF057E86EF857E87E305898
:106540002861385828717058286378582873B058D3
:106550002865B8582875F0582867F85828773059B2
:106560002869385928796859285B7059286B7859F7
:10657000287BA859285DB059286DB859287DE8595D
:10658000285FF059286FF859287F305A6861385AC7
:106590006871705A6863785A6873B05A6865B85AF7
:1065A0006875F05A6867F85A6877305B6869385BD5
:1065B0006879705B686B785B687BA85B685DB05BD3
:1065C000686DB85B687DE85B685FF05B686FF85B7F
:1065D000687F305CA861385CA871705CA863785CE7
:1065E000A873B05CA865B85CA875F05CA867F85C97
:1065F000A877305DA869385DA879705DA86B785D73
:10660000A87BB05DA86DB85DA87DE85DA85FF05D72
:10661000A86FF85DA87F305EE861385EE871705E53
:10662000E863785EE873B05EE865B85EE875F05ED2
:10663000E867F85EE877305FE869385FE879705FAF
:10664000E86B785FE87BB05FE86DB85FE87DF05F8E
:10665000E86FF85FE87F38603070706030627860B3
:106660003072B0603064B8603074F0603066F860EA
:10667000307630613068386130787061306A7861C6
:10668000307AB061306CB861307CF061306EF861A6
:10669000307E3862707078627072B0627064B86216
:1066A0007074F0627066F862707630637068386398
:1066B00070787063706A7863707AB063706CB86376
:1066C000707CF063706EF863707E3864B0707864CC
:1066D000B072B864B074F064B066F864B0763065D7
:1066E000B0683865B0787065B06A7865B07AB065C2
:1066F000B06CB865B07CF065B06EF865B07E386699
:10670000F0707866F072B866F074F866F07630670C
:10671000F0683867F0787067F06A7867F07AB06789
:10672000F06CB867F07CF067F06EF867F07E386860
:10673000307178683073B8683075F86830773869C8
:1067400030797069306B7869307BB069306DB869C9
:10675000307DF069306FF869307F386A7071786A1F
:106760007073B86A7075F86A7077386B7079786B87
:10677000707BB06B706DB86B707DF06B706FF86B89
:10678000707F386CB071786CB073B86CB075F86CA1
:10679000B077386DB079786DB07BB86DB07DF06D45
:1067A000B06FF86DB07F386EF071786EF073B86EC0
:1067B000F075F86EF077386FF079786FF07BB86F1E
:1067C000F07DF86FF07F78703872B8703874F870B8
:1067D0003876387138787871387AB871387CF871D1
:1067E000387EB8727874F8727876387378787873FF
:1067F000787AB873787CF873787EF874B8763875E0
:10680000B8787875B87AB875B87CF875B87E387786
:10681000F8787877F87AB877F87CF877F87E78792E
:10682000387BB879387DF879387FB87B787DF87B0C
:10683000787FF87DB87F080000021000000418007F
:106840000006200000082800000A3000000C380074
:10685000000E48004002500040045800400660000E
:1068600040086800400A7000400C7800400E880024
:1068700080029000800498008006A0008008A80094
:10688000800AB000800CB800800EC800C002D000A2
:10689000C004D800C006E000C008E800C00AF0004C
:1068A000C00CF800C00E080100031001000518011B
:1068B0000007200100092801000B3001000D3801FC
:1068C000000F480140035001400558014007600196
:1068D00040096801400B7001400D7801400F8801AC
:1068E00080039001800598018007A0018009A8011C
:1068F000800BB001800DB801800FC801C003D0012A
:10690000C005D801C007E001C009E801C00BF001D3
:10691000C00DF801C00F100208041802080620027A
:1069200008082802080A3002080C3802080E500233
:10693000480458024806600248086802480A700283
:10694000480C7802480E9002880498028806A0023B
:106950008808A802880AB002880CB802880ED00203
:10696000C804D802C806E002C808E802C80AF00253
:10697000C80CF802C80E1003080518030807200306
:1069800008092803080B3003080D3803080F5003CB
:10699000480558034807600348096803480B70031B
:1069A000480D7803480F9003880598038807A003D3
:1069B0008809A803880BB003880DB803880FD0039B
:1069C000C805D803C807E003C809E803C80BF003EB
:1069D000C80DF803C80F1804100620041008280476
:1069E000100A3004100C3804100E580450066004CD
:1069F00050086804500A7004500C7804500E980433
:106A00009006A0049008A804900AB004900CB80462
:106A1000900ED804D006E004D008E804D00AF004B0
:106A2000D00CF804D00E1805100720051009280511
:106A3000100B3005100D3805100F58055007600574
:106A400050096805500B7005500D7805500F9805DA
:106A50009007A0059009A805900BB005900DB8050A
:106A6000900FD805D007E005D009E805D00BF00558
:106A7000D00DF805D00F200618082806180A300691
:106A8000180C3806180E600658086806580A700672
:106A9000580C7806580EA0069808A806980AB00662
:106AA000980CB806980EE006D808E806D80AF00652
:106AB000D80CF806D80E200718092807180B30073D
:106AC000180D3807180F600758096807580B70072A
:106AD000580D7807580FA0079809A807980BB0071A
:106AE000980DB807980FE007D809E807D80BF0070A
:106AF000D80DF807D80F2808200A3008200C3808CD
:106B0000200E6808600A7008600C7808600EA808FB
:106B1000A00AB008A00CB808A00EE808E00AF00827
:106B2000E00CF808E00E2809200B3009200D380988
:106B3000200F6809600B7009600D7809600FA809C3
:106B4000A00BB009A00DB809A00FE809E00BF009EF
:106B5000E00DF809E00F300A280C380A280E700AF8
:106B6000680C780A680EB00AA80CB80AA80EF00AD9
:106B7000E80CF80AE80E300B280D380B280F700BC4
:106B8000680D780B680FB00BA80DB80BA80FF00BB1
:106B9000E80DF80BE80F380C300E780C700EB80CBE
:106BA000B00EF80CF00E380D300F780D700FB80DD8
:106BB000B00FF80DF00F0800400010008000180022
:106BC000C000200000012800400130008001380092
:106BD000C001500088005800C8006000080168002B
:106BE0004801700088017800C8019800D000A0001A
:106BF0001001A8005001B0009001B800D001E000E1
:106C00001801E8005801F0009801F800D8012801A7
:106C100060013001A0013801E0017001A801780194
:106C2000E801B801F001000000040000B86C0108A0
:106C30004E1701080807000080000000B88C01080A
:106C40005E250108D000000010000000B890010887
:106C5000FE26010814000000000800003891010819
:106C600026270108E00E00000001000038D10108CD
:106C7000E6440108B80100002000000038D90108EE
:106C800056480108300000000010000038DA010802
:106C9000B6480108C00F000000020000385A020880
:106CA00036680108C001000040000000386A020890
:106CB000B66B0108380000000000803F00000000B3
:106CC000C4FE7F3F890FC93B11FB7F3F900E493CBB
:106CD000E6F47F3FB6C9963C43EC7F3FB00AC93C1F
:106CE00029E17F3FB949FB3C98D37F3F2CC3163D38
:106CF0008FC37F3F07E02F3D0FB17F3F2FFB483D04
:106D0000189C7F3F6814623DAB847F3F742B7B3DB2
:106D1000C76A7F3F0A208A3D6D4E7F3F05A9963D99
:106D20009D2F7F3F8C30A33D580E7F3F80B6AF3DF7
:106D30009DEA7E3FC33ABC3D6DC47E3F36BDC83D33
:106D4000C99B7E3FB93DD53DB0707E3F2EBCE13D35
:106D500023437E3F7638EE3D24137E3F73B2FA3DE7
:106D6000B1E07D3F0295033ECCAB7D3F86CF093E2F
:106D700074747D3FB708103EAC3A7D3F8340163EA9
:106D800073FE7C3FDE761C3EC9BF7C3FB6AB223E25
:106D9000B07E7C3FFCDE283E283B7C3FA2102F3E8D
:106DA00031F57B3F9840353ECDAC7B3FCF6E3B3ECF
:106DB000FC617B3F379B413EBE147B3FC2C5473ED3
:106DC00016C57A3F60EE4D3E02737A3F0115543E80
:106DD000841E7A3F97395A3E9DC7793F135C603EC7
:106DE0004E6E793F667C663E9812793F7F9A6C3E84
:106DF0007BB4783F51B6723EF853783FCCCF783EA3
:106E000010F1773FE1E67E3EC58B773FC07D823E45
:106E10001724773FCE86853E07BA763F938E883E0D
:106E2000974D763F07958B3EC6DE753F229A8E3E84
:106E3000976D753FDD9D913E0BFA743F31A0943EF6
:106E40002284743F17A1973EDD0B743F86A09A3EC3
:106E50003F91733F789E9D3E4714733FE59AA03E55
:106E6000F894723FC595A33E5213723F128FA63E0F
:106E7000578F713FC486A93E0809713FD47CAC3E50
:106E80006680703F3A71AF3E73F56F3FEF63B23E7D
:106E900030686F3FEC54B53E9ED86E3F2A44B83EF2
:106EA000BE466E3FA031BB3E93B26D3F4A1DBE3E13
:106EB0001D1C6D3F1E07C13E5E836C3F15EFC33E38
:106EC00058E86B3F29D5C63E0C4B6B3F53B9C93EC2
:106ED0007BAB6A3F8B9BCC3EA7096A3FCA7BCF3E08
:106EE0009165693F095AD23E3CBF683F4136D53E65
:106EF000A816683F6B10D83ED86B673F80E8DA3E33
:106F0000CCBE663F79BEDD3E880F663F4F92E03EC5
:106F10000B5E653FFA63E33E59AA643F7533E63E74
:106F200073F4633FB700E93E5A3C633FBBCBEB3E93
:106F30001082623F7994EE3E98C5613FEA5AF13E75
:106F4000F206613F071FF43E2146603FCBE0F63E6C
:106F500027835F3F2DA0F93E05BE5E3F275DFC3EC7
:106F6000BEF65D3FB217FF3E532D5D3FE4E7003FA5
:106F7000C7615C3FB142023F1A945B3F3D9C033FB7
:106F800050C45A3F84F4043F6AF2593F824B063F93
:106F90006A1E593F36A1073F5348583F9BF5083FAB
:106FA0002670573FAD480A3FE595563F6B9A0B3F19
:106FB00093B9553FD0EA0C3F31DB543FDA390E3FED
:106FC000C3FA533F84870F3F4918533FCDD3103F37
:106FD000C633523FB01E123F3D4D513F2A68133F0A
:106FE000AF64503F39B0143F1F7A4F3FD9F6153F79
:106FF000908D4E3F073C173F029F4D3FC07F183F8B
:1070000079AE4C3F00C2193FF8BB4B3FC6021B3F55
:107010007FC74A3F0C421C3F12D1493FD17F1D3FE1
:10702000B3D8483F12BC1E3F65DE473FCBF61F3F3B
:107030002AE2463FF92F213F03E4453F9967223F6B
:10704000F5E3443FA99D233F00E2433F25D2243F7F
:1070500029DE423F0A05263F70D8413F5636273F7A
:10706000DAD0403F0566283F67C73F3F1594293F68
:107070001BBC3E3F82C02A3FF9AE3D3F4AEB2B3F4F
:1070800003A03C3F69142D3F3B8F3B3FDE3B2E3F2F
:10709000A47C3A3FA5612F3F4268393FBB85303F12
:1070A0001652383F1DA8313F233A373FC9C8323FF7
:1070B0006C20363FBCE7333FF304353FF304353FE4
:1070C000BCE7333F6C20363FC9C8323F233A373FD5
:1070D0001DA8313F1652383FBB85303F4268393FCB
:1070E000A5612F3FA47C3A3FDE3B2E3F3B8F3B3FC9
:1070F00069142D3F03A03C3F4AEB2B3FF9AE3D3FC7
:1071000082C02A3F1BBC3E3F1594293F67C73F3FC3
:107110000566283FDAD0403F5636273F70D8413FBA
:107120000A05263F29DE423F25D2243F00E2433FA5
:10713000A99D233FF5E3443F9967223F03E4453F80
:10714000F92F213F2AE2463FCBF61F3F65DE473F3E
:1071500012BC1E3FB3D8483FD17F1D3F12D1493FDB
:107160000C421C3F7FC74A3FC6021B3FF8BB4B3F48
:1071700000C2193F79AE4C3FC07F183F029F4D3F80
:10718000073C173F908D4E3FD9F6153F1F7A4F3F72
:1071900039B0143FAF64503F2A68133F3D4D513F13
:1071A000B01E123FC633523FCDD3103F4918533F54
:1071B00084870F3FC3FA533FDA390E3F31DB543F28
:1071C000D0EA0C3F93B9553F6B9A0B3FE595563F7C
:1071D000AD480A3F2670573F9BF5083F5348583F3C
:1071E00036A1073F6A1E593F824B063F6AF2593F5C
:1071F00084F4043F50C45A3F3D9C033F1A945B3FC4
:10720000B142023FC7615C3FE4E7003F532D5D3F61
:10721000B217FF3EBEF65D3F275DFC3E05BE5E3FFA
:107220002DA0F93E27835F3FCBE0F63E2146603F2D
:10723000071FF43EF206613FEA5AF13E98C5613FEE
:107240007994EE3E1082623FBBCBEB3E5A3C633FEB
:10725000B700E93E73F4633F7533E63E59AA643FD5
:10726000FA63E33E0B5E653F4F92E03E880F663F58
:1072700079BEDD3ECCBE663F80E8DA3ED86B673F24
:107280006B10D83EA816683F4136D53E3CBF683FDC
:10729000095AD23E9165693FCA7BCF3EA7096A3F32
:1072A0008B9BCC3E7BAB6A3F53B9C93E0C4B6B3FCB
:1072B00029D5C63E58E86B3F15EFC33E5E836C3F51
:1072C0001E07C13E1D1C6D3F4A1DBE3E93B26D3F61
:1072D000A031BB3EBE466E3F2A44B83E9ED86E3FAC
:1072E000EC54B53E30686F3FEF63B23E73F56F3FCD
:1072F0003A71AF3E6680703FD47CAC3E0809713F66
:10730000C486A93E578F713F128FA63E5213723F1B
:10731000C595A33EF894723FE59AA03E4714733F8B
:10732000789E9D3E3F91733F86A09A3EDD0B743F51
:1073300017A1973E2284743F31A0943E0BFA743F0C
:10734000DD9D913E976D753F229A8E3EC6DE753F5C
:1073500007958B3E974D763F938E883E07BA763FD2
:10736000CE86853E1724773FC07D823EC58B773F12
:10737000E1E67E3E10F1773FCCCF783EF853783F80
:1073800051B6723E7BB4783F7F9A6C3E9812793F3B
:10739000667C663E4E6E793F135C603E9DC7793FCA
:1073A00097395A3E841E7A3F0115543E02737A3F44
:1073B00060EE4D3E16C57A3FC2C5473EBE147B3FC8
:1073C000379B413EFC617B3FCF6E3B3ECDAC7B3F6C
:1073D0009840353E31F57B3FA2102F3E283B7C3F45
:1073E000FCDE283EB07E7C3FB6AB223EC9BF7C3F70
:1073F000DE761C3E73FE7C3F8340163EAC3A7D3FFA
:10740000B708103E74747D3F86CF093ECCAB7D3FFC
:107410000295033EB1E07D3F73B2FA3D24137E3FF7
:107420007638EE3D23437E3F2EBCE13DB0707E3F7B
:10743000B93DD53DC99B7E3F36BDC83D6DC47E3F3D
:10744000C33ABC3D9DEA7E3F80B6AF3D580E7F3FBC
:107450008C30A33D9D2F7F3F05A9963D6D4E7F3F0C
:107460000A208A3DC76A7F3F742B7B3DAB847F3FF8
:107470006814623D189C7F3F2FFB483D0FB17F3F52
:1074800007E02F3D8FC37F3F2CC3163D98D37F3F2E
:10749000B949FB3C29E17F3FB00AC93C43EC7F3F3F
:1074A000B6C9963CE6F47F3F900E493C11FB7F3F06
:1074B000890FC93BC4FE7F3F000000000000803FF1
:1074C000890FC9BBC4FE7F3F900E49BC11FB7F3FB3
:1074D000B6C996BCE6F47F3FB00AC9BC43EC7F3F17
:1074E000B949FBBC29E17F3F2CC316BD98D37F3F30
:1074F00007E02FBD8FC37F3F2FFB48BD0FB17F3FFC
:10750000681462BD189C7F3F742B7BBDAB847F3FAA
:107510000A208ABDC76A7F3F05A996BD6D4E7F3F91
:107520008C30A3BD9D2F7F3F80B6AFBD580E7F3FEF
:10753000C33ABCBD9DEA7E3F36BDC8BD6DC47E3F2B
:10754000B93DD5BDC99B7E3F2EBCE1BDB0707E3F2D
:107550007638EEBD23437E3F73B2FABD24137E3FDF
:10756000029503BEB1E07D3F86CF09BECCAB7D3F27
:10757000B70810BE74747D3F834016BEAC3A7D3FA1
:10758000DE761CBE73FE7C3FB6AB22BEC9BF7C3F1D
:10759000FCDE28BEB07E7C3FA2102FBE283B7C3F85
:1075A000984035BE31F57B3FCF6E3BBECDAC7B3FC7
:1075B000379B41BEFC617B3FC2C547BEBE147B3FCB
:1075C00060EE4DBE16C57A3F011554BE02737A3F78
:1075D00097395ABE841E7A3F135C60BE9DC7793FBF
:1075E000667C66BE4E6E793F7F9A6CBE9812793F7C
:1075F00051B672BE7BB4783FCCCF78BEF853783F9B
:10760000E1E67EBE10F1773FC07D82BEC58B773F3D
:10761000CE8685BE1724773F938E88BE07BA763F05
:1076200007958BBE974D763F229A8EBEC6DE753F7C
:10763000DD9D91BE976D753F31A094BE0BFA743FEE
:1076400017A197BE2284743F86A09ABEDD0B743FBB
:10765000789E9DBE3F91733FE59AA0BE4714733F4D
:10766000C595A3BEF894723F128FA6BE5213723F07
:10767000C486A9BE578F713FD47CACBE0809713F48
:107680003A71AFBE6680703FEF63B2BE73F56F3F75
:10769000EC54B5BE30686F3F2A44B8BE9ED86E3FEA
:1076A000A031BBBEBE466E3F4A1DBEBE93B26D3F0B
:1076B0001E07C1BE1D1C6D3F15EFC3BE5E836C3F30
:1076C00029D5C6BE58E86B3F53B9C9BE0C4B6B3FBA
:1076D0008B9BCCBE7BAB6A3FCA7BCFBEA7096A3F00
:1076E000095AD2BE9165693F4136D5BE3CBF683F5D
:1076F0006B10D8BEA816683F80E8DABED86B673F2B
:1077000079BEDDBECCBE663F4F92E0BE880F663FBD
:10771000FA63E3BE0B5E653F7533E6BE59AA643F6C
:10772000B700E9BE73F4633FBBCBEBBE5A3C633F8B
:107730007994EEBE1082623FEA5AF1BE98C5613F6D
:10774000071FF4BEF206613FCBE0F6BE2146603F64
:107750002DA0F9BE27835F3F275DFCBE05BE5E3FBF
:10776000B217FFBEBEF65D3FE4E700BF532D5D3F9D
:10777000B14202BFC7615C3F3D9C03BF1A945B3FAF
:1077800084F404BF50C45A3F824B06BF6AF2593F8B
:1077900036A107BF6A1E593F9BF508BF5348583FA3
:1077A000AD480ABF2670573F6B9A0BBFE595563F11
:1077B000D0EA0CBF93B9553FDA390EBF31DB543FE5
:1077C00084870FBFC3FA533FCDD310BF4918533F2F
:1077D000B01E12BFC633523F2A6813BF3D4D513F02
:1077E00039B014BFAF64503FD9F615BF1F7A4F3F71
:1077F000073C17BF908D4E3FC07F18BF029F4D3F83
:1078000000C219BF79AE4C3FC6021BBFF8BB4B3F4D
:107810000C421CBF7FC74A3FD17F1DBF12D1493FD9
:1078200012BC1EBFB3D8483FCBF61FBF65DE473F33
:10783000F92F21BF2AE2463F996722BF03E4453F63
:10784000A99D23BFF5E3443F25D224BF00E2433F77
:107850000A0526BF29DE423F563627BF70D8413F72
:10786000056628BFDAD0403F159429BF67C73F3F60
:1078700082C02ABF1BBC3E3F4AEB2BBFF9AE3D3F47
:1078800069142DBF03A03C3FDE3B2EBF3B8F3B3F27
:10789000A5612FBFA47C3A3FBB8530BF4268393F0A
:1078A0001DA831BF1652383FC9C832BF233A373FEF
:1078B000BCE733BF6C20363FF30435BFF304353FDC
:1078C0006C2036BFBCE7333F233A37BFC9C8323FCD
:1078D000165238BF1DA8313F426839BFBB85303FC3
:1078E000A47C3ABFA5612F3F3B8F3BBFDE3B2E3FC1
:1078F00003A03CBF69142D3FF9AE3DBF4AEB2B3FBF
:107900001BBC3EBF82C02A3F67C73FBF1594293FBB
:10791000DAD040BF0566283F70D841BF5636273FB2
:1079200029DE42BF0A05263F00E243BF25D2243F9D
:10793000F5E344BFA99D233F03E445BF9967223F78
:107940002AE246BFF92F213F65DE47BFCBF61F3F36
:10795000B3D848BF12BC1E3F12D149BFD17F1D3FD3
:107960007FC74ABF0C421C3FF8BB4BBFC6021B3F40
:1079700079AE4CBF00C2193F029F4DBFC07F183F78
:10798000908D4EBF073C173F1F7A4FBFD9F6153F6A
:10799000AF6450BF39B0143F3D4D51BF2A68133F0B
:1079A000C63352BFB01E123F491853BFCDD3103F4C
:1079B000C3FA53BF84870F3F31DB54BFDA390E3F20
:1079C00093B955BFD0EA0C3FE59556BF6B9A0B3F74
:1079D000267057BFAD480A3F534858BF9BF5083F34
:1079E0006A1E59BF36A1073F6AF259BF824B063F54
:1079F00050C45ABF84F4043F1A945BBF3D9C033FBC
:107A0000C7615CBFB142023F532D5DBFE4E7003F59
:107A1000BEF65DBFB217FF3E05BE5EBF275DFC3EF2
:107A200027835FBF2DA0F93E214660BFCBE0F63E25
:107A3000F20661BF071FF43E98C561BFEA5AF13EE6
:107A4000108262BF7994EE3E5A3C63BFBBCBEB3EE3
:107A500073F463BFB700E93E59AA64BF7533E63ECD
:107A60000B5E65BFFA63E33E880F66BF4F92E03E50
:107A7000CCBE66BF79BEDD3ED86B67BF80E8DA3E1C
:107A8000A81668BF6B10D83E3CBF68BF4136D53ED4
:107A9000916569BF095AD23EA7096ABFCA7BCF3E2A
:107AA0007BAB6ABF8B9BCC3E0C4B6BBF53B9C93EC3
:107AB00058E86BBF29D5C63E5E836CBF15EFC33E49
:107AC0001D1C6DBF1E07C13E93B26DBF4A1DBE3E59
:107AD000BE466EBFA031BB3E9ED86EBF2A44B83EA4
:107AE00030686FBFEC54B53E73F56FBFEF63B23EC5
:107AF000668070BF3A71AF3E080971BFD47CAC3E5E
:107B0000578F71BFC486A93E521372BF128FA63E13
:107B1000F89472BFC595A33E471473BFE59AA03E83
:107B20003F9173BF789E9D3EDD0B74BF86A09A3E49
:107B3000228474BF17A1973E0BFA74BF31A0943E04
:107B4000976D75BFDD9D913EC6DE75BF229A8E3E54
:107B5000974D76BF07958B3E07BA76BF938E883ECA
:107B6000172477BFCE86853EC58B77BFC07D823E0A
:107B700010F177BFE1E67E3EF85378BFCCCF783E78
:107B80007BB478BF51B6723E981279BF7F9A6C3E33
:107B90004E6E79BF667C663E9DC779BF135C603EC2
:107BA000841E7ABF97395A3E02737ABF0115543E3C
:107BB00016C57ABF60EE4D3EBE147BBFC2C5473EC0
:107BC000FC617BBF379B413ECDAC7BBFCF6E3B3E64
:107BD00031F57BBF9840353E283B7CBFA2102F3E3D
:107BE000B07E7CBFFCDE283EC9BF7CBFB6AB223E68
:107BF00073FE7CBFDE761C3EAC3A7DBF8340163EF2
:107C000074747DBFB708103ECCAB7DBF86CF093EF4
:107C1000B1E07DBF0295033E24137EBF73B2FA3DEF
:107C200023437EBF7638EE3DB0707EBF2EBCE13D73
:107C3000C99B7EBFB93DD53D6DC47EBF36BDC83D35
:107C40009DEA7EBFC33ABC3D580E7FBF80B6AF3DB4
:107C50009D2F7FBF8C30A33D6D4E7FBF05A9963D04
:107C6000C76A7FBF0A208A3DAB847FBF742B7B3DF0
:107C7000189C7FBF6814623D0FB17FBF2FFB483D4A
:107C80008FC37FBF07E02F3D98D37FBF2CC3163D26
:107C900029E17FBFB949FB3C43EC7FBFB00AC93C37
:107CA000E6F47FBFB6C9963C11FB7FBF900E493CFE
:107CB000C4FE7FBF890FC93B000080BF00000000E9
:107CC000C4FE7FBF890FC9BB11FB7FBF900E49BCAB
:107CD000E6F47FBFB6C996BC43EC7FBFB00AC9BC0F
:107CE00029E17FBFB949FBBC98D37FBF2CC316BD28
:107CF0008FC37FBF07E02FBD0FB17FBF2FFB48BDF4
:107D0000189C7FBF681462BDAB847FBF742B7BBDA2
:107D1000C76A7FBF0A208ABD6D4E7FBF05A996BD89
:107D20009D2F7FBF8C30A3BD580E7FBF80B6AFBDE7
:107D30009DEA7EBFC33ABCBD6DC47EBF36BDC8BD23
:107D4000C99B7EBFB93DD5BDB0707EBF2EBCE1BD25
:107D500023437EBF7638EEBD24137EBF73B2FABDD7
:107D6000B1E07DBF029503BECCAB7DBF86CF09BE1F
:107D700074747DBFB70810BEAC3A7DBF834016BE99
:107D800073FE7CBFDE761CBEC9BF7CBFB6AB22BE15
:107D9000B07E7CBFFCDE28BE283B7CBFA2102FBE7D
:107DA00031F57BBF984035BECDAC7BBFCF6E3BBEBF
:107DB000FC617BBF379B41BEBE147BBFC2C547BEC3
:107DC00016C57ABF60EE4DBE02737ABF011554BE70
:107DD000841E7ABF97395ABE9DC779BF135C60BEB7
:107DE0004E6E79BF667C66BE981279BF7F9A6CBE74
:107DF0007BB478BF51B672BEF85378BFCCCF78BE93
:107E000010F177BFE1E67EBEC58B77BFC07D82BE35
:107E1000172477BFCE8685BE07BA76BF938E88BEFD
:107E2000974D76BF07958BBEC6DE75BF229A8EBE74
:107E3000976D75BFDD9D91BE0BFA74BF31A094BEE6
:107E4000228474BF17A197BEDD0B74BF86A09ABEB3
:107E50003F9173BF789E9DBE471473BFE59AA0BE45
:107E6000F89472BFC595A3BE521372BF128FA6BEFF
:107E7000578F71BFC486A9BE080971BFD47CACBE40
:107E8000668070BF3A71AFBE73F56FBFEF63B2BE6D
:107E900030686FBFEC54B5BE9ED86EBF2A44B8BEE2
:107EA000BE466EBFA031BBBE93B26DBF4A1DBEBE03
:107EB0001D1C6DBF1E07C1BE5E836CBF15EFC3BE28
:107EC00058E86BBF29D5C6BE0C4B6BBF53B9C9BEB2
:107ED0007BAB6ABF8B9BCCBEA7096ABFCA7BCFBEF8
:107EE000916569BF095AD2BE3CBF68BF4136D5BE55
:107EF000A81668BF6B10D8BED86B67BF80E8DABE23
:107F0000CCBE66BF79BEDDBE880F66BF4F92E0BEB5
:107F10000B5E65BFFA63E3BE59AA64BF7533E6BE64
:107F200073F463BFB700E9BE5A3C63BFBBCBEBBE83
:107F3000108262BF7994EEBE98C561BFEA5AF1BE65
:107F4000F20661BF071FF4BE214660BFCBE0F6BE5C
:107F500027835FBF2DA0F9BE05BE5EBF275DFCBEB7
:107F6000BEF65DBFB217FFBE532D5DBFE4E700BF95
:107F7000C7615CBFB14202BF1A945BBF3D9C03BFA7
:107F800050C45ABF84F404BF6AF259BF824B06BF83
:107F90006A1E59BF36A107BF534858BF9BF508BF9B
:107FA000267057BFAD480ABFE59556BF6B9A0BBF09
:107FB00093B955BFD0EA0CBF31DB54BFDA390EBFDD
:107FC000C3FA53BF84870FBF491853BFCDD310BF27
:107FD000C63352BFB01E12BF3D4D51BF2A6813BFFA
:107FE000AF6450BF39B014BF1F7A4FBFD9F615BF69
:107FF000908D4EBF073C17BF029F4DBFC07F18BF7B
:1080000079AE4CBF00C219BFF8BB4BBFC6021BBF45
:108010007FC74ABF0C421CBF12D149BFD17F1DBFD1
:10802000B3D848BF12BC1EBF65DE47BFCBF61FBF2B
:108030002AE246BFF92F21BF03E445BF996722BF5B
:10804000F5E344BFA99D23BF00E243BF25D224BF6F
:1080500029DE42BF0A0526BF70D841BF563627BF6A
:10806000DAD040BF056628BF67C73FBF159429BF58
:108070001BBC3EBF82C02ABFF9AE3DBF4AEB2BBF3F
:1080800003A03CBF69142DBF3B8F3BBFDE3B2EBF1F
:10809000A47C3ABFA5612FBF426839BFBB8530BF02
:1080A000165238BF1DA831BF233A37BFC9C832BFE7
:1080B0006C2036BFBCE733BFF30435BFF30435BFD4
:1080C000BCE733BF6C2036BFC9C832BF233A37BFC5
:1080D0001DA831BF165238BFBB8530BF426839BFBB
:1080E000A5612FBFA47C3ABFDE3B2EBF3B8F3BBFB9
:1080F00069142DBF03A03CBF4AEB2BBFF9AE3DBFB7
:1081000082C02ABF1BBC3EBF159429BF67C73FBFB3
:10811000056628BFDAD040BF563627BF70D841BFAA
:108120000A0526BF29DE42BF25D224BF00E243BF95
:10813000A99D23BFF5E344BF996722BF03E445BF70
:10814000F92F21BF2AE246BFCBF61FBF65DE47BF2E
:1081500012BC1EBFB3D848BFD17F1DBF12D149BFCB
:108160000C421CBF7FC74ABFC6021BBFF8BB4BBF38
:1081700000C219BF79AE4CBFC07F18BF029F4DBF70
:10818000073C17BF908D4EBFD9F615BF1F7A4FBF62
:1081900039B014BFAF6450BF2A6813BF3D4D51BF03
:1081A000B01E12BFC63352BFCDD310BF491853BF44
:1081B00084870FBFC3FA53BFDA390EBF31DB54BF18
:1081C000D0EA0CBF93B955BF6B9A0BBFE59556BF6C
:1081D000AD480ABF267057BF9BF508BF534858BF2C
:1081E00036A107BF6A1E59BF824B06BF6AF259BF4C
:1081F00084F404BF50C45ABF3D9C03BF1A945BBFB4
:10820000B14202BFC7615CBFE4E700BF532D5DBF51
:10821000B217FFBEBEF65DBF275DFCBE05BE5EBFEA
:108220002DA0F9BE27835FBFCBE0F6BE214660BF1D
:10823000071FF4BEF20661BFEA5AF1BE98C561BFDE
:108240007994EEBE108262BFBBCBEBBE5A3C63BFDB
:10825000B700E9BE73F463BF7533E6BE59AA64BFC5
:10826000FA63E3BE0B5E65BF4F92E0BE880F66BF48
:1082700079BEDDBECCBE66BF80E8DABED86B67BF14
:108280006B10D8BEA81668BF4136D5BE3CBF68BFCC
:10829000095AD2BE916569BFCA7BCFBEA7096ABF22
:1082A0008B9BCCBE7BAB6ABF53B9C9BE0C4B6BBFBB
:1082B00029D5C6BE58E86BBF15EFC3BE5E836CBF41
:1082C0001E07C1BE1D1C6DBF4A1DBEBE93B26DBF51
:1082D000A031BBBEBE466EBF2A44B8BE9ED86EBF9C
:1082E000EC54B5BE30686FBFEF63B2BE73F56FBFBD
:1082F0003A71AFBE668070BFD47CACBE080971BF56
:10830000C486A9BE578F71BF128FA6BE521372BF0B
:10831000C595A3BEF89472BFE59AA0BE471473BF7B
:10832000789E9DBE3F9173BF86A09ABEDD0B74BF41
:1083300017A197BE228474BF31A094BE0BFA74BFFC
:10834000DD9D91BE976D75BF229A8EBEC6DE75BF4C
:1083500007958BBE974D76BF938E88BE07BA76BFC2
:10836000CE8685BE172477BFC07D82BEC58B77BF02
:10837000E1E67EBE10F177BFCCCF78BEF85378BF70
:1083800051B672BE7BB478BF7F9A6CBE981279BF2B
:10839000667C66BE4E6E79BF135C60BE9DC779BFBA
:1083A00097395ABE841E7ABF011554BE02737ABF34
:1083B00060EE4DBE16C57ABFC2C547BEBE147BBFB8
:1083C000379B41BEFC617BBFCF6E3BBECDAC7BBF5C
:1083D000984035BE31F57BBFA2102FBE283B7CBF35
:1083E000FCDE28BEB07E7CBFB6AB22BEC9BF7CBF60
:1083F000DE761CBE73FE7CBF834016BEAC3A7DBFEA
:10840000B70810BE74747DBF86CF09BECCAB7DBFEC
:10841000029503BEB1E07DBF73B2FABD24137EBFE7
:108420007638EEBD23437EBF2EBCE1BDB0707EBF6B
:10843000B93DD5BDC99B7EBF36BDC8BD6DC47EBF2D
:10844000C33ABCBD9DEA7EBF80B6AFBD580E7FBFAC
:108450008C30A3BD9D2F7FBF05A996BD6D4E7FBFFC
:108460000A208ABDC76A7FBF742B7BBDAB847FBFE8
:10847000681462BD189C7FBF2FFB48BD0FB17FBF42
:1084800007E02FBD8FC37FBF2CC316BD98D37FBF1E
:10849000B949FBBC29E17FBFB00AC9BC43EC7FBF2F
:1084A000B6C996BCE6F47FBF900E49BC11FB7FBFF6
:1084B000890FC9BBC4FE7FBF00000080000080BFE1
:1084C000890FC93BC4FE7FBF900E493C11FB7FBFA3
:1084D000B6C9963CE6F47FBFB00AC93C43EC7FBF07
:1084E000B949FB3C29E17FBF2CC3163D98D37FBF20
:1084F00007E02F3D8FC37FBF2FFB483D0FB17FBFEC
:108500006814623D189C7FBF742B7B3DAB847FBF9A
:108510000A208A3DC76A7FBF05A9963D6D4E7FBF81
:108520008C30A33D9D2F7FBF80B6AF3D580E7FBFDF
:10853000C33ABC3D9DEA7EBF36BDC83D6DC47EBF1B
:10854000B93DD53DC99B7EBF2EBCE13DB0707EBF1D
:108550007638EE3D23437EBF73B2FA3D24137EBFCF
:108560000295033EB1E07DBF86CF093ECCAB7DBF17
:10857000B708103E74747DBF8340163EAC3A7DBF91
:10858000DE761C3E73FE7CBFB6AB223EC9BF7CBF0D
:10859000FCDE283EB07E7CBFA2102F3E283B7CBF75
:1085A0009840353E31F57BBFCF6E3B3ECDAC7BBFB7
:1085B000379B413EFC617BBFC2C5473EBE147BBFBB
:1085C00060EE4D3E16C57ABF0115543E02737ABF68
:1085D00097395A3E841E7ABF135C603E9DC779BFAF
:1085E000667C663E4E6E79BF7F9A6C3E981279BF6C
:1085F00051B6723E7BB478BFCCCF783EF85378BF8B
:10860000E1E67E3E10F177BFC07D823EC58B77BF2D
:10861000CE86853E172477BF938E883E07BA76BFF5
:1086200007958B3E974D76BF229A8E3EC6DE75BF6C
:10863000DD9D913E976D75BF31A0943E0BFA74BFDE
:1086400017A1973E228474BF86A09A3EDD0B74BFAB
:10865000789E9D3E3F9173BFE59AA03E471473BF3D
:10866000C595A33EF89472BF128FA63E521372BFF7
:10867000C486A93E578F71BFD47CAC3E080971BF38
:108680003A71AF3E668070BFEF63B23E73F56FBF65
:10869000EC54B53E30686FBF2A44B83E9ED86EBFDA
:1086A000A031BB3EBE466EBF4A1DBE3E93B26DBFFB
:1086B0001E07C13E1D1C6DBF15EFC33E5E836CBF20
:1086C00029D5C63E58E86BBF53B9C93E0C4B6BBFAA
:1086D0008B9BCC3E7BAB6ABFCA7BCF3EA7096ABFF0
:1086E000095AD23E916569BF4136D53E3CBF68BF4D
:1086F0006B10D83EA81668BF80E8DA3ED86B67BF1B
:1087000079BEDD3ECCBE66BF4F92E03E880F66BFAD
:10871000FA63E33E0B5E65BF7533E63E59AA64BF5C
:10872000B700E93E73F463BFBBCBEB3E5A3C63BF7B
:108730007994EE3E108262BFEA5AF13E98C561BF5D
:10874000071FF43EF20661BFCBE0F63E214660BF54
:108750002DA0F93E27835FBF275DFC3E05BE5EBFAF
:10876000B217FF3EBEF65DBFE4E7003F532D5DBF8D
:10877000B142023FC7615CBF3D9C033F1A945BBF9F
:1087800084F4043F50C45ABF824B063F6AF259BF7B
:1087900036A1073F6A1E59BF9BF5083F534858BF93
:1087A000AD480A3F267057BF6B9A0B3FE59556BF01
:1087B000D0EA0C3F93B955BFDA390E3F31DB54BFD5
:1087C00084870F3FC3FA53BFCDD3103F491853BF1F
:1087D000B01E123FC63352BF2A68133F3D4D51BFF2
:1087E00039B0143FAF6450BFD9F6153F1F7A4FBF61
:1087F000073C173F908D4EBFC07F183F029F4DBF73
:1088000000C2193F79AE4CBFC6021B3FF8BB4BBF3D
:108810000C421C3F7FC74ABFD17F1D3F12D149BFC9
:1088200012BC1E3FB3D848BFCBF61F3F65DE47BF23
:10883000F92F213F2AE246BF9967223F03E445BF53
:10884000A99D233FF5E344BF25D2243F00E243BF67
:108850000A05263F29DE42BF5636273F70D841BF62
:108860000566283FDAD040BF1594293F67C73FBF50
:1088700082C02A3F1BBC3EBF4AEB2B3FF9AE3DBF37
:1088800069142D3F03A03CBFDE3B2E3F3B8F3BBF17
:10889000A5612F3FA47C3ABFBB85303F426839BFFA
:1088A0001DA8313F165238BFC9C8323F233A37BFDF
:1088B000BCE7333F6C2036BFF304353FF30435BFCC
:1088C0006C20363FBCE733BF233A373FC9C832BFBD
:1088D0001652383F1DA831BF4268393FBB8530BFB3
:1088E000A47C3A3FA5612FBF3B8F3B3FDE3B2EBFB1
:1088F00003A03C3F69142DBFF9AE3D3F4AEB2BBFAF
:108900001BBC3E3F82C02ABF67C73F3F159429BFAB
:10891000DAD0403F056628BF70D8413F563627BFA2
:1089200029DE423F0A0526BF00E2433F25D224BF8D
:10893000F5E3443FA99D23BF03E4453F996722BF68
:108940002AE2463FF92F21BF65DE473FCBF61FBF26
:10895000B3D8483F12BC1EBF12D1493FD17F1DBFC3
:108960007FC74A3F0C421CBFF8BB4B3FC6021BBF30
:1089700079AE4C3F00C219BF029F4D3FC07F18BF68
:10898000908D4E3F073C17BF1F7A4F3FD9F615BF5A
:10899000AF64503F39B014BF3D4D513F2A6813BFFB
:1089A000C633523FB01E12BF4918533FCDD310BF3C
:1089B000C3FA533F84870FBF31DB543FDA390EBF10
:1089C00093B9553FD0EA0CBFE595563F6B9A0BBF64
:1089D0002670573FAD480ABF5348583F9BF508BF24
:1089E0006A1E593F36A107BF6AF2593F824B06BF44
:1089F00050C45A3F84F404BF1A945B3F3D9C03BFAC
:108A0000C7615C3FB14202BF532D5D3FE4E700BF49
:108A1000BEF65D3FB217FFBE05BE5E3F275DFCBEE2
:108A200027835F3F2DA0F9BE2146603FCBE0F6BE15
:108A3000F206613F071FF4BE98C5613FEA5AF1BED6
:108A40001082623F7994EEBE5A3C633FBBCBEBBED3
:108A500073F4633FB700E9BE59AA643F7533E6BEBD
:108A60000B5E653FFA63E3BE880F663F4F92E0BE40
:108A7000CCBE663F79BEDDBED86B673F80E8DABE0C
:108A8000A816683F6B10D8BE3CBF683F4136D5BEC4
:108A90009165693F095AD2BEA7096A3FCA7BCFBE1A
:108AA0007BAB6A3F8B9BCCBE0C4B6B3F53B9C9BEB3
:108AB00058E86B3F29D5C6BE5E836C3F15EFC3BE39
:108AC0001D1C6D3F1E07C1BE93B26D3F4A1DBEBE49
:108AD000BE466E3FA031BBBE9ED86E3F2A44B8BE94
:108AE00030686F3FEC54B5BE73F56F3FEF63B2BEB5
:108AF0006680703F3A71AFBE0809713FD47CACBE4E
:108B0000578F713FC486A9BE5213723F128FA6BE03
:108B1000F894723FC595A3BE4714733FE59AA0BE73
:108B20003F91733F789E9DBEDD0B743F86A09ABE39
:108B30002284743F17A197BE0BFA743F31A094BEF4
:108B4000976D753FDD9D91BEC6DE753F229A8EBE44
:108B5000974D763F07958BBE07BA763F938E88BEBA
:108B60001724773FCE8685BEC58B773FC07D82BEFA
:108B700010F1773FE1E67EBEF853783FCCCF78BE68
:108B80007BB4783F51B672BE9812793F7F9A6CBE23
:108B90004E6E793F667C66BE9DC7793F135C60BEB2
:108BA000841E7A3F97395ABE02737A3F011554BE2C
:108BB00016C57A3F60EE4DBEBE147B3FC2C547BEB0
:108BC000FC617B3F379B41BECDAC7B3FCF6E3BBE54
:108BD00031F57B3F984035BE283B7C3FA2102FBE2D
:108BE000B07E7C3FFCDE28BEC9BF7C3FB6AB22BE58
:108BF00073FE7C3FDE761CBEAC3A7D3F834016BEE2
:108C000074747D3FB70810BECCAB7D3F86CF09BEE4
:108C1000B1E07D3F029503BE24137E3F73B2FABDDF
:108C200023437E3F7638EEBDB0707E3F2EBCE1BD63
:108C3000C99B7E3FB93DD5BD6DC47E3F36BDC8BD25
:108C40009DEA7E3FC33ABCBD580E7F3F80B6AFBDA4
:108C50009D2F7F3F8C30A3BD6D4E7F3F05A996BDF4
:108C6000C76A7F3F0A208ABDAB847F3F742B7BBDE0
:108C7000189C7F3F681462BD0FB17F3F2FFB48BD3A
:108C80008FC37F3F07E02FBD98D37F3F2CC316BD16
:108C900029E17F3FB949FBBC43EC7F3FB00AC9BC27
:108CA000E6F47F3FB6C996BC11FB7F3F900E49BCEE
:108CB000C4FE7F3F890FC9BB0000803F0000000059
:108CC0000FB17F3F2FFB483D6DC47E3F36BDC83D91
:108CD000AC3A7D3F8340163EBE147B3FC2C5473E43
:108CE000F853783FCCCF783E0BFA743F31A0943ED6
:108CF0000809713FD47CAC3E5E836C3F15EFC33EE8
:108D0000D86B673F80E8DA3E98C5613FEA5AF13E8A
:108D10001A945B3F3D9C033F31DB543FDA390E3FF1
:108D2000029F4D3FC07F183F03E4453F9967223FB4
:108D3000F9AE3D3F4AEB2B3FF304353FF304353F9B
:108D40004AEB2B3FF9AE3D3F9967223F03E4453F95
:108D5000C07F183F029F4D3FDA390E3F31DB543F51
:108D60003D9C033F1A945B3FEA5AF13E98C5613F30
:108D700080E8DA3ED86B673F15EFC33E5E836C3FF9
:108D8000D47CAC3E0809713F31A0943E0BFA743F8D
:108D9000CCCF783EF853783FC2C5473EBE147B3FE8
:108DA0008340163EAC3A7D3F36BDC83D6DC47E3F24
:108DB0002FFB483D0FB17F3F000000000000803FC7
:108DC0002FFB48BD0FB17F3F36BDC8BD6DC47E3F90
:108DD000834016BEAC3A7D3FC2C547BEBE147B3F42
:108DE000CCCF78BEF853783F31A094BE0BFA743FD5
:108DF000D47CACBE0809713F15EFC3BE5E836C3FE7
:108E000080E8DABED86B673FEA5AF1BE98C5613F89
:108E10003D9C03BF1A945B3FDA390EBF31DB543FF0
:108E2000C07F18BF029F4D3F996722BF03E4453FB3
:108E30004AEB2BBFF9AE3D3FF30435BFF304353F9A
:108E4000F9AE3DBF4AEB2B3F03E445BF9967223F94
:108E5000029F4DBFC07F183F31DB54BFDA390E3F50
:108E60001A945BBF3D9C033F98C561BFEA5AF13E2F
:108E7000D86B67BF80E8DA3E5E836CBF15EFC33EF8
:108E8000080971BFD47CAC3E0BFA74BF31A0943E8C
:108E9000F85378BFCCCF783EBE147BBFC2C5473EE7
:108EA000AC3A7DBF8340163E6DC47EBF36BDC83D23
:108EB0000FB17FBF2FFB483D000080BF00000000C6
:108EC0000FB17FBF2FFB48BD6DC47EBF36BDC8BD8F
:108ED000AC3A7DBF834016BEBE147BBFC2C547BE41
:108EE000F85378BFCCCF78BE0BFA74BF31A094BED4
:108EF000080971BFD47CACBE5E836CBF15EFC3BEE6
:108F0000D86B67BF80E8DABE98C561BFEA5AF1BE88
:108F10001A945BBF3D9C03BF31DB54BFDA390EBFEF
:108F2000029F4DBFC07F18BF03E445BF996722BFB2
:108F3000F9AE3DBF4AEB2BBFF30435BFF30435BF99
:108F40004AEB2BBFF9AE3DBF996722BF03E445BF93
:108F5000C07F18BF029F4DBFDA390EBF31DB54BF4F
:108F60003D9C03BF1A945BBFEA5AF1BE98C561BF2E
:108F700080E8DABED86B67BF15EFC3BE5E836CBFF7
:108F8000D47CACBE080971BF31A094BE0BFA74BF8B
:108F9000CCCF78BEF85378BFC2C547BEBE147BBFE6
:108FA000834016BEAC3A7DBF36BDC8BD6DC47EBF22
:108FB0002FFB48BD0FB17FBF00000080000080BFC5
:108FC0002FFB483D0FB17FBF36BDC83D6DC47EBF8E
:108FD0008340163EAC3A7DBFC2C5473EBE147BBF40
:108FE000CCCF783EF85378BF31A0943E0BFA74BFD3
:108FF000D47CAC3E080971BF15EFC33E5E836CBFE5
:1090000080E8DA3ED86B67BFEA5AF13E98C561BF87
:109010003D9C033F1A945BBFDA390E3F31DB54BFEE
:10902000C07F183F029F4DBF9967223F03E445BFB1
:109030004AEB2B3FF9AE3DBFF304353FF30435BF98
:10904000F9AE3D3F4AEB2BBF03E4453F996722BF92
:10905000029F4D3FC07F18BF31DB543FDA390EBF4E
:109060001A945B3F3D9C03BF98C5613FEA5AF1BE2D
:10907000D86B673F80E8DABE5E836C3F15EFC3BEF6
:109080000809713FD47CACBE0BFA743F31A094BE8A
:10909000F853783FCCCF78BEBE147B3FC2C547BEE5
:1090A000AC3A7D3F834016BE6DC47E3F36BDC8BD21
:1090B0000FB17F3F2FFB48BD0000803F0000000044
:1090C0005E836C3F15EFC33EF304353FF304353F39
:1090D00015EFC33E5E836C3F000000000000803F40
:1090E00015EFC3BE5E836C3FF30435BFF304353F19
:1090F0005E836CBF15EFC33E000080BF0000000020
:109100005E836CBF15EFC3BEF30435BFF30435BFF8
:1091100015EFC3BE5E836CBF00000080000080BFFF
:1091200015EFC33E5E836CBFF304353FF30435BFD8
:109130005E836C3F15EFC3BE0000803F000000005F
:10914000B1FF7F3FC70F493BC4FE7F3F890FC93B3B
:1091500039FD7F3F59CB163C11FB7F3F900E493CB8
:109160004AF87F3F4B517B3CE6F47F3FB6C9963CC3
:10917000E3F07F3F69EAAF3C43EC7F3FB00AC93C74
:1091800005E77F3F7B2AE23C29E17F3FB949FB3C71
:10919000AFDA7F3F2F340A3D98D37F3F2CC3163D73
:1091A000E2CB7F3FCC51233D8FC37F3F07E02F3D74
:1091B0009EBA7F3FD56D3C3D0FB17F3F2FFB483DB1
:1091C000E3A67F3F0E88553D189C7F3F6814623DA3
:1091D000B1907F3F38A06E3DAB847F3F742B7B3DC9
:1091E00008787F3F0ADB833DC76A7F3F0A208A3DBC
:1091F000E95C7F3FB464903D6D4E7F3F05A9963D8D
:10920000543F7F3FF9EC9C3D9D2F7F3F8C30A33D29
:10921000491F7F3FBA73A93D580E7F3F80B6AF3DCF
:10922000C9FC7E3FDAF8B53D9DEA7E3FC33ABC3DBE
:10923000D4D77E3F397CC23D6DC47E3F36BDC83D2C
:1092400069B07E3FB7FDCE3DC99B7E3FB93DD53D60
:109250008B867E3F377DDB3DB0707E3F2EBCE13D8F
:10926000385A7E3F9AFAE73D23437E3F7638EE3DFB
:10927000722B7E3FC075F43D24137E3F73B2FA3DDE
:1092800038FA7D3F4577003EB1E07D3F0295033ED1
:109290008CC67D3F6EB2063ECCAB7D3F86CF093E8D
:1092A0006E907D3F4AEC0C3E74747D3FB708103ED3
:1092B000DE577D3FCA24133EAC3A7D3F8340163EC5
:1092C000DD1C7D3FE05B193E73FE7C3FDE761C3E7D
:1092D0006CDF7C3F7B911F3EC9BF7C3FB6AB223E1B
:1092E0008A9F7C3F8CC5253EB07E7C3FFCDE283EBD
:1092F0003A5D7C3F04F82B3E283B7C3FA2102F3E7A
:109300007A187C3FD428323E31F57B3F9840353E79
:109310004DD17B3FEC57383ECDAC7B3FCF6E3B3ED3
:10932000B2877B3F3E853E3EFC617B3F379B413EA3
:10933000AB3B7B3FB9B0443EBE147B3FC2C5473E0A
:1093400037ED7A3F4FDA4A3E16C57A3F60EE4D3E22
:10935000599C7A3FF101513E02737A3F0115543E08
:1093600010497A3F8F27573E841E7A3F97395A3EDD
:109370005EF3793F1A4B5D3E9DC7793F135C603EBB
:10938000439B793F836C633E4E6E793F667C663EBD
:10939000C040793FBA8B693E9812793F7F9A6C3E04
:1093A000D6E3783FB2A86F3E7BB4783F51B6723EA9
:1093B0008684783F5AC3753EF853783FCCCF783EC9
:1093C000D122783FA4DB7B3E10F1773FE1E67E3E81
:1093D000B7BE773FC0F8803EC58B773FC07D823EE9
:1093E0003A58773F7002843E1724773FCE86853EF9
:1093F0005BEF763FDA0A873E07BA763F938E883E68
:109400001B84763FF8118A3E974D763F07958B3E39
:109410007A16763FC0178D3EC6DE753F229A8E3E85
:109420007BA6753F2C1C903E976D753FDD9D913E50
:109430001D34753F351F933E0BFA743F31A0943EA7
:1094400062BF743FD220963E2284743F17A1973E9C
:109450004B48743FFE20993EDD0B743F86A09A3E38
:10946000D9CE733FAF1F9C3E3F91733F789E9D3E88
:109470000E53733FDF1C9F3E4714733FE59AA03E97
:10948000EBD4723F8718A23EF894723FC595A33E75
:109490007054723F9F12A53E5213723F128FA63E28
:1094A0009FD1713F1F0BA83E578F713FC486A93EC5
:1094B0007A4C713F0102AB3E0809713FD47CAC3E4F
:1094C00002C5703F3CF7AD3E6680703F3A71AF3EDB
:1094D000373B703FCBEAB03E73F56F3FEF63B23E70
:1094E0001BAF6F3FA5DCB33E30686F3FEC54B53E19
:1094F000B0206F3FC3CCB63E9ED86E3F2A44B83EE4
:10950000F88F6E3F1EBBB93EBE466E3FA031BB3EDC
:10951000F2FC6D3FAFA7BC3E93B26D3F4A1DBE3E0D
:10952000A1676D3F6F92BF3E1D1C6D3F1E07C13E80
:1095300007D06C3F557BC23E5E836C3F15EFC33E48
:1095400024366C3F5C62C53E58E86B3F29D5C63E69
:10955000FB996B3F7C47C83E0C4B6B3F53B9C93EF0
:109560008CFB6A3FAE2ACB3E7BAB6A3F8B9BCC3EEB
:10957000D95A6A3FEA0BCE3EA7096A3FCA7BCF3E63
:10958000E4B7693F2AEBD03E9165693F095AD23E64
:10959000AE12693F67C8D33E3CBF683F4136D53EF7
:1095A000396B683F99A3D63EA816683F6B10D83E2A
:1095B00087C1673FB97CD93ED86B673F80E8DA3E08
:1095C0009915673FC153DC3ECCBE663F79BEDD3E98
:1095D0007167663FA928DF3E880F663F4F92E03EE5
:1095E00010B7653F6AFBE13E0B5E653FFA63E33E01
:1095F0007904653FFECBE43E59AA643F7533E63EED
:10960000AC4F643F5D9AE73E73F4633FB700E93EB9
:10961000AC98633F8166EA3E5A3C633FBBCBEB3E6E
:109620007BDF623F6330ED3E1082623F7994EE3E15
:109630001A24623FFBF7EF3E98C5613FEA5AF13EBC
:109640008A66613F43BDF23EF206613F071FF43E6A
:10965000CFA6603F3580F53E2146603FCBE0F63E29
:10966000E9E45F3FC840F83E27835F3F2DA0F93E05
:10967000DB205F3FF7FEFA3E05BE5E3F275DFC3E06
:10968000A65A5E3FBBBAFD3EBEF65D3FB217FF3E37
:109690004D925D3F063A003F532D5D3FE4E7003FAA
:1096A000D1C75C3F7395013FC7615C3FB142023F48
:1096B00034FB5B3F9FEF023F1A945B3F3D9C033FAF
:1096C000792C5B3F8948043F50C45A3F84F4043FDF
:1096D000A05B5A3F2CA0053F6AF2593F824B063FE0
:1096E000AD88593F86F6063F6A1E593F36A1073FAF
:1096F000A1B3583F924B083F5348583F9BF5083F52
:109700007FDC573F4E9F093F2670573FAD480A3FC9
:109710004803573FB7F10A3FE595563F6B9A0B3F19
:10972000FE27563FC9420C3F93B9553FD0EA0C3F44
:10973000A44A553F81920D3F31DB543FDA390E3F49
:109740003B6B543FDBE00E3FC3FA533F84870F3F30
:10975000C789533FD52D103F4918533FCDD3103FF4
:1097600049A6523F6B79113FC633523FB01E123F9C
:10977000C2C0513F9AC3123F3D4D513F2A68133F2B
:1097800037D9503F5F0C143FAF64503F39B0143F9E
:10979000A8EF4F3FB753153F1F7A4F3FD9F6153FFC
:1097A00017044F3F9F99163F908D4E3F073C173F40
:1097B00089164E3F12DE173F029F4D3FC07F183F74
:1097C000FD264D3F0F21193F79AE4C3F00C2193F96
:1097D00078354C3F93621A3FF8BB4B3FC6021B3FA4
:1097E000FA414B3F99A21B3F7FC74A3F0C421C3FA7
:1097F000874C4A3F1FE11C3F12D1493FD17F1D3F9B
:109800002155493F221E1E3FB3D8483F12BC1E3F80
:10981000CA5B483F9F591F3F65DE473FCBF61F3F5E
:109820008560473F9393203F2AE2463FF92F213F2F
:109830005463463FFBCB213F03E4453F9967223FFA
:109840003964453FD302233FF5E3443FA99D233FBD
:109850003763443F1A38243F00E2433F25D2243F78
:109860005160433FCB6B253F29DE423F0A05263F2F
:10987000895B423FE39D263F70D8413F5636273FE4
:10988000E154413F61CE273FDAD0403F0566283F93
:109890005C4C403F41FD283F67C73F3F1594293F3F
:1098A000FC413F3F802A2A3F1BBC3E3F82C02A3FEB
:1098B000C5353E3F1B562B3FF9AE3D3F4AEB2B3F94
:1098C000B8273D3F0F802C3F03A03C3F69142D3F3C
:1098D000D9173C3F59A82D3F3B8F3B3FDE3B2E3FE6
:1098E00029063B3FF7CE2E3FA47C3A3FA5612F3F90
:1098F000ACF2393FE6F32F3F4268393FBB85303F3A
:1099000065DD383F2217313F1652383F1DA8313FE1
:1099100055C6373FAA38323F233A373FC9C8323F8E
:109920007FAD363F7A58333F6C20363FBCE7333F3C
:10993000E792353F8F76343FF304353FF304353FEC
:109940008F76343FE792353FBCE7333F6C20363F9C
:109950007A58333F7FAD363FC9C8323F233A373F4D
:10996000AA38323F55C6373F1DA8313F1652383FFF
:109970002217313F65DD383FBB85303F4268393FB4
:10998000E6F32F3FACF2393FA5612F3FA47C3A3F6D
:10999000F7CE2E3F29063B3FDE3B2E3F3B8F3B3F22
:1099A00059A82D3FD9173C3F69142D3F03A03C3FD8
:1099B0000F802C3FB8273D3F4AEB2B3FF9AE3D3F90
:1099C0001B562B3FC5353E3F82C02A3F1BBC3E3F46
:1099D000802A2A3FFC413F3F1594293F67C73F3FFC
:1099E00041FD283F5C4C403F0566283FDAD0403FB0
:1099F00061CE273FE154413F5636273F70D8413F63
:109A0000E39D263F895B423F0A05263F29DE423F10
:109A1000CB6B253F5160433F25D2243F00E2433FBB
:109A20001A38243F3763443FA99D233FF5E3443F61
:109A3000D302233F3964453F9967223F03E4453F02
:109A4000FBCB213F5463463FF92F213F2AE2463F9B
:109A50009393203F8560473FCBF61F3F65DE473F2E
:109A60009F591F3FCA5B483F12BC1E3FB3D8483FB7
:109A7000221E1E3F2155493FD17F1D3F12D1493F34
:109A80001FE11C3F874C4A3F0C421C3F7FC74A3FA7
:109A900099A21B3FFA414B3FC6021B3FF8BB4B3F0D
:109AA00093621A3F78354C3F00C2193F79AE4C3F64
:109AB0000F21193FFD264D3FC07F183F029F4D3FAC
:109AC00012DE173F89164E3F073C173F908D4E3FE1
:109AD0009F99163F17044F3FD9F6153F1F7A4F3F06
:109AE000B753153FA8EF4F3F39B0143FAF64503F15
:109AF0005F0C143F37D9503F2A68133F3D4D513F0B
:109B00009AC3123FC2C0513FB01E123FC633523FEC
:109B10006B79113F49A6523FCDD3103F4918533FAF
:109B2000D52D103FC789533F84870F3FC3FA533F5A
:109B3000DBE00E3F3B6B543FDA390E3F31DB543FE5
:109B400081920D3FA44A553FD0EA0C3F93B9553F4F
:109B5000C9420C3FFE27563F6B9A0B3FE595563F97
:109B6000B7F10A3F4803573FAD480A3F2670573FB9
:109B70004E9F093F7FDC573F9BF5083F5348583FB6
:109B8000924B083FA1B3583F36A1073F6A1E593F89
:109B900086F6063FAD88593F824B063F6AF2593F31
:109BA0002CA0053FA05B5A3F84F4043F50C45A3FA9
:109BB0008948043F792C5B3F3D9C033F1A945B3FEF
:109BC0009FEF023F34FB5B3FB142023FC7615C3F06
:109BD0007395013FD1C75C3FE4E7003F532D5D3FE4
:109BE000063A003F4D925D3FB217FF3EBEF65D3F25
:109BF000BBBAFD3EA65A5E3F275DFC3E05BE5E3FFA
:109C0000F7FEFA3EDB205F3F2DA0F93E27835F3F42
:109C1000C840F83EE9E45F3FCBE0F63E2146603FB6
:109C20003580F53ECFA6603F071FF43EF206613F48
:109C300043BDF23E8A66613FEA5AF13E98C5613FF4
:109C4000FBF7EF3E1A24623F7994EE3E1082623FAA
:109C50006330ED3E7BDF623FBBCBEB3E5A3C633F64
:109C60008166EA3EAC98633FB700E93E73F4633F18
:109C70005D9AE73EAC4F643F7533E63E59AA643FB8
:109C8000FECBE43E7904653FFA63E33E0B5E653F3D
:109C90006AFBE13E10B7653F4F92E03E880F663F9A
:109CA000A928DF3E7167663F79BEDD3ECCBE663FC8
:109CB000C153DC3E9915673F80E8DA3ED86B673FB9
:109CC000B97CD93E87C1673F6B10D83EA816683F64
:109CD00099A3D63E396B683F4136D53E3CBF683FBD
:109CE00067C8D33EAE12693F095AD23E9165693FBB
:109CF0002AEBD03EE4B7693FCA7BCF3EA7096A3F53
:109D0000EA0BCE3ED95A6A3F8B9BCC3E7BAB6A3F77
:109D1000AE2ACB3E8CFB6A3F53B9C93E0C4B6B3F1E
:109D20007C47C83EFB996B3F29D5C63E58E86B3F40
:109D30005C62C53E24366C3F15EFC33E5E836C3FCC
:109D4000557BC23E07D06C3F1E07C13E1D1C6D3FB8
:109D50006F92BF3EA1676D3F4A1DBE3E93B26D3FFD
:109D6000AFA7BC3EF2FC6D3FA031BB3EBE466E3F8E
:109D70001EBBB93EF88F6E3F2A44B83E9ED86E3F58
:109D8000C3CCB63EB0206F3FEC54B53E30686F3F59
:109D9000A5DCB33E1BAF6F3FEF63B23E73F56F3F81
:109DA000CBEAB03E373B703F3A71AF3E6680703FC2
:109DB0003CF7AD3E02C5703FD47CAC3E0809713F14
:109DC0000102AB3E7A4C713FC486A93E578F713F6A
:109DD0001F0BA83E9FD1713F128FA63E5213723FB8
:109DE0009F12A53E7054723FC595A33EF894723FF2
:109DF0008718A23EEBD4723FE59AA03E4714733F0A
:109E0000DF1C9F3E0E53733F789E9D3E3F91733FF4
:109E1000AF1F9C3ED9CE733F86A09A3EDD0B743FA8
:109E2000FE20993E4B48743F17A1973E2284743F11
:109E3000D220963E62BF743F31A0943E0BFA743F2D
:109E4000351F933E1D34753FDD9D913E976D753FE7
:109E50002C1C903E7BA6753F229A8E3EC6DE753F37
:109E6000C0178D3E7A16763F07958B3E974D763F0D
:109E7000F8118A3E1B84763F938E883E07BA763F60
:109E8000DA0A873E5BEF763FCE86853E1724773F22
:109E90007002843E3A58773FC07D823EC58B773F43
:109EA000C0F8803EB7BE773FE1E67E3E10F1773FD7
:109EB000A4DB7B3ED122783FCCCF783EF853783F6D
:109EC0005AC3753E8684783F51B6723E7BB4783F64
:109ED000B2A86F3ED6E3783F7F9A6C3E9812793FE6
:109EE000BA8B693EC040793F667C663E4E6E793FD4
:109EF000836C633E439B793F135C603E9DC7793F13
:109F00001A4B5D3E5EF3793F97395A3E841E7A3F85
:109F10008F27573E10497A3F0115543E02737A3F0E
:109F2000F101513E599C7A3F60EE4D3E16C57A3F95
:109F30004FDA4A3E37ED7A3FC2C5473EBE147B3FFB
:109F4000B9B0443EAB3B7B3F379B413EFC617B3F1E
:109F50003E853E3EB2877B3FCF6E3B3ECDAC7B3FE6
:109F6000EC57383E4DD17B3F9840353E31F57B3F35
:109F7000D428323E7A187C3FA2102F3E283B7C3FEB
:109F800004F82B3E3A5D7C3FFCDE283EB07E7C3FF1
:109F90008CC5253E8A9F7C3FB6AB223EC9BF7C3F25
:109FA0007B911F3E6CDF7C3FDE761C3E73FE7C3F68
:109FB000E05B193EDD1C7D3F8340163EAC3A7D3FA1
:109FC000CA24133EDE577D3FB708103E74747D3FB0
:109FD0004AEC0C3E6E907D3F86CF093ECCAB7D3F78
:109FE0006EB2063E8CC67D3F0295033EB1E07D3FDA
:109FF0004577003E38FA7D3F73B2FA3D24137E3F29
:10A00000C075F43D722B7E3F7638EE3D23437E3F94
:10A010009AFAE73D385A7E3F2EBCE13DB0707E3F54
:10A02000377DDB3D8B867E3FB93DD53DC99B7E3F6D
:10A03000B7FDCE3D69B07E3F36BDC83D6DC47E3FA5
:10A04000397CC23DD4D77E3FC33ABC3D9DEA7E3FBA
:10A05000DAF8B53DC9FC7E3F80B6AF3D580E7F3F74
:10A06000BA73A93D491F7F3F8C30A33D9D2F7F3F91
:10A07000F9EC9C3D543F7F3F05A9963D6D4E7F3FD7
:10A08000B464903DE95C7F3F0A208A3DC76A7F3F08
:10A090000ADB833D08787F3F742B7B3DAB847F3F99
:10A0A00038A06E3DB1907F3F6814623D189C7F3FA1
:10A0B0000E88553DE3A67F3F2FFB483D0FB17F3F04
:10A0C000D56D3C3D9EBA7F3F07E02F3D8FC37F3F5C
:10A0D000CC51233DE2CB7F3F2CC3163D98D37F3F2D
:10A0E0002F340A3DAFDA7F3FB949FB3C29E17F3F7E
:10A0F0007B2AE23C05E77F3FB00AC93C43EC7F3F47
:10A1000069EAAF3CE3F07F3FB6C9963CE6F47F3F97
:10A110004B517B3C4AF87F3F900E493C11FB7F3FFF
:10A1200059CB163C39FD7F3F890FC93BC4FE7F3FA9
:10A13000C70F493BB1FF7F3F000000000000803F98
:10A14000C70F49BBB1FF7F3F890FC9BBC4FE7F3F2B
:10A1500059CB16BC39FD7F3F900E49BC11FB7F3FA8
:10A160004B517BBC4AF87F3FB6C996BCE6F47F3FB3
:10A1700069EAAFBCE3F07F3FB00AC9BC43EC7F3F64
:10A180007B2AE2BC05E77F3FB949FBBC29E17F3F61
:10A190002F340ABDAFDA7F3F2CC316BD98D37F3F63
:10A1A000CC5123BDE2CB7F3F07E02FBD8FC37F3F64
:10A1B000D56D3CBD9EBA7F3F2FFB48BD0FB17F3FA1
:10A1C0000E8855BDE3A67F3F681462BD189C7F3F93
:10A1D00038A06EBDB1907F3F742B7BBDAB847F3FB9
:10A1E0000ADB83BD08787F3F0A208ABDC76A7F3FAC
:10A1F000B46490BDE95C7F3F05A996BD6D4E7F3F7D
:10A20000F9EC9CBD543F7F3F8C30A3BD9D2F7F3F19
:10A21000BA73A9BD491F7F3F80B6AFBD580E7F3FBF
:10A22000DAF8B5BDC9FC7E3FC33ABCBD9DEA7E3FAE
:10A23000397CC2BDD4D77E3F36BDC8BD6DC47E3F1C
:10A24000B7FDCEBD69B07E3FB93DD5BDC99B7E3F50
:10A25000377DDBBD8B867E3F2EBCE1BDB0707E3F7F
:10A260009AFAE7BD385A7E3F7638EEBD23437E3FEB
:10A27000C075F4BD722B7E3F73B2FABD24137E3FCE
:10A28000457700BE38FA7D3F029503BEB1E07D3FC1
:10A290006EB206BE8CC67D3F86CF09BECCAB7D3F7D
:10A2A0004AEC0CBE6E907D3FB70810BE74747D3FC3
:10A2B000CA2413BEDE577D3F834016BEAC3A7D3FB5
:10A2C000E05B19BEDD1C7D3FDE761CBE73FE7C3F6D
:10A2D0007B911FBE6CDF7C3FB6AB22BEC9BF7C3F0B
:10A2E0008CC525BE8A9F7C3FFCDE28BEB07E7C3FAD
:10A2F00004F82BBE3A5D7C3FA2102FBE283B7C3F6A
:10A30000D42832BE7A187C3F984035BE31F57B3F69
:10A31000EC5738BE4DD17B3FCF6E3BBECDAC7B3FC3
:10A320003E853EBEB2877B3F379B41BEFC617B3F93
:10A33000B9B044BEAB3B7B3FC2C547BEBE147B3FFA
:10A340004FDA4ABE37ED7A3F60EE4DBE16C57A3F12
:10A35000F10151BE599C7A3F011554BE02737A3FF8
:10A360008F2757BE10497A3F97395ABE841E7A3FCD
:10A370001A4B5DBE5EF3793F135C60BE9DC7793FAB
:10A38000836C63BE439B793F667C66BE4E6E793FAD
:10A39000BA8B69BEC040793F7F9A6CBE9812793FF4
:10A3A000B2A86FBED6E3783F51B672BE7BB4783F99
:10A3B0005AC375BE8684783FCCCF78BEF853783FB9
:10A3C000A4DB7BBED122783FE1E67EBE10F1773F71
:10A3D000C0F880BEB7BE773FC07D82BEC58B773FD9
:10A3E000700284BE3A58773FCE8685BE1724773FE9
:10A3F000DA0A87BE5BEF763F938E88BE07BA763F58
:10A40000F8118ABE1B84763F07958BBE974D763F29
:10A41000C0178DBE7A16763F229A8EBEC6DE753F75
:10A420002C1C90BE7BA6753FDD9D91BE976D753F40
:10A43000351F93BE1D34753F31A094BE0BFA743F97
:10A44000D22096BE62BF743F17A197BE2284743F8C
:10A45000FE2099BE4B48743F86A09ABEDD0B743F28
:10A46000AF1F9CBED9CE733F789E9DBE3F91733F78
:10A47000DF1C9FBE0E53733FE59AA0BE4714733F87
:10A480008718A2BEEBD4723FC595A3BEF894723F65
:10A490009F12A5BE7054723F128FA6BE5213723F18
:10A4A0001F0BA8BE9FD1713FC486A9BE578F713FB5
:10A4B0000102ABBE7A4C713FD47CACBE0809713F3F
:10A4C0003CF7ADBE02C5703F3A71AFBE6680703FCB
:10A4D000CBEAB0BE373B703FEF63B2BE73F56F3F60
:10A4E000A5DCB3BE1BAF6F3FEC54B5BE30686F3F09
:10A4F000C3CCB6BEB0206F3F2A44B8BE9ED86E3FD4
:10A500001EBBB9BEF88F6E3FA031BBBEBE466E3FCC
:10A51000AFA7BCBEF2FC6D3F4A1DBEBE93B26D3FFD
:10A520006F92BFBEA1676D3F1E07C1BE1D1C6D3F70
:10A53000557BC2BE07D06C3F15EFC3BE5E836C3F38
:10A540005C62C5BE24366C3F29D5C6BE58E86B3F59
:10A550007C47C8BEFB996B3F53B9C9BE0C4B6B3FE0
:10A56000AE2ACBBE8CFB6A3F8B9BCCBE7BAB6A3FDB
:10A57000EA0BCEBED95A6A3FCA7BCFBEA7096A3F53
:10A580002AEBD0BEE4B7693F095AD2BE9165693F54
:10A5900067C8D3BEAE12693F4136D5BE3CBF683FE7
:10A5A00099A3D6BE396B683F6B10D8BEA816683F1A
:10A5B000B97CD9BE87C1673F80E8DABED86B673FF8
:10A5C000C153DCBE9915673F79BEDDBECCBE663F88
:10A5D000A928DFBE7167663F4F92E0BE880F663FD5
:10A5E0006AFBE1BE10B7653FFA63E3BE0B5E653FF1
:10A5F000FECBE4BE7904653F7533E6BE59AA643FDD
:10A600005D9AE7BEAC4F643FB700E9BE73F4633FA9
:10A610008166EABEAC98633FBBCBEBBE5A3C633F5E
:10A620006330EDBE7BDF623F7994EEBE1082623F05
:10A63000FBF7EFBE1A24623FEA5AF1BE98C5613FAC
:10A6400043BDF2BE8A66613F071FF4BEF206613F5A
:10A650003580F5BECFA6603FCBE0F6BE2146603F19
:10A66000C840F8BEE9E45F3F2DA0F9BE27835F3FF5
:10A67000F7FEFABEDB205F3F275DFCBE05BE5E3FF6
:10A68000BBBAFDBEA65A5E3FB217FFBEBEF65D3F27
:10A69000063A00BF4D925D3FE4E700BF532D5D3F9A
:10A6A000739501BFD1C75C3FB14202BFC7615C3F38
:10A6B0009FEF02BF34FB5B3F3D9C03BF1A945B3F9F
:10A6C000894804BF792C5B3F84F404BF50C45A3FCF
:10A6D0002CA005BFA05B5A3F824B06BF6AF2593FD0
:10A6E00086F606BFAD88593F36A107BF6A1E593F9F
:10A6F000924B08BFA1B3583F9BF508BF5348583F42
:10A700004E9F09BF7FDC573FAD480ABF2670573FB9
:10A71000B7F10ABF4803573F6B9A0BBFE595563F09
:10A72000C9420CBFFE27563FD0EA0CBF93B9553F34
:10A7300081920DBFA44A553FDA390EBF31DB543F39
:10A74000DBE00EBF3B6B543F84870FBFC3FA533F20
:10A75000D52D10BFC789533FCDD310BF4918533FE4
:10A760006B7911BF49A6523FB01E12BFC633523F8C
:10A770009AC312BFC2C0513F2A6813BF3D4D513F1B
:10A780005F0C14BF37D9503F39B014BFAF64503F8E
:10A79000B75315BFA8EF4F3FD9F615BF1F7A4F3FEC
:10A7A0009F9916BF17044F3F073C17BF908D4E3F30
:10A7B00012DE17BF89164E3FC07F18BF029F4D3F64
:10A7C0000F2119BFFD264D3F00C219BF79AE4C3F86
:10A7D00093621ABF78354C3FC6021BBFF8BB4B3F94
:10A7E00099A21BBFFA414B3F0C421CBF7FC74A3F97
:10A7F0001FE11CBF874C4A3FD17F1DBF12D1493F8B
:10A80000221E1EBF2155493F12BC1EBFB3D8483F70
:10A810009F591FBFCA5B483FCBF61FBF65DE473F4E
:10A82000939320BF8560473FF92F21BF2AE2463F1F
:10A83000FBCB21BF5463463F996722BF03E4453FEA
:10A84000D30223BF3964453FA99D23BFF5E3443FAD
:10A850001A3824BF3763443F25D224BF00E2433F68
:10A86000CB6B25BF5160433F0A0526BF29DE423F1F
:10A87000E39D26BF895B423F563627BF70D8413FD4
:10A8800061CE27BFE154413F056628BFDAD0403F83
:10A8900041FD28BF5C4C403F159429BF67C73F3F2F
:10A8A000802A2ABFFC413F3F82C02ABF1BBC3E3FDB
:10A8B0001B562BBFC5353E3F4AEB2BBFF9AE3D3F84
:10A8C0000F802CBFB8273D3F69142DBF03A03C3F2C
:10A8D00059A82DBFD9173C3FDE3B2EBF3B8F3B3FD6
:10A8E000F7CE2EBF29063B3FA5612FBFA47C3A3F80
:10A8F000E6F32FBFACF2393FBB8530BF4268393F2A
:10A90000221731BF65DD383F1DA831BF1652383FD1
:10A91000AA3832BF55C6373FC9C832BF233A373F7E
:10A920007A5833BF7FAD363FBCE733BF6C20363F2C
:10A930008F7634BFE792353FF30435BFF304353FDC
:10A94000E79235BF8F76343F6C2036BFBCE7333F8C
:10A950007FAD36BF7A58333F233A37BFC9C8323F3D
:10A9600055C637BFAA38323F165238BF1DA8313FEF
:10A9700065DD38BF2217313F426839BFBB85303FA4
:10A98000ACF239BFE6F32F3FA47C3ABFA5612F3F5D
:10A9900029063BBFF7CE2E3F3B8F3BBFDE3B2E3F12
:10A9A000D9173CBF59A82D3F03A03CBF69142D3FC8
:10A9B000B8273DBF0F802C3FF9AE3DBF4AEB2B3F80
:10A9C000C5353EBF1B562B3F1BBC3EBF82C02A3F36
:10A9D000FC413FBF802A2A3F67C73FBF1594293FEC
:10A9E0005C4C40BF41FD283FDAD040BF0566283FA0
:10A9F000E15441BF61CE273F70D841BF5636273F53
:10AA0000895B42BFE39D263F29DE42BF0A05263F00
:10AA1000516043BFCB6B253F00E243BF25D2243FAB
:10AA2000376344BF1A38243FF5E344BFA99D233F51
:10AA3000396445BFD302233F03E445BF9967223FF2
:10AA4000546346BFFBCB213F2AE246BFF92F213F8B
:10AA5000856047BF9393203F65DE47BFCBF61F3F1E
:10AA6000CA5B48BF9F591F3FB3D848BF12BC1E3FA7
:10AA7000215549BF221E1E3F12D149BFD17F1D3F24
:10AA8000874C4ABF1FE11C3F7FC74ABF0C421C3F97
:10AA9000FA414BBF99A21B3FF8BB4BBFC6021B3FFD
:10AAA00078354CBF93621A3F79AE4CBF00C2193F54
:10AAB000FD264DBF0F21193F029F4DBFC07F183F9C
:10AAC00089164EBF12DE173F908D4EBF073C173FD1
:10AAD00017044FBF9F99163F1F7A4FBFD9F6153FF6
:10AAE000A8EF4FBFB753153FAF6450BF39B0143F05
:10AAF00037D950BF5F0C143F3D4D51BF2A68133FFB
:10AB0000C2C051BF9AC3123FC63352BFB01E123FDC
:10AB100049A652BF6B79113F491853BFCDD3103F9F
:10AB2000C78953BFD52D103FC3FA53BF84870F3F4A
:10AB30003B6B54BFDBE00E3F31DB54BFDA390E3FD5
:10AB4000A44A55BF81920D3F93B955BFD0EA0C3F3F
:10AB5000FE2756BFC9420C3FE59556BF6B9A0B3F87
:10AB6000480357BFB7F10A3F267057BFAD480A3FA9
:10AB70007FDC57BF4E9F093F534858BF9BF5083FA6
:10AB8000A1B358BF924B083F6A1E59BF36A1073F79
:10AB9000AD8859BF86F6063F6AF259BF824B063F21
:10ABA000A05B5ABF2CA0053F50C45ABF84F4043F99
:10ABB000792C5BBF8948043F1A945BBF3D9C033FDF
:10ABC00034FB5BBF9FEF023FC7615CBFB142023FF6
:10ABD000D1C75CBF7395013F532D5DBFE4E7003FD4
:10ABE0004D925DBF063A003FBEF65DBFB217FF3E15
:10ABF000A65A5EBFBBBAFD3E05BE5EBF275DFC3EEA
:10AC0000DB205FBFF7FEFA3E27835FBF2DA0F93E32
:10AC1000E9E45FBFC840F83E214660BFCBE0F63EA6
:10AC2000CFA660BF3580F53EF20661BF071FF43E38
:10AC30008A6661BF43BDF23E98C561BFEA5AF13EE4
:10AC40001A2462BFFBF7EF3E108262BF7994EE3E9A
:10AC50007BDF62BF6330ED3E5A3C63BFBBCBEB3E54
:10AC6000AC9863BF8166EA3E73F463BFB700E93E08
:10AC7000AC4F64BF5D9AE73E59AA64BF7533E63EA8
:10AC8000790465BFFECBE43E0B5E65BFFA63E33E2D
:10AC900010B765BF6AFBE13E880F66BF4F92E03E8A
:10ACA000716766BFA928DF3ECCBE66BF79BEDD3EB8
:10ACB000991567BFC153DC3ED86B67BF80E8DA3EA9
:10ACC00087C167BFB97CD93EA81668BF6B10D83E54
:10ACD000396B68BF99A3D63E3CBF68BF4136D53EAD
:10ACE000AE1269BF67C8D33E916569BF095AD23EAB
:10ACF000E4B769BF2AEBD03EA7096ABFCA7BCF3E43
:10AD0000D95A6ABFEA0BCE3E7BAB6ABF8B9BCC3E67
:10AD10008CFB6ABFAE2ACB3E0C4B6BBF53B9C93E0E
:10AD2000FB996BBF7C47C83E58E86BBF29D5C63E30
:10AD300024366CBF5C62C53E5E836CBF15EFC33EBC
:10AD400007D06CBF557BC23E1D1C6DBF1E07C13EA8
:10AD5000A1676DBF6F92BF3E93B26DBF4A1DBE3EED
:10AD6000F2FC6DBFAFA7BC3EBE466EBFA031BB3E7E
:10AD7000F88F6EBF1EBBB93E9ED86EBF2A44B83E48
:10AD8000B0206FBFC3CCB63E30686FBFEC54B53E49
:10AD90001BAF6FBFA5DCB33E73F56FBFEF63B23E71
:10ADA000373B70BFCBEAB03E668070BF3A71AF3EB2
:10ADB00002C570BF3CF7AD3E080971BFD47CAC3E04
:10ADC0007A4C71BF0102AB3E578F71BFC486A93E5A
:10ADD0009FD171BF1F0BA83E521372BF128FA63EA8
:10ADE000705472BF9F12A53EF89472BFC595A33EE2
:10ADF000EBD472BF8718A23E471473BFE59AA03EFA
:10AE00000E5373BFDF1C9F3E3F9173BF789E9D3EE4
:10AE1000D9CE73BFAF1F9C3EDD0B74BF86A09A3E98
:10AE20004B4874BFFE20993E228474BF17A1973E01
:10AE300062BF74BFD220963E0BFA74BF31A0943E1D
:10AE40001D3475BF351F933E976D75BFDD9D913ED7
:10AE50007BA675BF2C1C903EC6DE75BF229A8E3E27
:10AE60007A1676BFC0178D3E974D76BF07958B3EFD
:10AE70001B8476BFF8118A3E07BA76BF938E883E50
:10AE80005BEF76BFDA0A873E172477BFCE86853E12
:10AE90003A5877BF7002843EC58B77BFC07D823E33
:10AEA000B7BE77BFC0F8803E10F177BFE1E67E3EC7
:10AEB000D12278BFA4DB7B3EF85378BFCCCF783E5D
:10AEC000868478BF5AC3753E7BB478BF51B6723E54
:10AED000D6E378BFB2A86F3E981279BF7F9A6C3ED6
:10AEE000C04079BFBA8B693E4E6E79BF667C663EC4
:10AEF000439B79BF836C633E9DC779BF135C603E03
:10AF00005EF379BF1A4B5D3E841E7ABF97395A3E75
:10AF100010497ABF8F27573E02737ABF0115543EFE
:10AF2000599C7ABFF101513E16C57ABF60EE4D3E85
:10AF300037ED7ABF4FDA4A3EBE147BBFC2C5473EEB
:10AF4000AB3B7BBFB9B0443EFC617BBF379B413E0E
:10AF5000B2877BBF3E853E3ECDAC7BBFCF6E3B3ED6
:10AF60004DD17BBFEC57383E31F57BBF9840353E25
:10AF70007A187CBFD428323E283B7CBFA2102F3EDB
:10AF80003A5D7CBF04F82B3EB07E7CBFFCDE283EE1
:10AF90008A9F7CBF8CC5253EC9BF7CBFB6AB223E15
:10AFA0006CDF7CBF7B911F3E73FE7CBFDE761C3E58
:10AFB000DD1C7DBFE05B193EAC3A7DBF8340163E91
:10AFC000DE577DBFCA24133E74747DBFB708103EA0
:10AFD0006E907DBF4AEC0C3ECCAB7DBF86CF093E68
:10AFE0008CC67DBF6EB2063EB1E07DBF0295033ECA
:10AFF00038FA7DBF4577003E24137EBF73B2FA3D19
:10B00000722B7EBFC075F43D23437EBF7638EE3D84
:10B01000385A7EBF9AFAE73DB0707EBF2EBCE13D44
:10B020008B867EBF377DDB3DC99B7EBFB93DD53D5D
:10B0300069B07EBFB7FDCE3D6DC47EBF36BDC83D95
:10B04000D4D77EBF397CC23D9DEA7EBFC33ABC3DAA
:10B05000C9FC7EBFDAF8B53D580E7FBF80B6AF3D64
:10B06000491F7FBFBA73A93D9D2F7FBF8C30A33D81
:10B07000543F7FBFF9EC9C3D6D4E7FBF05A9963DC7
:10B08000E95C7FBFB464903DC76A7FBF0A208A3DF8
:10B0900008787FBF0ADB833DAB847FBF742B7B3D89
:10B0A000B1907FBF38A06E3D189C7FBF6814623D91
:10B0B000E3A67FBF0E88553D0FB17FBF2FFB483DF4
:10B0C0009EBA7FBFD56D3C3D8FC37FBF07E02F3D4C
:10B0D000E2CB7FBFCC51233D98D37FBF2CC3163D1D
:10B0E000AFDA7FBF2F340A3D29E17FBFB949FB3C6E
:10B0F00005E77FBF7B2AE23C43EC7FBFB00AC93C37
:10B10000E3F07FBF69EAAF3CE6F47FBFB6C9963C87
:10B110004AF87FBF4B517B3C11FB7FBF900E493CEF
:10B1200039FD7FBF59CB163CC4FE7FBF890FC93B99
:10B13000B1FF7FBFC70F493B000080BF0000000088
:10B14000B1FF7FBFC70F49BBC4FE7FBF890FC9BB1B
:10B1500039FD7FBF59CB16BC11FB7FBF900E49BC98
:10B160004AF87FBF4B517BBCE6F47FBFB6C996BCA3
:10B17000E3F07FBF69EAAFBC43EC7FBFB00AC9BC54
:10B1800005E77FBF7B2AE2BC29E17FBFB949FBBC51
:10B19000AFDA7FBF2F340ABD98D37FBF2CC316BD53
:10B1A000E2CB7FBFCC5123BD8FC37FBF07E02FBD54
:10B1B0009EBA7FBFD56D3CBD0FB17FBF2FFB48BD91
:10B1C000E3A67FBF0E8855BD189C7FBF681462BD83
:10B1D000B1907FBF38A06EBDAB847FBF742B7BBDA9
:10B1E00008787FBF0ADB83BDC76A7FBF0A208ABD9C
:10B1F000E95C7FBFB46490BD6D4E7FBF05A996BD6D
:10B20000543F7FBFF9EC9CBD9D2F7FBF8C30A3BD09
:10B21000491F7FBFBA73A9BD580E7FBF80B6AFBDAF
:10B22000C9FC7EBFDAF8B5BD9DEA7EBFC33ABCBD9E
:10B23000D4D77EBF397CC2BD6DC47EBF36BDC8BD0C
:10B2400069B07EBFB7FDCEBDC99B7EBFB93DD5BD40
:10B250008B867EBF377DDBBDB0707EBF2EBCE1BD6F
:10B26000385A7EBF9AFAE7BD23437EBF7638EEBDDB
:10B27000722B7EBFC075F4BD24137EBF73B2FABDBE
:10B2800038FA7DBF457700BEB1E07DBF029503BEB1
:10B290008CC67DBF6EB206BECCAB7DBF86CF09BE6D
:10B2A0006E907DBF4AEC0CBE74747DBFB70810BEB3
:10B2B000DE577DBFCA2413BEAC3A7DBF834016BEA5
:10B2C000DD1C7DBFE05B19BE73FE7CBFDE761CBE5D
:10B2D0006CDF7CBF7B911FBEC9BF7CBFB6AB22BEFB
:10B2E0008A9F7CBF8CC525BEB07E7CBFFCDE28BE9D
:10B2F0003A5D7CBF04F82BBE283B7CBFA2102FBE5A
:10B300007A187CBFD42832BE31F57BBF984035BE59
:10B310004DD17BBFEC5738BECDAC7BBFCF6E3BBEB3
:10B32000B2877BBF3E853EBEFC617BBF379B41BE83
:10B33000AB3B7BBFB9B044BEBE147BBFC2C547BEEA
:10B3400037ED7ABF4FDA4ABE16C57ABF60EE4DBE02
:10B35000599C7ABFF10151BE02737ABF011554BEE8
:10B3600010497ABF8F2757BE841E7ABF97395ABEBD
:10B370005EF379BF1A4B5DBE9DC779BF135C60BE9B
:10B38000439B79BF836C63BE4E6E79BF667C66BE9D
:10B39000C04079BFBA8B69BE981279BF7F9A6CBEE4
:10B3A000D6E378BFB2A86FBE7BB478BF51B672BE89
:10B3B000868478BF5AC375BEF85378BFCCCF78BEA9
:10B3C000D12278BFA4DB7BBE10F177BFE1E67EBE61
:10B3D000B7BE77BFC0F880BEC58B77BFC07D82BEC9
:10B3E0003A5877BF700284BE172477BFCE8685BED9
:10B3F0005BEF76BFDA0A87BE07BA76BF938E88BE48
:10B400001B8476BFF8118ABE974D76BF07958BBE19
:10B410007A1676BFC0178DBEC6DE75BF229A8EBE65
:10B420007BA675BF2C1C90BE976D75BFDD9D91BE30
:10B430001D3475BF351F93BE0BFA74BF31A094BE87
:10B4400062BF74BFD22096BE228474BF17A197BE7C
:10B450004B4874BFFE2099BEDD0B74BF86A09ABE18
:10B46000D9CE73BFAF1F9CBE3F9173BF789E9DBE68
:10B470000E5373BFDF1C9FBE471473BFE59AA0BE77
:10B48000EBD472BF8718A2BEF89472BFC595A3BE55
:10B49000705472BF9F12A5BE521372BF128FA6BE08
:10B4A0009FD171BF1F0BA8BE578F71BFC486A9BEA5
:10B4B0007A4C71BF0102ABBE080971BFD47CACBE2F
:10B4C00002C570BF3CF7ADBE668070BF3A71AFBEBB
:10B4D000373B70BFCBEAB0BE73F56FBFEF63B2BE50
:10B4E0001BAF6FBFA5DCB3BE30686FBFEC54B5BEF9
:10B4F000B0206FBFC3CCB6BE9ED86EBF2A44B8BEC4
:10B50000F88F6EBF1EBBB9BEBE466EBFA031BBBEBC
:10B51000F2FC6DBFAFA7BCBE93B26DBF4A1DBEBEED
:10B52000A1676DBF6F92BFBE1D1C6DBF1E07C1BE60
:10B5300007D06CBF557BC2BE5E836CBF15EFC3BE28
:10B5400024366CBF5C62C5BE58E86BBF29D5C6BE49
:10B55000FB996BBF7C47C8BE0C4B6BBF53B9C9BED0
:10B560008CFB6ABFAE2ACBBE7BAB6ABF8B9BCCBECB
:10B57000D95A6ABFEA0BCEBEA7096ABFCA7BCFBE43
:10B58000E4B769BF2AEBD0BE916569BF095AD2BE44
:10B59000AE1269BF67C8D3BE3CBF68BF4136D5BED7
:10B5A000396B68BF99A3D6BEA81668BF6B10D8BE0A
:10B5B00087C167BFB97CD9BED86B67BF80E8DABEE8
:10B5C000991567BFC153DCBECCBE66BF79BEDDBE78
:10B5D000716766BFA928DFBE880F66BF4F92E0BEC5
:10B5E00010B765BF6AFBE1BE0B5E65BFFA63E3BEE1
:10B5F000790465BFFECBE4BE59AA64BF7533E6BECD
:10B60000AC4F64BF5D9AE7BE73F463BFB700E9BE99
:10B61000AC9863BF8166EABE5A3C63BFBBCBEBBE4E
:10B620007BDF62BF6330EDBE108262BF7994EEBEF5
:10B630001A2462BFFBF7EFBE98C561BFEA5AF1BE9C
:10B640008A6661BF43BDF2BEF20661BF071FF4BE4A
:10B65000CFA660BF3580F5BE214660BFCBE0F6BE09
:10B66000E9E45FBFC840F8BE27835FBF2DA0F9BEE5
:10B67000DB205FBFF7FEFABE05BE5EBF275DFCBEE6
:10B68000A65A5EBFBBBAFDBEBEF65DBFB217FFBE17
:10B690004D925DBF063A00BF532D5DBFE4E700BF8A
:10B6A000D1C75CBF739501BFC7615CBFB14202BF28
:10B6B00034FB5BBF9FEF02BF1A945BBF3D9C03BF8F
:10B6C000792C5BBF894804BF50C45ABF84F404BFBF
:10B6D000A05B5ABF2CA005BF6AF259BF824B06BFC0
:10B6E000AD8859BF86F606BF6A1E59BF36A107BF8F
:10B6F000A1B358BF924B08BF534858BF9BF508BF32
:10B700007FDC57BF4E9F09BF267057BFAD480ABFA9
:10B71000480357BFB7F10ABFE59556BF6B9A0BBFF9
:10B72000FE2756BFC9420CBF93B955BFD0EA0CBF24
:10B73000A44A55BF81920DBF31DB54BFDA390EBF29
:10B740003B6B54BFDBE00EBFC3FA53BF84870FBF10
:10B75000C78953BFD52D10BF491853BFCDD310BFD4
:10B7600049A652BF6B7911BFC63352BFB01E12BF7C
:10B77000C2C051BF9AC312BF3D4D51BF2A6813BF0B
:10B7800037D950BF5F0C14BFAF6450BF39B014BF7E
:10B79000A8EF4FBFB75315BF1F7A4FBFD9F615BFDC
:10B7A00017044FBF9F9916BF908D4EBF073C17BF20
:10B7B00089164EBF12DE17BF029F4DBFC07F18BF54
:10B7C000FD264DBF0F2119BF79AE4CBF00C219BF76
:10B7D00078354CBF93621ABFF8BB4BBFC6021BBF84
:10B7E000FA414BBF99A21BBF7FC74ABF0C421CBF87
:10B7F000874C4ABF1FE11CBF12D149BFD17F1DBF7B
:10B80000215549BF221E1EBFB3D848BF12BC1EBF60
:10B81000CA5B48BF9F591FBF65DE47BFCBF61FBF3E
:10B82000856047BF939320BF2AE246BFF92F21BF0F
:10B83000546346BFFBCB21BF03E445BF996722BFDA
:10B84000396445BFD30223BFF5E344BFA99D23BF9D
:10B85000376344BF1A3824BF00E243BF25D224BF58
:10B86000516043BFCB6B25BF29DE42BF0A0526BF0F
:10B87000895B42BFE39D26BF70D841BF563627BFC4
:10B88000E15441BF61CE27BFDAD040BF056628BF73
:10B890005C4C40BF41FD28BF67C73FBF159429BF1F
:10B8A000FC413FBF802A2ABF1BBC3EBF82C02ABFCB
:10B8B000C5353EBF1B562BBFF9AE3DBF4AEB2BBF74
:10B8C000B8273DBF0F802CBF03A03CBF69142DBF1C
:10B8D000D9173CBF59A82DBF3B8F3BBFDE3B2EBFC6
:10B8E00029063BBFF7CE2EBFA47C3ABFA5612FBF70
:10B8F000ACF239BFE6F32FBF426839BFBB8530BF1A
:10B9000065DD38BF221731BF165238BF1DA831BFC1
:10B9100055C637BFAA3832BF233A37BFC9C832BF6E
:10B920007FAD36BF7A5833BF6C2036BFBCE733BF1C
:10B93000E79235BF8F7634BFF30435BFF30435BFCC
:10B940008F7634BFE79235BFBCE733BF6C2036BF7C
:10B950007A5833BF7FAD36BFC9C832BF233A37BF2D
:10B96000AA3832BF55C637BF1DA831BF165238BFDF
:10B97000221731BF65DD38BFBB8530BF426839BF94
:10B98000E6F32FBFACF239BFA5612FBFA47C3ABF4D
:10B99000F7CE2EBF29063BBFDE3B2EBF3B8F3BBF02
:10B9A00059A82DBFD9173CBF69142DBF03A03CBFB8
:10B9B0000F802CBFB8273DBF4AEB2BBFF9AE3DBF70
:10B9C0001B562BBFC5353EBF82C02ABF1BBC3EBF26
:10B9D000802A2ABFFC413FBF159429BF67C73FBFDC
:10B9E00041FD28BF5C4C40BF056628BFDAD040BF90
:10B9F00061CE27BFE15441BF563627BF70D841BF43
:10BA0000E39D26BF895B42BF0A0526BF29DE42BFF0
:10BA1000CB6B25BF516043BF25D224BF00E243BF9B
:10BA20001A3824BF376344BFA99D23BFF5E344BF41
:10BA3000D30223BF396445BF996722BF03E445BFE2
:10BA4000FBCB21BF546346BFF92F21BF2AE246BF7B
:10BA5000939320BF856047BFCBF61FBF65DE47BF0E
:10BA60009F591FBFCA5B48BF12BC1EBFB3D848BF97
:10BA7000221E1EBF215549BFD17F1DBF12D149BF14
:10BA80001FE11CBF874C4ABF0C421CBF7FC74ABF87
:10BA900099A21BBFFA414BBFC6021BBFF8BB4BBFED
:10BAA00093621ABF78354CBF00C219BF79AE4CBF44
:10BAB0000F2119BFFD264DBFC07F18BF029F4DBF8C
:10BAC00012DE17BF89164EBF073C17BF908D4EBFC1
:10BAD0009F9916BF17044FBFD9F615BF1F7A4FBFE6
:10BAE000B75315BFA8EF4FBF39B014BFAF6450BFF5
:10BAF0005F0C14BF37D950BF2A6813BF3D4D51BFEB
:10BB00009AC312BFC2C051BFB01E12BFC63352BFCC
:10BB10006B7911BF49A652BFCDD310BF491853BF8F
:10BB2000D52D10BFC78953BF84870FBFC3FA53BF3A
:10BB3000DBE00EBF3B6B54BFDA390EBF31DB54BFC5
:10BB400081920DBFA44A55BFD0EA0CBF93B955BF2F
:10BB5000C9420CBFFE2756BF6B9A0BBFE59556BF77
:10BB6000B7F10ABF480357BFAD480ABF267057BF99
:10BB70004E9F09BF7FDC57BF9BF508BF534858BF96
:10BB8000924B08BFA1B358BF36A107BF6A1E59BF69
:10BB900086F606BFAD8859BF824B06BF6AF259BF11
:10BBA0002CA005BFA05B5ABF84F404BF50C45ABF89
:10BBB000894804BF792C5BBF3D9C03BF1A945BBFCF
:10BBC0009FEF02BF34FB5BBFB14202BFC7615CBFE6
:10BBD000739501BFD1C75CBFE4E700BF532D5DBFC4
:10BBE000063A00BF4D925DBFB217FFBEBEF65DBF05
:10BBF000BBBAFDBEA65A5EBF275DFCBE05BE5EBFDA
:10BC0000F7FEFABEDB205FBF2DA0F9BE27835FBF22
:10BC1000C840F8BEE9E45FBFCBE0F6BE214660BF96
:10BC20003580F5BECFA660BF071FF4BEF20661BF28
:10BC300043BDF2BE8A6661BFEA5AF1BE98C561BFD4
:10BC4000FBF7EFBE1A2462BF7994EEBE108262BF8A
:10BC50006330EDBE7BDF62BFBBCBEBBE5A3C63BF44
:10BC60008166EABEAC9863BFB700E9BE73F463BFF8
:10BC70005D9AE7BEAC4F64BF7533E6BE59AA64BF98
:10BC8000FECBE4BE790465BFFA63E3BE0B5E65BF1D
:10BC90006AFBE1BE10B765BF4F92E0BE880F66BF7A
:10BCA000A928DFBE716766BF79BEDDBECCBE66BFA8
:10BCB000C153DCBE991567BF80E8DABED86B67BF99
:10BCC000B97CD9BE87C167BF6B10D8BEA81668BF44
:10BCD00099A3D6BE396B68BF4136D5BE3CBF68BF9D
:10BCE00067C8D3BEAE1269BF095AD2BE916569BF9B
:10BCF0002AEBD0BEE4B769BFCA7BCFBEA7096ABF33
:10BD0000EA0BCEBED95A6ABF8B9BCCBE7BAB6ABF57
:10BD1000AE2ACBBE8CFB6ABF53B9C9BE0C4B6BBFFE
:10BD20007C47C8BEFB996BBF29D5C6BE58E86BBF20
:10BD30005C62C5BE24366CBF15EFC3BE5E836CBFAC
:10BD4000557BC2BE07D06CBF1E07C1BE1D1C6DBF98
:10BD50006F92BFBEA1676DBF4A1DBEBE93B26DBFDD
:10BD6000AFA7BCBEF2FC6DBFA031BBBEBE466EBF6E
:10BD70001EBBB9BEF88F6EBF2A44B8BE9ED86EBF38
:10BD8000C3CCB6BEB0206FBFEC54B5BE30686FBF39
:10BD9000A5DCB3BE1BAF6FBFEF63B2BE73F56FBF61
:10BDA000CBEAB0BE373B70BF3A71AFBE668070BFA2
:10BDB0003CF7ADBE02C570BFD47CACBE080971BFF4
:10BDC0000102ABBE7A4C71BFC486A9BE578F71BF4A
:10BDD0001F0BA8BE9FD171BF128FA6BE521372BF98
:10BDE0009F12A5BE705472BFC595A3BEF89472BFD2
:10BDF0008718A2BEEBD472BFE59AA0BE471473BFEA
:10BE0000DF1C9FBE0E5373BF789E9DBE3F9173BFD4
:10BE1000AF1F9CBED9CE73BF86A09ABEDD0B74BF88
:10BE2000FE2099BE4B4874BF17A197BE228474BFF1
:10BE3000D22096BE62BF74BF31A094BE0BFA74BF0D
:10BE4000351F93BE1D3475BFDD9D91BE976D75BFC7
:10BE50002C1C90BE7BA675BF229A8EBEC6DE75BF17
:10BE6000C0178DBE7A1676BF07958BBE974D76BFED
:10BE7000F8118ABE1B8476BF938E88BE07BA76BF40
:10BE8000DA0A87BE5BEF76BFCE8685BE172477BF02
:10BE9000700284BE3A5877BFC07D82BEC58B77BF23
:10BEA000C0F880BEB7BE77BFE1E67EBE10F177BFB7
:10BEB000A4DB7BBED12278BFCCCF78BEF85378BF4D
:10BEC0005AC375BE868478BF51B672BE7BB478BF44
:10BED000B2A86FBED6E378BF7F9A6CBE981279BFC6
:10BEE000BA8B69BEC04079BF667C66BE4E6E79BFB4
:10BEF000836C63BE439B79BF135C60BE9DC779BFF3
:10BF00001A4B5DBE5EF379BF97395ABE841E7ABF65
:10BF10008F2757BE10497ABF011554BE02737ABFEE
:10BF2000F10151BE599C7ABF60EE4DBE16C57ABF75
:10BF30004FDA4ABE37ED7ABFC2C547BEBE147BBFDB
:10BF4000B9B044BEAB3B7BBF379B41BEFC617BBFFE
:10BF50003E853EBEB2877BBFCF6E3BBECDAC7BBFC6
:10BF6000EC5738BE4DD17BBF984035BE31F57BBF15
:10BF7000D42832BE7A187CBFA2102FBE283B7CBFCB
:10BF800004F82BBE3A5D7CBFFCDE28BEB07E7CBFD1
:10BF90008CC525BE8A9F7CBFB6AB22BEC9BF7CBF05
:10BFA0007B911FBE6CDF7CBFDE761CBE73FE7CBF48
:10BFB000E05B19BEDD1C7DBF834016BEAC3A7DBF81
:10BFC000CA2413BEDE577DBFB70810BE74747DBF90
:10BFD0004AEC0CBE6E907DBF86CF09BECCAB7DBF58
:10BFE0006EB206BE8CC67DBF029503BEB1E07DBFBA
:10BFF000457700BE38FA7DBF73B2FABD24137EBF09
:10C00000C075F4BD722B7EBF7638EEBD23437EBF74
:10C010009AFAE7BD385A7EBF2EBCE1BDB0707EBF34
:10C02000377DDBBD8B867EBFB93DD5BDC99B7EBF4D
:10C03000B7FDCEBD69B07EBF36BDC8BD6DC47EBF85
:10C04000397CC2BDD4D77EBFC33ABCBD9DEA7EBF9A
:10C05000DAF8B5BDC9FC7EBF80B6AFBD580E7FBF54
:10C06000BA73A9BD491F7FBF8C30A3BD9D2F7FBF71
:10C07000F9EC9CBD543F7FBF05A996BD6D4E7FBFB7
:10C08000B46490BDE95C7FBF0A208ABDC76A7FBFE8
:10C090000ADB83BD08787FBF742B7BBDAB847FBF79
:10C0A00038A06EBDB1907FBF681462BD189C7FBF81
:10C0B0000E8855BDE3A67FBF2FFB48BD0FB17FBFE4
:10C0C000D56D3CBD9EBA7FBF07E02FBD8FC37FBF3C
:10C0D000CC5123BDE2CB7FBF2CC316BD98D37FBF0D
:10C0E0002F340ABDAFDA7FBFB949FBBC29E17FBF5E
:10C0F0007B2AE2BC05E77FBFB00AC9BC43EC7FBF27
:10C1000069EAAFBCE3F07FBFB6C996BCE6F47FBF77
:10C110004B517BBC4AF87FBF900E49BC11FB7FBFDF
:10C1200059CB16BC39FD7FBF890FC9BBC4FE7FBF89
:10C13000C70F49BBB1FF7FBF00000080000080BF78
:10C14000C70F493BB1FF7FBF890FC93BC4FE7FBF0B
:10C1500059CB163C39FD7FBF900E493C11FB7FBF88
:10C160004B517B3C4AF87FBFB6C9963CE6F47FBF93
:10C1700069EAAF3CE3F07FBFB00AC93C43EC7FBF44
:10C180007B2AE23C05E77FBFB949FB3C29E17FBF41
:10C190002F340A3DAFDA7FBF2CC3163D98D37FBF43
:10C1A000CC51233DE2CB7FBF07E02F3D8FC37FBF44
:10C1B000D56D3C3D9EBA7FBF2FFB483D0FB17FBF81
:10C1C0000E88553DE3A67FBF6814623D189C7FBF73
:10C1D00038A06E3DB1907FBF742B7B3DAB847FBF99
:10C1E0000ADB833D08787FBF0A208A3DC76A7FBF8C
:10C1F000B464903DE95C7FBF05A9963D6D4E7FBF5D
:10C20000F9EC9C3D543F7FBF8C30A33D9D2F7FBFF9
:10C21000BA73A93D491F7FBF80B6AF3D580E7FBF9F
:10C22000DAF8B53DC9FC7EBFC33ABC3D9DEA7EBF8E
:10C23000397CC23DD4D77EBF36BDC83D6DC47EBFFC
:10C24000B7FDCE3D69B07EBFB93DD53DC99B7EBF30
:10C25000377DDB3D8B867EBF2EBCE13DB0707EBF5F
:10C260009AFAE73D385A7EBF7638EE3D23437EBFCB
:10C27000C075F43D722B7EBF73B2FA3D24137EBFAE
:10C280004577003E38FA7DBF0295033EB1E07DBFA1
:10C290006EB2063E8CC67DBF86CF093ECCAB7DBF5D
:10C2A0004AEC0C3E6E907DBFB708103E74747DBFA3
:10C2B000CA24133EDE577DBF8340163EAC3A7DBF95
:10C2C000E05B193EDD1C7DBFDE761C3E73FE7CBF4D
:10C2D0007B911F3E6CDF7CBFB6AB223EC9BF7CBFEB
:10C2E0008CC5253E8A9F7CBFFCDE283EB07E7CBF8D
:10C2F00004F82B3E3A5D7CBFA2102F3E283B7CBF4A
:10C30000D428323E7A187CBF9840353E31F57BBF49
:10C31000EC57383E4DD17BBFCF6E3B3ECDAC7BBFA3
:10C320003E853E3EB2877BBF379B413EFC617BBF73
:10C33000B9B0443EAB3B7BBFC2C5473EBE147BBFDA
:10C340004FDA4A3E37ED7ABF60EE4D3E16C57ABFF2
:10C35000F101513E599C7ABF0115543E02737ABFD8
:10C360008F27573E10497ABF97395A3E841E7ABFAD
:10C370001A4B5D3E5EF379BF135C603E9DC779BF8B
:10C38000836C633E439B79BF667C663E4E6E79BF8D
:10C39000BA8B693EC04079BF7F9A6C3E981279BFD4
:10C3A000B2A86F3ED6E378BF51B6723E7BB478BF79
:10C3B0005AC3753E868478BFCCCF783EF85378BF99
:10C3C000A4DB7B3ED12278BFE1E67E3E10F177BF51
:10C3D000C0F8803EB7BE77BFC07D823EC58B77BFB9
:10C3E0007002843E3A5877BFCE86853E172477BFC9
:10C3F000DA0A873E5BEF76BF938E883E07BA76BF38
:10C40000F8118A3E1B8476BF07958B3E974D76BF09
:10C41000C0178D3E7A1676BF229A8E3EC6DE75BF55
:10C420002C1C903E7BA675BFDD9D913E976D75BF20
:10C43000351F933E1D3475BF31A0943E0BFA74BF77
:10C44000D220963E62BF74BF17A1973E228474BF6C
:10C45000FE20993E4B4874BF86A09A3EDD0B74BF08
:10C46000AF1F9C3ED9CE73BF789E9D3E3F9173BF58
:10C47000DF1C9F3E0E5373BFE59AA03E471473BF67
:10C480008718A23EEBD472BFC595A33EF89472BF45
:10C490009F12A53E705472BF128FA63E521372BFF8
:10C4A0001F0BA83E9FD171BFC486A93E578F71BF95
:10C4B0000102AB3E7A4C71BFD47CAC3E080971BF1F
:10C4C0003CF7AD3E02C570BF3A71AF3E668070BFAB
:10C4D000CBEAB03E373B70BFEF63B23E73F56FBF40
:10C4E000A5DCB33E1BAF6FBFEC54B53E30686FBFE9
:10C4F000C3CCB63EB0206FBF2A44B83E9ED86EBFB4
:10C500001EBBB93EF88F6EBFA031BB3EBE466EBFAC
:10C51000AFA7BC3EF2FC6DBF4A1DBE3E93B26DBFDD
:10C520006F92BF3EA1676DBF1E07C13E1D1C6DBF50
:10C53000557BC23E07D06CBF15EFC33E5E836CBF18
:10C540005C62C53E24366CBF29D5C63E58E86BBF39
:10C550007C47C83EFB996BBF53B9C93E0C4B6BBFC0
:10C56000AE2ACB3E8CFB6ABF8B9BCC3E7BAB6ABFBB
:10C57000EA0BCE3ED95A6ABFCA7BCF3EA7096ABF33
:10C580002AEBD03EE4B769BF095AD23E916569BF34
:10C5900067C8D33EAE1269BF4136D53E3CBF68BFC7
:10C5A00099A3D63E396B68BF6B10D83EA81668BFFA
:10C5B000B97CD93E87C167BF80E8DA3ED86B67BFD8
:10C5C000C153DC3E991567BF79BEDD3ECCBE66BF68
:10C5D000A928DF3E716766BF4F92E03E880F66BFB5
:10C5E0006AFBE13E10B765BFFA63E33E0B5E65BFD1
:10C5F000FECBE43E790465BF7533E63E59AA64BFBD
:10C600005D9AE73EAC4F64BFB700E93E73F463BF89
:10C610008166EA3EAC9863BFBBCBEB3E5A3C63BF3E
:10C620006330ED3E7BDF62BF7994EE3E108262BFE5
:10C63000FBF7EF3E1A2462BFEA5AF13E98C561BF8C
:10C6400043BDF23E8A6661BF071FF43EF20661BF3A
:10C650003580F53ECFA660BFCBE0F63E214660BFF9
:10C66000C840F83EE9E45FBF2DA0F93E27835FBFD5
:10C67000F7FEFA3EDB205FBF275DFC3E05BE5EBFD6
:10C68000BBBAFD3EA65A5EBFB217FF3EBEF65DBF07
:10C69000063A003F4D925DBFE4E7003F532D5DBF7A
:10C6A0007395013FD1C75CBFB142023FC7615CBF18
:10C6B0009FEF023F34FB5BBF3D9C033F1A945BBF7F
:10C6C0008948043F792C5BBF84F4043F50C45ABFAF
:10C6D0002CA0053FA05B5ABF824B063F6AF259BFB0
:10C6E00086F6063FAD8859BF36A1073F6A1E59BF7F
:10C6F000924B083FA1B358BF9BF5083F534858BF22
:10C700004E9F093F7FDC57BFAD480A3F267057BF99
:10C71000B7F10A3F480357BF6B9A0B3FE59556BFE9
:10C72000C9420C3FFE2756BFD0EA0C3F93B955BF14
:10C7300081920D3FA44A55BFDA390E3F31DB54BF19
:10C74000DBE00E3F3B6B54BF84870F3FC3FA53BF00
:10C75000D52D103FC78953BFCDD3103F491853BFC4
:10C760006B79113F49A652BFB01E123FC63352BF6C
:10C770009AC3123FC2C051BF2A68133F3D4D51BFFB
:10C780005F0C143F37D950BF39B0143FAF6450BF6E
:10C79000B753153FA8EF4FBFD9F6153F1F7A4FBFCC
:10C7A0009F99163F17044FBF073C173F908D4EBF10
:10C7B00012DE173F89164EBFC07F183F029F4DBF44
:10C7C0000F21193FFD264DBF00C2193F79AE4CBF66
:10C7D00093621A3F78354CBFC6021B3FF8BB4BBF74
:10C7E00099A21B3FFA414BBF0C421C3F7FC74ABF77
:10C7F0001FE11C3F874C4ABFD17F1D3F12D149BF6B
:10C80000221E1E3F215549BF12BC1E3FB3D848BF50
:10C810009F591F3FCA5B48BFCBF61F3F65DE47BF2E
:10C820009393203F856047BFF92F213F2AE246BFFF
:10C83000FBCB213F546346BF9967223F03E445BFCA
:10C84000D302233F396445BFA99D233FF5E344BF8D
:10C850001A38243F376344BF25D2243F00E243BF48
:10C86000CB6B253F516043BF0A05263F29DE42BFFF
:10C87000E39D263F895B42BF5636273F70D841BFB4
:10C8800061CE273FE15441BF0566283FDAD040BF63
:10C8900041FD283F5C4C40BF1594293F67C73FBF0F
:10C8A000802A2A3FFC413FBF82C02A3F1BBC3EBFBB
:10C8B0001B562B3FC5353EBF4AEB2B3FF9AE3DBF64
:10C8C0000F802C3FB8273DBF69142D3F03A03CBF0C
:10C8D00059A82D3FD9173CBFDE3B2E3F3B8F3BBFB6
:10C8E000F7CE2E3F29063BBFA5612F3FA47C3ABF60
:10C8F000E6F32F3FACF239BFBB85303F426839BF0A
:10C900002217313F65DD38BF1DA8313F165238BFB1
:10C91000AA38323F55C637BFC9C8323F233A37BF5E
:10C920007A58333F7FAD36BFBCE7333F6C2036BF0C
:10C930008F76343FE79235BFF304353FF30435BFBC
:10C94000E792353F8F7634BF6C20363FBCE733BF6C
:10C950007FAD363F7A5833BF233A373FC9C832BF1D
:10C9600055C6373FAA3832BF1652383F1DA831BFCF
:10C9700065DD383F221731BF4268393FBB8530BF84
:10C98000ACF2393FE6F32FBFA47C3A3FA5612FBF3D
:10C9900029063B3FF7CE2EBF3B8F3B3FDE3B2EBFF2
:10C9A000D9173C3F59A82DBF03A03C3F69142DBFA8
:10C9B000B8273D3F0F802CBFF9AE3D3F4AEB2BBF60
:10C9C000C5353E3F1B562BBF1BBC3E3F82C02ABF16
:10C9D000FC413F3F802A2ABF67C73F3F159429BFCC
:10C9E0005C4C403F41FD28BFDAD0403F056628BF80
:10C9F000E154413F61CE27BF70D8413F563627BF33
:10CA0000895B423FE39D26BF29DE423F0A0526BFE0
:10CA10005160433FCB6B25BF00E2433F25D224BF8B
:10CA20003763443F1A3824BFF5E3443FA99D23BF31
:10CA30003964453FD30223BF03E4453F996722BFD2
:10CA40005463463FFBCB21BF2AE2463FF92F21BF6B
:10CA50008560473F939320BF65DE473FCBF61FBFFE
:10CA6000CA5B483F9F591FBFB3D8483F12BC1EBF87
:10CA70002155493F221E1EBF12D1493FD17F1DBF04
:10CA8000874C4A3F1FE11CBF7FC74A3F0C421CBF77
:10CA9000FA414B3F99A21BBFF8BB4B3FC6021BBFDD
:10CAA00078354C3F93621ABF79AE4C3F00C219BF34
:10CAB000FD264D3F0F2119BF029F4D3FC07F18BF7C
:10CAC00089164E3F12DE17BF908D4E3F073C17BFB1
:10CAD00017044F3F9F9916BF1F7A4F3FD9F615BFD6
:10CAE000A8EF4F3FB75315BFAF64503F39B014BFE5
:10CAF00037D9503F5F0C14BF3D4D513F2A6813BFDB
:10CB0000C2C0513F9AC312BFC633523FB01E12BFBC
:10CB100049A6523F6B7911BF4918533FCDD310BF7F
:10CB2000C789533FD52D10BFC3FA533F84870FBF2A
:10CB30003B6B543FDBE00EBF31DB543FDA390EBFB5
:10CB4000A44A553F81920DBF93B9553FD0EA0CBF1F
:10CB5000FE27563FC9420CBFE595563F6B9A0BBF67
:10CB60004803573FB7F10ABF2670573FAD480ABF89
:10CB70007FDC573F4E9F09BF5348583F9BF508BF86
:10CB8000A1B3583F924B08BF6A1E593F36A107BF59
:10CB9000AD88593F86F606BF6AF2593F824B06BF01
:10CBA000A05B5A3F2CA005BF50C45A3F84F404BF79
:10CBB000792C5B3F894804BF1A945B3F3D9C03BFBF
:10CBC00034FB5B3F9FEF02BFC7615C3FB14202BFD6
:10CBD000D1C75C3F739501BF532D5D3FE4E700BFB4
:10CBE0004D925D3F063A00BFBEF65D3FB217FFBEF5
:10CBF000A65A5E3FBBBAFDBE05BE5E3F275DFCBECA
:10CC0000DB205F3FF7FEFABE27835F3F2DA0F9BE12
:10CC1000E9E45F3FC840F8BE2146603FCBE0F6BE86
:10CC2000CFA6603F3580F5BEF206613F071FF4BE18
:10CC30008A66613F43BDF2BE98C5613FEA5AF1BEC4
:10CC40001A24623FFBF7EFBE1082623F7994EEBE7A
:10CC50007BDF623F6330EDBE5A3C633FBBCBEBBE34
:10CC6000AC98633F8166EABE73F4633FB700E9BEE8
:10CC7000AC4F643F5D9AE7BE59AA643F7533E6BE88
:10CC80007904653FFECBE4BE0B5E653FFA63E3BE0D
:10CC900010B7653F6AFBE1BE880F663F4F92E0BE6A
:10CCA0007167663FA928DFBECCBE663F79BEDDBE98
:10CCB0009915673FC153DCBED86B673F80E8DABE89
:10CCC00087C1673FB97CD9BEA816683F6B10D8BE34
:10CCD000396B683F99A3D6BE3CBF683F4136D5BE8D
:10CCE000AE12693F67C8D3BE9165693F095AD2BE8B
:10CCF000E4B7693F2AEBD0BEA7096A3FCA7BCFBE23
:10CD0000D95A6A3FEA0BCEBE7BAB6A3F8B9BCCBE47
:10CD10008CFB6A3FAE2ACBBE0C4B6B3F53B9C9BEEE
:10CD2000FB996B3F7C47C8BE58E86B3F29D5C6BE10
:10CD300024366C3F5C62C5BE5E836C3F15EFC3BE9C
:10CD400007D06C3F557BC2BE1D1C6D3F1E07C1BE88
:10CD5000A1676D3F6F92BFBE93B26D3F4A1DBEBECD
:10CD6000F2FC6D3FAFA7BCBEBE466E3FA031BBBE5E
:10CD7000F88F6E3F1EBBB9BE9ED86E3F2A44B8BE28
:10CD8000B0206F3FC3CCB6BE30686F3FEC54B5BE29
:10CD90001BAF6F3FA5DCB3BE73F56F3FEF63B2BE51
:10CDA000373B703FCBEAB0BE6680703F3A71AFBE92
:10CDB00002C5703F3CF7ADBE0809713FD47CACBEE4
:10CDC0007A4C713F0102ABBE578F713FC486A9BE3A
:10CDD0009FD1713F1F0BA8BE5213723F128FA6BE88
:10CDE0007054723F9F12A5BEF894723FC595A3BEC2
:10CDF000EBD4723F8718A2BE4714733FE59AA0BEDA
:10CE00000E53733FDF1C9FBE3F91733F789E9DBEC4
:10CE1000D9CE733FAF1F9CBEDD0B743F86A09ABE78
:10CE20004B48743FFE2099BE2284743F17A197BEE1
:10CE300062BF743FD22096BE0BFA743F31A094BEFD
:10CE40001D34753F351F93BE976D753FDD9D91BEB7
:10CE50007BA6753F2C1C90BEC6DE753F229A8EBE07
:10CE60007A16763FC0178DBE974D763F07958BBEDD
:10CE70001B84763FF8118ABE07BA763F938E88BE30
:10CE80005BEF763FDA0A87BE1724773FCE8685BEF2
:10CE90003A58773F700284BEC58B773FC07D82BE13
:10CEA000B7BE773FC0F880BE10F1773FE1E67EBEA7
:10CEB000D122783FA4DB7BBEF853783FCCCF78BE3D
:10CEC0008684783F5AC375BE7BB4783F51B672BE34
:10CED000D6E3783FB2A86FBE9812793F7F9A6CBEB6
:10CEE000C040793FBA8B69BE4E6E793F667C66BEA4
:10CEF000439B793F836C63BE9DC7793F135C60BEE3
:10CF00005EF3793F1A4B5DBE841E7A3F97395ABE55
:10CF100010497A3F8F2757BE02737A3F011554BEDE
:10CF2000599C7A3FF10151BE16C57A3F60EE4DBE65
:10CF300037ED7A3F4FDA4ABEBE147B3FC2C547BECB
:10CF4000AB3B7B3FB9B044BEFC617B3F379B41BEEE
:10CF5000B2877B3F3E853EBECDAC7B3FCF6E3BBEB6
:10CF60004DD17B3FEC5738BE31F57B3F984035BE05
:10CF70007A187C3FD42832BE283B7C3FA2102FBEBB
:10CF80003A5D7C3F04F82BBEB07E7C3FFCDE28BEC1
:10CF90008A9F7C3F8CC525BEC9BF7C3FB6AB22BEF5
:10CFA0006CDF7C3F7B911FBE73FE7C3FDE761CBE38
:10CFB000DD1C7D3FE05B19BEAC3A7D3F834016BE71
:10CFC000DE577D3FCA2413BE74747D3FB70810BE80
:10CFD0006E907D3F4AEC0CBECCAB7D3F86CF09BE48
:10CFE0008CC67D3F6EB206BEB1E07D3F029503BEAA
:10CFF00038FA7D3F457700BE24137E3F73B2FABDF9
:10D00000722B7E3FC075F4BD23437E3F7638EEBD64
:10D01000385A7E3F9AFAE7BDB0707E3F2EBCE1BD24
:10D020008B867E3F377DDBBDC99B7E3FB93DD5BD3D
:10D0300069B07E3FB7FDCEBD6DC47E3F36BDC8BD75
:10D04000D4D77E3F397CC2BD9DEA7E3FC33ABCBD8A
:10D05000C9FC7E3FDAF8B5BD580E7F3F80B6AFBD44
:10D06000491F7F3FBA73A9BD9D2F7F3F8C30A3BD61
:10D07000543F7F3FF9EC9CBD6D4E7F3F05A996BDA7
:10D08000E95C7F3FB46490BDC76A7F3F0A208ABDD8
:10D0900008787F3F0ADB83BDAB847F3F742B7BBD69
:10D0A000B1907F3F38A06EBD189C7F3F681462BD71
:10D0B000E3A67F3F0E8855BD0FB17F3F2FFB48BDD4
:10D0C0009EBA7F3FD56D3CBD8FC37F3F07E02FBD2C
:10D0D000E2CB7F3FCC5123BD98D37F3F2CC316BDFD
:10D0E000AFDA7F3F2F340ABD29E17F3FB949FBBC4E
:10D0F00005E77F3F7B2AE2BC43EC7F3FB00AC9BC17
:10D10000E3F07F3F69EAAFBCE6F47F3FB6C996BC67
:10D110004AF87F3F4B517BBC11FB7F3F900E49BCCF
:10D1200039FD7F3F59CB16BCC4FE7F3F890FC9BB79
:10D13000B1FF7F3FC70F49BB0000803F00000000E8
:10D1400043EC7F3FB00AC93C0FB17F3F2FFB483D06
:10D150006D4E7F3F05A9963D6DC47E3F36BDC83DEF
:10D1600024137E3F73B2FA3DAC3A7D3F8340163EB6
:10D17000283B7C3FA2102F3EBE147B3FC2C5473EDA
:10D180009DC7793F135C603EF853783FCCCF783E23
:10D1900007BA763F938E883E0BFA743F31A0943ED7
:10D1A0004714733FE59AA03E0809713FD47CAC3E1A
:10D1B0009ED86E3F2A44B83E5E836C3F15EFC33E57
:10D1C000A7096A3FCA7BCF3ED86B673F80E8DA3E4B
:10D1D00059AA643F7533E63E98C5613FEA5AF13E6D
:10D1E00005BE5E3F275DFC3E1A945B3F3D9C033FBE
:10D1F0005348583F9BF5083F31DB543FDA390E3F27
:10D200003D4D513F2A68133F029F4D3FC07F183F5D
:10D2100012D1493FD17F1D3F03E4453F9967223F2B
:10D2200070D8413F5636273FF9AE3D3F4AEB2B3F82
:10D230004268393FBB85303FF304353FF304353F47
:10D24000BB85303F4268393F4AEB2B3FF9AE3D3F4B
:10D250005636273F70D8413F9967223F03E4453F48
:10D26000D17F1D3F12D1493FC07F183F029F4D3FE4
:10D270002A68133F3D4D513FDA390E3F31DB543FB1
:10D280009BF5083F5348583F3D9C033F1A945B3F32
:10D29000275DFC3E05BE5E3FEA5AF13E98C5613F00
:10D2A0007533E63E59AA643F80E8DA3ED86B673FA3
:10D2B000CA7BCF3EA7096A3F15EFC33E5E836C3F32
:10D2C0002A44B83E9ED86E3FD47CAC3E0809713FDC
:10D2D000E59AA03E4714733F31A0943E0BFA743F89
:10D2E000938E883E07BA763FCCCF783EF853783F8E
:10D2F000135C603E9DC7793FC2C5473EBE147B3F6D
:10D30000A2102F3E283B7C3F8340163EAC3A7D3F27
:10D3100073B2FA3D24137E3F36BDC83D6DC47E3FD7
:10D3200005A9963D6D4E7F3F2FFB483D0FB17F3FD6
:10D33000B00AC93C43EC7F3F000000000000803F82
:10D34000B00AC9BC43EC7F3F2FFB48BD0FB17F3F04
:10D3500005A996BD6D4E7F3F36BDC8BD6DC47E3FED
:10D3600073B2FABD24137E3F834016BEAC3A7D3FB4
:10D37000A2102FBE283B7C3FC2C547BEBE147B3FD8
:10D38000135C60BE9DC7793FCCCF78BEF853783F21
:10D39000938E88BE07BA763F31A094BE0BFA743FD5
:10D3A000E59AA0BE4714733FD47CACBE0809713F18
:10D3B0002A44B8BE9ED86E3F15EFC3BE5E836C3F55
:10D3C000CA7BCFBEA7096A3F80E8DABED86B673F49
:10D3D0007533E6BE59AA643FEA5AF1BE98C5613F6B
:10D3E000275DFCBE05BE5E3F3D9C03BF1A945B3FBC
:10D3F0009BF508BF5348583FDA390EBF31DB543F25
:10D400002A6813BF3D4D513FC07F18BF029F4D3F5B
:10D41000D17F1DBF12D1493F996722BF03E4453F29
:10D42000563627BF70D8413F4AEB2BBFF9AE3D3F80
:10D43000BB8530BF4268393FF30435BFF304353F45
:10D44000426839BFBB85303FF9AE3DBF4AEB2B3F49
:10D4500070D841BF5636273F03E445BF9967223F46
:10D4600012D149BFD17F1D3F029F4DBFC07F183FE2
:10D470003D4D51BF2A68133F31DB54BFDA390E3FAF
:10D48000534858BF9BF5083F1A945BBF3D9C033F30
:10D4900005BE5EBF275DFC3E98C561BFEA5AF13EFE
:10D4A00059AA64BF7533E63ED86B67BF80E8DA3EA1
:10D4B000A7096ABFCA7BCF3E5E836CBF15EFC33E30
:10D4C0009ED86EBF2A44B83E080971BFD47CAC3EDA
:10D4D000471473BFE59AA03E0BFA74BF31A0943E87
:10D4E00007BA76BF938E883EF85378BFCCCF783E8C
:10D4F0009DC779BF135C603EBE147BBFC2C5473E6B
:10D50000283B7CBFA2102F3EAC3A7DBF8340163E25
:10D5100024137EBF73B2FA3D6DC47EBF36BDC83DD5
:10D520006D4E7FBF05A9963D0FB17FBF2FFB483DD4
:10D5300043EC7FBFB00AC93C000080BF0000000080
:10D5400043EC7FBFB00AC9BC0FB17FBF2FFB48BD02
:10D550006D4E7FBF05A996BD6DC47EBF36BDC8BDEB
:10D5600024137EBF73B2FABDAC3A7DBF834016BEB2
:10D57000283B7CBFA2102FBEBE147BBFC2C547BED6
:10D580009DC779BF135C60BEF85378BFCCCF78BE1F
:10D5900007BA76BF938E88BE0BFA74BF31A094BED3
:10D5A000471473BFE59AA0BE080971BFD47CACBE16
:10D5B0009ED86EBF2A44B8BE5E836CBF15EFC3BE53
:10D5C000A7096ABFCA7BCFBED86B67BF80E8DABE47
:10D5D00059AA64BF7533E6BE98C561BFEA5AF1BE69
:10D5E00005BE5EBF275DFCBE1A945BBF3D9C03BFBA
:10D5F000534858BF9BF508BF31DB54BFDA390EBF23
:10D600003D4D51BF2A6813BF029F4DBFC07F18BF59
:10D6100012D149BFD17F1DBF03E445BF996722BF27
:10D6200070D841BF563627BFF9AE3DBF4AEB2BBF7E
:10D63000426839BFBB8530BFF30435BFF30435BF43
:10D64000BB8530BF426839BF4AEB2BBFF9AE3DBF47
:10D65000563627BF70D841BF996722BF03E445BF44
:10D66000D17F1DBF12D149BFC07F18BF029F4DBFE0
:10D670002A6813BF3D4D51BFDA390EBF31DB54BFAD
:10D680009BF508BF534858BF3D9C03BF1A945BBF2E
:10D69000275DFCBE05BE5EBFEA5AF1BE98C561BFFC
:10D6A0007533E6BE59AA64BF80E8DABED86B67BF9F
:10D6B000CA7BCFBEA7096ABF15EFC3BE5E836CBF2E
:10D6C0002A44B8BE9ED86EBFD47CACBE080971BFD8
:10D6D000E59AA0BE471473BF31A094BE0BFA74BF85
:10D6E000938E88BE07BA76BFCCCF78BEF85378BF8A
:10D6F000135C60BE9DC779BFC2C547BEBE147BBF69
:10D70000A2102FBE283B7CBF834016BEAC3A7DBF23
:10D7100073B2FABD24137EBF36BDC8BD6DC47EBFD3
:10D7200005A996BD6D4E7FBF2FFB48BD0FB17FBFD2
:10D73000B00AC9BC43EC7FBF00000080000080BF7E
:10D74000B00AC93C43EC7FBF2FFB483D0FB17FBF00
:10D7500005A9963D6D4E7FBF36BDC83D6DC47EBFE9
:10D7600073B2FA3D24137EBF8340163EAC3A7DBFB0
:10D77000A2102F3E283B7CBFC2C5473EBE147BBFD4
:10D78000135C603E9DC779BFCCCF783EF85378BF1D
:10D79000938E883E07BA76BF31A0943E0BFA74BFD1
:10D7A000E59AA03E471473BFD47CAC3E080971BF14
:10D7B0002A44B83E9ED86EBF15EFC33E5E836CBF51
:10D7C000CA7BCF3EA7096ABF80E8DA3ED86B67BF45
:10D7D0007533E63E59AA64BFEA5AF13E98C561BF67
:10D7E000275DFC3E05BE5EBF3D9C033F1A945BBFB8
:10D7F0009BF5083F534858BFDA390E3F31DB54BF21
:10D800002A68133F3D4D51BFC07F183F029F4DBF57
:10D81000D17F1D3F12D149BF9967223F03E445BF25
:10D820005636273F70D841BF4AEB2B3FF9AE3DBF7C
:10D83000BB85303F426839BFF304353FF30435BF41
:10D840004268393FBB8530BFF9AE3D3F4AEB2BBF45
:10D8500070D8413F563627BF03E4453F996722BF42
:10D8600012D1493FD17F1DBF029F4D3FC07F18BFDE
:10D870003D4D513F2A6813BF31DB543FDA390EBFAB
:10D880005348583F9BF508BF1A945B3F3D9C03BF2C
:10D8900005BE5E3F275DFCBE98C5613FEA5AF1BEFA
:10D8A00059AA643F7533E6BED86B673F80E8DABE9D
:10D8B000A7096A3FCA7BCFBE5E836C3F15EFC3BE2C
:10D8C0009ED86E3F2A44B8BE0809713FD47CACBED6
:10D8D0004714733FE59AA0BE0BFA743F31A094BE83
:10D8E00007BA763F938E88BEF853783FCCCF78BE88
:10D8F0009DC7793F135C60BEBE147B3FC2C547BE67
:10D90000283B7C3FA2102FBEAC3A7D3F834016BE21
:10D9100024137E3F73B2FABD6DC47E3F36BDC8BDD1
:10D920006D4E7F3F05A996BD0FB17F3F2FFB48BDD0
:10D9300043EC7F3FB00AC9BC0000803F00000000FC
:10D94000BE147B3FC2C5473E5E836C3F15EFC33EAE
:10D9500031DB543FDA390E3FF304353FF304353FF2
:10D96000DA390E3F31DB543F15EFC33E5E836C3F27
:10D97000C2C5473EBE147B3F000000000000803F50
:10D98000C2C547BEBE147B3F15EFC3BE5E836C3F6E
:10D99000DA390EBF31DB543FF30435BFF304353FB2
:10D9A00031DB54BFDA390E3F5E836CBF15EFC33EE7
:10D9B000BE147BBFC2C5473E000080BF0000000010
:10D9C000BE147BBFC2C547BE5E836CBF15EFC3BE2E
:10D9D00031DB54BFDA390EBFF30435BFF30435BF72
:10D9E000DA390EBF31DB54BF15EFC3BE5E836CBFA7
:10D9F000C2C547BEBE147BBF00000080000080BFD0
:10DA0000C2C5473EBE147BBF15EFC33E5E836CBFED
:10DA1000DA390E3F31DB54BFF304353FF30435BF31
:10DA200031DB543FDA390EBF5E836C3F15EFC3BE66
:10DA3000BE147B3FC2C547BE0000803F000000000F
:10DA4000ECFF7F3FD40FC93AB1FF7F3FC70F493B7F
:10DA50004EFF7F3FC1CB963BC4FE7F3F890FC93B42
:10DA600013FE7F3F3053FB3B39FD7F3F59CB163CC4
:10DA700039FC7F3F02ED2F3C11FB7F3F900E493C6C
:10DA8000C1F97F3F0030623C4AF87F3F4B517B3CFD
:10DA9000ACF67F3F38398A3CE6F47F3FB6C9963C06
:10DAA000F8F27F3F1C5AA33CE3F07F3F69EAAF3CAA
:10DAB000A7EE7F3F9B7ABC3C43EC7F3FB00AC93C5A
:10DAC000B8E97F3FA69AD53C05E77F3F7B2AE23C39
:10DAD0002BE47F3F2DBAEE3C29E17F3FB949FB3C67
:10DAE00000DE7F3F90EC033DAFDA7F3F2F340A3DED
:10DAF00037D77F3FB87B103D98D37F3F2CC3163D6F
:10DB0000D1CF7F3F880A1D3DE2CB7F3FCC51233DE3
:10DB1000CCC77F3FF698293D8FC37F3F07E02F3D5D
:10DB20002ABF7F3FFC26363D9EBA7F3FD56D3C3DE8
:10DB3000EAB57F3F91B4423D0FB17F3F2FFB483D97
:10DB40000DAC7F3FAF414F3DE3A67F3F0E88553D73
:10DB500091A17F3F4CCE5B3D189C7F3F6814623D96
:10DB600078967F3F625A683DB1907F3F38A06E3D06
:10DB7000C28A7F3FE9E5743DAB847F3F742B7B3DD8
:10DB80006D7E7F3F6CB8803D08787F3F0ADB833D28
:10DB90007B717F3F94FD863DC76A7F3F0A208A3DA7
:10DBA000EC637F3F6A428D3DE95C7F3FB464903D0A
:10DBB000BF557F3FE786933D6D4E7F3F05A9963D5C
:10DBC000F4467F3F0ACB993D543F7F3FF9EC9C3DA3
:10DBD0008D377F3FCF0EA03D9D2F7F3F8C30A33DE3
:10DBE00087277F3F3052A63D491F7F3FBA73A93D2B
:10DBF000E4167F3F2B95AC3D580E7F3F80B6AF3D7E
:10DC0000A4057F3FBBD7B23DC9FC7E3FDAF8B53DE6
:10DC1000C7F37E3FDD19B93D9DEA7E3FC33ABC3D67
:10DC20004CE17E3F8D5BBF3DD4D77E3F397CC23D0A
:10DC300034CE7E3FC69CC53D6DC47E3F36BDC83DDB
:10DC40007FBA7E3F86DDCB3D69B07E3FB7FDCE3DDE
:10DC50002DA67E3FC81DD23DC99B7E3FB93DD53D17
:10DC60003D917E3F895DD83D8B867E3F377DDB3D94
:10DC7000B17B7E3FC49CDE3DB0707E3F2EBCE13D5B
:10DC800088657E3F76DBE43D385A7E3F9AFAE73D71
:10DC9000C14E7E3F9A19EB3D23437E3F7638EE3DE1
:10DCA0005E377E3F2E57F13D722B7E3FC075F43DAF
:10DCB0005E1F7E3F2C94F73D24137E3F73B2FA3DE6
:10DCC000C2067E3F92D0FD3D38FA7D3F4577003E4B
:10DCD00088ED7D3F2E06023EB1E07D3F0295033E7A
:10DCE000B2D37D3FC223053E8CC67D3F6EB2063E59
:10DCF00040B97D3F0541083ECCAB7D3F86CF093E14
:10DD0000309E7D3FF35D0B3E6E907D3F4AEC0C3EB6
:10DD100085827D3F8B7A0E3E74747D3FB708103E3E
:10DD20003D667D3FCC96113EDE577D3FCA24133EB3
:10DD300059497D3FB2B2143EAC3A7D3F8340163E16
:10DD4000D82B7D3F3DCE173EDD1C7D3FE05B193E6D
:10DD5000BC0D7D3F6BE91A3E73FE7C3FDE761C3EB8
:10DD600003EF7C3F38041E3E6CDF7C3F7B911F3EFF
:10DD7000AECF7C3FA51E213EC9BF7C3FB6AB223E45
:10DD8000BDAF7C3FAD38243E8A9F7C3F8CC5253E8D
:10DD9000318F7C3F5152273EB07E7C3FFCDE283ED7
:10DDA000086E7C3F8D6B2A3E3A5D7C3F04F82B3E2B
:10DDB000444C7C3F61842D3E283B7C3FA2102F3E8B
:10DDC000E5297C3FC99C303E7A187C3FD428323EFE
:10DDD000E9067C3FC4B4333E31F57B3F9840353E85
:10DDE00053E37B3F50CC363E4DD17B3FEC57383E22
:10DDF00020BF7B3F6CE3393ECDAC7B3FCF6E3B3EDB
:10DE0000539A7B3F15FA3C3EB2877B3F3E853E3EB0
:10DE1000EA747B3F4910403EFC617B3F379B413EAB
:10DE2000E74E7B3F0726433EAB3B7B3FB9B0443ECA
:10DE300048287B3F4D3B463EBE147B3FC2C5473E14
:10DE40000E017B3F1850493E37ED7A3F4FDA4A3E8C
:10DE50003AD97A3F67644C3E16C57A3F60EE4D3E34
:10DE6000CBB07A3F38784F3E599C7A3FF101513E12
:10DE7000C1877A3F898B523E02737A3F0115543E27
:10DE80001C5E7A3F589E553E10497A3F8F27573E79
:10DE9000DD337A3FA4B0583E841E7A3F97395A3E0C
:10DEA00004097A3F6AC25B3E5EF3793F1A4B5D3EDE
:10DEB00091DD793FA8D35E3E9DC7793F135C603EFC
:10DEC00083B1793F5CE4613E439B793F836C633E61
:10DED000DC84793F86F4643E4E6E793F667C663E14
:10DEE0009A57793F2204683EC040793FBA8B693E19
:10DEF000BF29793F2F136B3E9812793F7F9A6C3E72
:10DF00004AFB783FAB216E3ED6E3783FB2A86F3E26
:10DF10003BCC783F942F713E7BB4783F51B6723E34
:10DF2000939C783FE83C743E8684783F5AC3753EA4
:10DF3000526C783FA649773EF853783FCCCF783E75
:10DF4000773B783FCB557A3ED122783FA4DB7B3EAE
:10DF5000040A783F56617D3E10F1773FE1E67E3E50
:10DF6000F7D7773F2236803EB7BE773FC0F8803E76
:10DF700051A5773F4ABB813EC58B773FC07D823E2E
:10DF80001372773F2240833E3A58773F7002843EB7
:10DF90003C3E773FAAC4843E1724773FCE86853E19
:10DFA000CC09773FDF48863E5BEF763FDA0A873E53
:10DFB000C4D4763FC1CC873E07BA763F938E883E65
:10DFC000249F763F5050893E1B84763FF8118A3E4D
:10DFD000EC68763F8AD38A3E974D763F07958B3E15
:10DFE0001B32763F6E568C3E7A16763FC0178D3EBA
:10DFF000B3FA753FFCD88D3EC6DE753F229A8E3E41
:10E00000B3C2753F325B8F3E7BA6753F2C1C903EA2
:10E010001C8A753F10DD903E976D753FDD9D913EEA
:10E02000ED50753F945E923E1D34753F351F933E13
:10E030002717753FBFDF933E0BFA743F31A0943E24
:10E04000C9DC743F8D60953E62BF743FD220963E1E
:10E05000D5A1743F00E1963E2284743F17A1973EFC
:10E060004966743F1661983E4B48743FFE20993EC6
:10E07000272A743FCEE0993EDD0B743F86A09A3E7E
:10E080006EED733F27609B3ED9CE733FAF1F9C3E22
:10E090001FB0733F20DF9C3E3F91733F789E9D3EB3
:10E0A0003972733FB85D9E3E0E53733FDF1C9F3E37
:10E0B000BE33733FEEDB9F3E4714733FE59AA03EAD
:10E0C000ACF4723FC259A13EEBD4723F8718A23E16
:10E0D00004B5723F33D7A23EF894723FC595A33E74
:10E0E000C774723F3F54A43E7054723F9F12A53EC6
:10E0F000F433723FE5D0A53E5213723F128FA63E15
:10E100008CF2713F254DA73E9FD1713F1F0BA83E5A
:10E110008EB0713FFEC8A83E578F713FC486A93E9E
:10E12000FB6D713F6F44AA3E7A4C713F0102AB3EDA
:10E13000D42A713F77BFAB3E0809713FD47CAC3E17
:10E1400017E7703F153AAD3E02C5703F3CF7AD3E54
:10E15000C6A2703F49B4AE3E6680703F3A71AF3E92
:10E16000E15D703F102EB03E373B703FCBEAB03ED2
:10E170006718703F6BA7B13E73F56F3FEF63B23E18
:10E180005AD26F3F5820B33E1BAF6F3FA5DCB33E62
:10E19000B88B6F3FD698B43E30686F3FEC54B53EB5
:10E1A00083446F3FE610B63EB0206F3FC3CCB63E0F
:10E1B000BAFC6E3F8488B73E9ED86E3F2A44B83E74
:10E1C0005DB46E3FB2FFB83EF88F6E3F1EBBB93EE6
:10E1D0006D6B6E3F6E76BA3EBE466E3FA031BB3E63
:10E1E000EB216E3FB6ECBB3EF2FC6D3FAFA7BC3EF1
:10E1F000D5D76D3F8B62BD3E93B26D3F4A1DBE3E8B
:10E200002D8D6D3FEBD7BE3EA1676D3F6F92BF3E38
:10E21000F2416D3FD54CC03E1D1C6D3F1E07C13EF7
:10E2200024F66C3F48C1C13E07D06C3F557BC23ECF
:10E23000C5A96C3F4435C33E5E836C3F15EFC33EBA
:10E24000D45C6C3FC8A8C43E24366C3F5C62C53EBB
:10E25000500F6C3FD21BC63E58E86B3F29D5C63ED7
:10E260003BC16B3F628EC73EFB996B3F7C47C83E0C
:10E2700095726B3F7700C93E0C4B6B3F53B9C93E5B
:10E280005E236B3F1072CA3E8CFB6A3FAE2ACB3EC8
:10E2900095D36A3F2CE3CB3E7BAB6A3F8B9BCC3E56
:10E2A0003C836A3FCA53CD3ED95A6A3FEA0BCE3E01
:10E2B00052326A3FEAC3CE3EA7096A3FCA7BCF3ECD
:10E2C000D7E0693F8A33D03EE4B7693F2AEBD03EBE
:10E2D000CC8E693FAAA2D13E9165693F095AD23ED0
:10E2E000323C693F4811D33EAE12693F67C8D33E06
:10E2F00007E9683F647FD43E3CBF683F4136D53E66
:10E300004C95683FFDECD53E396B683F99A3D63EEE
:10E310000341683F135AD73EA816683F6B10D83E9A
:10E320002AEC673FA3C6D83E87C1673FB97CD93E78
:10E33000C196673FAD32DA3ED86B673F80E8DA3E80
:10E34000CA40673F319EDB3E9915673FC153DC3EB3
:10E3500045EA663F2E09DD3ECCBE663F79BEDD3E16
:10E360003093663FA273DE3E7167663FA928DF3EA9
:10E370008E3B663F8DDDDF3E880F663F4F92E03E6D
:10E380005EE3653FEE46E13E10B7653F6AFBE13E66
:10E39000A08A653FC4AFE23E0B5E653FFA63E33E91
:10E3A0005431653F0E18E43E7904653FFECBE43EF0
:10E3B0007BD7643FCB7FE53E59AA643F7533E63E89
:10E3C000147D643FFBE6E63EAC4F643F5D9AE73E5A
:10E3D0002122643F9C4DE83E73F4633FB700E93E61
:10E3E000A1C6633FAEB3E93EAC98633F8166EA3EA7
:10E3F000956A633F3019EB3E5A3C633FBBCBEB3E23
:10E40000FC0D633F217EEC3E7BDF623F6330ED3EDF
:10E41000D7B0623F80E2ED3E1082623F7994EE3EDB
:10E420002653623F4C46EF3E1A24623FFBF7EF3E15
:10E43000EAF4613F85A9F03E98C5613FEA5AF13E92
:10E440002296613F290CF23E8A66613F43BDF23E4F
:10E45000D036613F386EF33EF206613F071FF43E4F
:10E46000F2D6603FB1CFF43ECFA6603F3580F53E97
:10E470008976603F9330F63E2146603FCBE0F63E22
:10E480009615603FDC90F73EE9E45F3FC840F83EF8
:10E4900019B45F3F8EF0F83E27835F3F2DA0F93E11
:10E4A00012525F3FA54FFA3EDB205F3FF7FEFA3E78
:10E4B00081EF5E3F22AEFB3E05BE5E3F275DFC3E28
:10E4C000678C5E3F040CFD3EA65A5E3FBBBAFD3E24
:10E4D000C3285E3F4A69FE3EBEF65D3FB217FF3E6F
:10E4E00097C45D3FF3C5FF3E4D925D3F063A003F46
:10E4F000E15F5D3FFF90003F532D5D3FE4E7003F4C
:10E50000A3FA5C3FB53E013FD1C75C3F7395013F25
:10E51000DD945C3F1CEC013FC7615C3FB142023FB0
:10E520008E2E5C3F3299023F34FB5B3F9FEF023FF0
:10E53000B8C75B3FF845033F1A945B3F3D9C033FE0
:10E540005A605B3F6DF2033F792C5B3F8948043F83
:10E5500075F85A3F919E043F50C45A3F84F4043FDB
:10E5600009905A3F624A053FA05B5A3F2CA0053FE5
:10E5700016275A3FE2F5053F6AF2593F824B063FA4
:10E580009CBD593F0EA1063FAD88593F86F6063F18
:10E590009C53593FE84B073F6A1E593F36A1073F3E
:10E5A00017E9583F6FF6073FA1B3583F924B083F1A
:10E5B0000B7E583FA1A0083F5348583F9BF5083FAA
:10E5C0007912583F7F4A093F7FDC573F4E9F093FF2
:10E5D00063A6573F09F4093F2670573FAD480A3FED
:10E5E000C739573F3D9D0A3F4803573FB7F10A3FA0
:10E5F000A7CC563F1C460B3FE595563F6B9A0B3F09
:10E60000025F563FA5EE0B3FFE27563FC9420C3F27
:10E61000D9F0553FD7960C3F93B9553FD0EA0C3F00
:10E620002C82553FB33E0D3FA44A553F81920D3F8A
:10E63000FB12553F38E60D3F31DB543FDA390E3FD0
:10E6400047A3543F658D0E3F3B6B543FDBE00E3FCD
:10E650000F33543F3B340F3FC3FA533F84870F3F80
:10E6600055C2533FB8DA0F3FC789533FD52D103FEE
:10E670001851533FDC80103F4918533FCDD3103F12
:10E6800059DF523FA726113F49A6523F6B79113FF0
:10E69000186D523F19CC113FC633523FB01E123F86
:10E6A00054FA513F3071123FC2C0513F9AC3123FDA
:10E6B0001087513FEE15133F3D4D513F2A68133FE0
:10E6C0004A13513F50BA133F37D9503F5F0C143FA4
:10E6D000039F503F585E143FAF64503F39B0143F22
:10E6E0003B2A503F0402153FA8EF4F3FB753153F59
:10E6F000F4B44F3F54A5153F1F7A4F3FD9F6153F4D
:10E700002B3F4F3F4748163F17044F3F9F99163FF7
:10E71000E4C84E3FDFEA163F908D4E3F073C173F5F
:10E720001C524E3F188D173F89164E3F12DE173F81
:10E73000D5DA4D3FF52E183F029F4D3FC07F183F61
:10E7400010634D3F73D0183FFD264D3F0F21193FF9
:10E75000CBEA4C3F9471193F79AE4C3F00C2193F50
:10E7600008724C3F55121A3F78354C3F93621A3F5E
:10E77000C7F84B3FB8B21A3FF8BB4B3FC6021B3F2E
:10E78000097F4B3FBB521B3FFA414B3F99A21B3FB6
:10E79000CC044B3F5FF21B3F7FC74A3F0C421C3FFC
:10E7A000138A4A3FA2911C3F874C4A3F1FE11C3FFE
:10E7B000DC0E4A3F84301D3F12D1493FD17F1D3FBF
:10E7C0002993493F06CF1D3F2155493F221E1E3F39
:10E7D000FA16493F266D1E3FB3D8483F12BC1E3F74
:10E7E0004E9A483FE50A1F3FCA5B483F9F591F3F6B
:10E7F000271D483F41A81F3F65DE473FCBF61F3F1F
:10E80000849F473F3B45203F8560473F9393203F90
:10E810006721473FD2E1203F2AE2463FF92F213FBF
:10E82000CEA2463F067E213F5463463FFBCB213FAD
:10E83000BB23463FD719223F03E4453F9967223F58
:10E840002DA4453F43B5223F3964453FD302233FC2
:10E850002624453F4B50233FF5E3443FA99D233FEA
:10E86000A5A3443FEEEA233F3763443F1A38243FD1
:10E87000AB22443F2C85243F00E2433F25D2243F76
:10E8800038A1433F041F253F5160433FCB6B253FD9
:10E890004C1F433F77B8253F29DE423F0A05263FFC
:10E8A000E89C423F8451263F895B423FE39D263FDF
:10E8B0000B1A423F2AEA263F70D8413F5636273F7F
:10E8C000B796413F6882273FE154413F61CE273FE1
:10E8D000EC12413F401A283FDAD0403F0566283FFE
:10E8E000A98E403FB0B1283F5C4C403F41FD283FDE
:10E8F000F009403FB848293F67C73F3F1594293F7B
:10E90000C0843F3F57DF293FFC413F3F802A2A3FD9
:10E910001BFF3E3F8E752A3F1BBC3E3F82C02A3FF5
:10E92000FF783E3F5B0B2B3FC5353E3F1B562B3FD1
:10E930006EF23D3FBFA02B3FF9AE3D3F4AEB2B3F70
:10E94000676B3D3FB9352C3FB8273D3F0F802C3FCB
:10E95000ECE33C3F49CA2C3F03A03C3F69142D3FE8
:10E96000FC5B3C3F6F5E2D3FD9173C3F59A82D3FC4
:10E9700098D33B3F29F22D3F3B8F3B3FDE3B2E3F61
:10E98000C14A3B3F78852E3F29063B3FF7CE2E3FBD
:10E9900075C13A3F5B182F3FA47C3A3FA5612F3FDA
:10E9A000B7373A3FD3AA2F3FACF2393FE6F32F3FB8
:10E9B00085AD393FDE3C303F4268393FBB85303F53
:10E9C000E122393F7CCE303F65DD383F2217313FB1
:10E9D000CB97383FAD5F313F1652383F1DA8313FCE
:10E9E000430C383F71F0313F55C6373FAA38323FAC
:10E9F0004A80373FC780323F233A373FC9C8323F4A
:10EA0000DFF3363FAF10333F7FAD363F7A58333FA9
:10EA10000467363F29A0333F6C20363FBCE7333FC5
:10EA2000B8D9353F342F343FE792353F8F76343FA6
:10EA3000FB4B353FCFBD343FF304353FF304353F47
:10EA4000CFBD343FFB4B353F8F76343FE792353FA8
:10EA5000342F343FB8D9353FBCE7333F6C20363FC5
:10EA600029A0333F0467363F7A58333F7FAD363FA6
:10EA7000AF10333FDFF3363FC9C8323F233A373F49
:10EA8000C780323F4A80373FAA38323F55C6373FAA
:10EA900071F0313F430C383F1DA8313F1652383FCB
:10EAA000AD5F313FCB97383F2217313F65DD383FAF
:10EAB0007CCE303FE122393FBB85303F4268393F51
:10EAC000DE3C303F85AD393FE6F32F3FACF2393FB6
:10EAD000D3AA2F3FB7373A3FA5612F3FA47C3A3FD7
:10EAE0005B182F3F75C13A3FF7CE2E3F29063B3FBB
:10EAF00078852E3FC14A3B3FDE3B2E3F3B8F3B3F5D
:10EB000029F22D3F98D33B3F59A82D3FD9173C3FC1
:10EB10006F5E2D3FFC5B3C3F69142D3F03A03C3FE3
:10EB200049CA2C3FECE33C3F0F802C3FB8273D3FC8
:10EB3000B9352C3F676B3D3F4AEB2B3FF9AE3D3F6C
:10EB4000BFA02B3F6EF23D3F1B562B3FC5353E3FCE
:10EB50005B0B2B3FFF783E3F82C02A3F1BBC3E3FF2
:10EB60008E752A3F1BFF3E3F802A2A3FFC413F3FD4
:10EB700057DF293FC0843F3F1594293F67C73F3F78
:10EB8000B848293FF009403F41FD283F5C4C403FD9
:10EB9000B0B1283FA98E403F0566283FDAD0403FFC
:10EBA000401A283FEC12413F61CE273FE154413FDC
:10EBB0006882273FB796413F5636273F70D8413F7E
:10EBC0002AEA263F0B1A423FE39D263F895B423FDC
:10EBD0008451263FE89C423F0A05263F29DE423FFA
:10EBE00077B8253F4C1F433FCB6B253F5160433FD8
:10EBF000041F253F38A1433F25D2243F00E2433F75
:10EC00002C85243FAB22443F1A38243F3763443FCE
:10EC1000EEEA233FA5A3443FA99D233FF5E3443FEC
:10EC20004B50233F2624453FD302233F3964453FC1
:10EC300043B5223F2DA4453F9967223F03E4453F5A
:10EC4000D719223FBB23463FFBCB213F5463463FAE
:10EC5000067E213FCEA2463FF92F213F2AE2463FC2
:10EC6000D2E1203F6721473F9393203F8560473F94
:10EC70003B45203F849F473FCBF61F3F65DE473F24
:10EC800041A81F3F271D483F9F591F3FCA5B483F70
:10EC9000E50A1F3F4E9A483F12BC1E3FB3D8483F7B
:10ECA000266D1E3FFA16493F221E1E3F2155493F41
:10ECB00006CF1D3F2993493FD17F1D3F12D1493FC8
:10ECC00084301D3FDC0E4A3F1FE11C3F874C4A3F0A
:10ECD000A2911C3F138A4A3F0C421C3F7FC74A3F08
:10ECE0005FF21B3FCC044B3F99A21B3FFA414B3FC5
:10ECF000BB521B3F097F4B3FC6021B3FF8BB4B3F3C
:10ED0000B8B21A3FC7F84B3F93621A3F78354C3F71
:10ED100055121A3F08724C3F00C2193F79AE4C3F62
:10ED20009471193FCBEA4C3F0F21193FFD264D3F0F
:10ED300073D0183F10634D3FC07F183F029F4D3F77
:10ED4000F52E183FD5DA4D3F12DE173F89164E3F9C
:10ED5000188D173F1C524E3F073C173F908D4E3F7A
:10ED6000DFEA163FE4C84E3F9F99163F17044F3F16
:10ED70004748163F2B3F4F3FD9F6153F1F7A4F3F6D
:10ED800054A5153FF4B44F3FB753153FA8EF4F3F7D
:10ED90000402153F3B2A503F39B0143FAF64503F47
:10EDA000585E143F039F503F5F0C143F37D9503FCC
:10EDB00050BA133F4A13513F2A68133F3D4D513F0C
:10EDC000EE15133F1087513F9AC3123FC2C0513F07
:10EDD0003071123F54FA513FB01E123FC633523FBA
:10EDE00019CC113F186D523F6B79113F49A6523F24
:10EDF000A726113F59DF523FCDD3103F4918533F4B
:10EE0000DC80103F1851533FD52D103FC789533F29
:10EE1000B8DA0F3F55C2533F84870F3FC3FA533FC1
:10EE20003B340F3F0F33543FDBE00E3F3B6B543F0F
:10EE3000658D0E3F47A3543FDA390E3F31DB543F17
:10EE400038E60D3FFB12553F81920D3FA44A553FD6
:10EE5000B33E0D3F2C82553FD0EA0C3F93B9553F4E
:10EE6000D7960C3FD9F0553FC9420C3FFE27563F7D
:10EE7000A5EE0B3F025F563F6B9A0B3FE595563F61
:10EE80001C460B3FA7CC563FB7F10A3F4803573FFC
:10EE90003D9D0A3FC739573FAD480A3F2670573F4F
:10EEA00009F4093F63A6573F4E9F093F7FDC573F58
:10EEB0007F4A093F7912583F9BF5083F5348583F16
:10EEC000A1A0083F0B7E583F924B083FA1B3583F8B
:10EED0006FF6073F17E9583F36A1073F6A1E593FB3
:10EEE000E84B073F9C53593F86F6063FAD88593F94
:10EEF0000EA1063F9CBD593F824B063F6AF2593F27
:10EF0000E2F5053F16275A3F2CA0053FA05B5A3F6C
:10EF1000624A053F09905A3F84F4043F50C45A3F67
:10EF2000919E043F75F85A3F8948043F792C5B3F16
:10EF30006DF2033F5A605B3F3D9C033F1A945B3F79
:10EF4000F845033FB8C75B3F9FEF023F34FB5B3F91
:10EF50003299023F8E2E5C3FB142023FC7615C3F57
:10EF60001CEC013FDD945C3F7395013FD1C75C3FD2
:10EF7000B53E013FA3FA5C3FE4E7003F532D5D3F00
:10EF8000FF90003FE15F5D3F063A003F4D925D3FDD
:10EF9000F3C5FF3E97C45D3FB217FF3EBEF65D3F2F
:10EFA0004A69FE3EC3285E3FBBBAFD3EA65A5E3F9D
:10EFB000040CFD3E678C5E3F275DFC3E05BE5E3F58
:10EFC00022AEFB3E81EF5E3FF7FEFA3EDB205F3F65
:10EFD000A54FFA3E12525F3F2DA0F93E27835F3FB7
:10EFE0008EF0F83E19B45F3FC840F83EE9E45F3F59
:10EFF000DC90F73E9615603FCBE0F63E2146603F41
:10F000009330F63E8976603F3580F53ECFA6603F6F
:10F01000B1CFF43EF2D6603F071FF43EF206613FE7
:10F02000386EF33ED036613F43BDF23E8A66613FA3
:10F03000290CF23E2296613FEA5AF13E98C5613FA3
:10F0400085A9F03EEAF4613FFBF7EF3E1A24623FE8
:10F050004C46EF3E2653623F7994EE3E1082623F6B
:10F0600080E2ED3ED7B0623F6330ED3E7BDF623F32
:10F07000217EEC3EFC0D633FBBCBEB3E5A3C633F35
:10F080003019EB3E956A633F8166EA3EAC98633F78
:10F09000AEB3E93EA1C6633FB700E93E73F4633FF8
:10F0A0009C4DE83E2122643F5D9AE73EAC4F643FB1
:10F0B000FBE6E63E147D643F7533E63E59AA643FA5
:10F0C000CB7FE53E7BD7643FFECBE43E7904653FD2
:10F0D0000E18E43E5431653FFA63E33E0B5E653F34
:10F0E000C4AFE23EA08A653F6AFBE13E10B7653FD0
:10F0F000EE46E13E5EE3653F4F92E03E880F663F9D
:10F100008DDDDF3E8E3B663FA928DF3E7167663F9F
:10F11000A273DE3E3093663F79BEDD3ECCBE663FD5
:10F120002E09DD3E45EA663FC153DC3E9915673F37
:10F13000319EDB3ECA40673F80E8DA3ED86B673FCE
:10F14000AD32DA3EC196673FB97CD93E87C1673F91
:10F15000A3C6D83E2AEC673F6B10D83EA816683F7E
:10F16000135AD73E0341683F99A3D63E396B683F97
:10F17000FDECD53E4C95683F4136D53E3CBF683FDF
:10F18000647FD43E07E9683F67C8D33EAE12693F4B
:10F190004811D33E323C693F095AD23E9165693FDE
:10F1A000AAA2D13ECC8E693F2AEBD03EE4B7693F9C
:10F1B0008A33D03ED7E0693FCA7BCF3EA7096A3F7A
:10F1C000EAC3CE3E52326A3FEA0BCE3ED95A6A3F7C
:10F1D000CA53CD3E3C836A3F8B9BCC3E7BAB6A3FA0
:10F1E0002CE3CB3E95D36A3FAE2ACB3E8CFB6A3FE5
:10F1F0001072CA3E5E236B3F53B9C93E0C4B6B3F46
:10F200007700C93E95726B3F7C47C83EFB996B3FC8
:10F21000628EC73E3BC16B3F29D5C63E58E86B3F67
:10F22000D21BC63E500F6C3F5C62C53E24366C3F1D
:10F23000C8A8C43ED45C6C3F15EFC33E5E836C3FF0
:10F240004435C33EC5A96C3F557BC23E07D06C3FD9
:10F2500048C1C13E24F66C3F1E07C13E1D1C6D3FD8
:10F26000D54CC03EF2416D3F6F92BF3EA1676D3FEE
:10F27000EBD7BE3E2D8D6D3F4A1DBE3E93B26D3F16
:10F280008B62BD3ED5D76D3FAFA7BC3EF2FC6D3F54
:10F29000B6ECBB3EEB216E3FA031BB3EBE466E3F9F
:10F2A0006E76BA3E6D6B6E3F1EBBB93EF88F6E3FF9
:10F2B000B2FFB83E5DB46E3F2A44B83E9ED86E3F62
:10F2C0008488B73EBAFC6E3FC3CCB63EB0206F3FD9
:10F2D000E610B63E83446F3FEC54B53E30686F3F56
:10F2E000D698B43EB88B6F3FA5DCB33E1BAF6F3FE3
:10F2F0005820B33E5AD26F3FEF63B23E73F56F3F73
:10F300006BA7B13E6718703FCBEAB03E373B703F0A
:10F31000102EB03EE15D703F3A71AF3E6680703FA7
:10F3200049B4AE3EC6A2703F3CF7AD3E02C5703F49
:10F33000153AAD3E17E7703FD47CAC3E0809713FEB
:10F3400077BFAB3ED42A713F0102AB3E7A4C713F8E
:10F350006F44AA3EFB6D713FC486A93E578F713F33
:10F36000FEC8A83E8EB0713F1F0BA83E9FD1713FD3
:10F37000254DA73E8CF2713F128FA63E5213723F6D
:10F38000E5D0A53EF433723F9F12A53E7054723F04
:10F390003F54A43EC774723FC595A33EF894723F94
:10F3A00033D7A23E04B5723F8718A23EEBD4723F1A
:10F3B000C259A13EACF4723FE59AA03E4714733F98
:10F3C000EEDB9F3EBE33733FDF1C9F3E0E53733F09
:10F3D000B85D9E3E3972733F789E9D3E3F91733F6C
:10F3E00020DF9C3E1FB0733FAF1F9C3ED9CE733FC2
:10F3F00027609B3E6EED733F86A09A3EDD0B743F07
:10F40000CEE0993E272A743FFE20993E4B48743F38
:10F410001661983E4966743F17A1973E2284743F57
:10F4200000E1963ED5A1743FD220963E62BF743F64
:10F430008D60953EC9DC743F31A0943E0BFA743F59
:10F44000BFDF933E2717753F351F933E1D34753F31
:10F45000945E923EED50753FDD9D913E976D753FF8
:10F4600010DD903E1C8A753F2C1C903E7BA6753F9C
:10F47000325B8F3EB3C2753F229A8E3EC6DE753F29
:10F48000FCD88D3EB3FA753FC0178D3E7A16763F95
:10F490006E568C3E1B32763F07958B3E974D763FDE
:10F4A0008AD38A3EEC68763FF8118A3E1B84763F09
:10F4B0005050893E249F763F938E883E07BA763F10
:10F4C000C1CC873EC4D4763FDA0A873E5BEF763FF5
:10F4D000DF48863ECC09773FCE86853E1724773FAE
:10F4E000AAC4843E3C3E773F7002843E3A58773F40
:10F4F0002240833E1372773FC07D823EC58B773FAB
:10F500004ABB813E51A5773FC0F8803EB7BE773FEA
:10F510002236803EF7D7773FE1E67E3E10F1773F17
:10F5200056617D3E040A783FA4DB7B3ED122783FC2
:10F53000CB557A3E773B783FCCCF783EF853783F37
:10F54000A649773E526C783F5AC3753E8684783F11
:10F55000E83C743E939C783F51B6723E7BB4783F52
:10F56000942F713E3BCC783FB2A86F3ED6E3783FF4
:10F57000AB216E3E4AFB783F7F9A6C3E9812793FF2
:10F580002F136B3EBF29793FBA8B693EC040793F4C
:10F590002204683E9A57793F667C663E4E6E793FFC
:10F5A00086F4643EDC84793F836C633E439B793F01
:10F5B0005CE4613E83B1793F135C603E9DC7793F57
:10F5C000A8D35E3E91DD793F1A4B5D3E5EF3793FF5
:10F5D0006AC25B3E04097A3F97395A3E841E7A3FDD
:10F5E000A4B0583EDD337A3F8F27573E10497A3F0B
:10F5F000589E553E1C5E7A3F0115543E02737A3F79
:10F60000898B523EC1877A3FF101513E599C7A3F26
:10F6100038784F3ECBB07A3F60EE4D3E16C57A3F0C
:10F6200067644C3E3AD97A3F4FDA4A3E37ED7A3F2B
:10F630001850493E0E017B3FC2C5473EBE147B3F7A
:10F640004D3B463E48287B3FB9B0443EAB3B7B3FF9
:10F650000726433EE74E7B3F379B413EFC617B3FA5
:10F660004910403EEA747B3F3E853E3EB2877B3F79
:10F6700015FA3C3E539A7B3FCF6E3B3ECDAC7B3F71
:10F680006CE3393E20BF7B3FEC57383E4DD17B3F8A
:10F6900050CC363E53E37B3F9840353E31F57B3FBF
:10F6A000C4B4333EE9067C3FD428323E7A187C3F0E
:10F6B000C99C303EE5297C3FA2102F3E283B7C3F71
:10F6C00061842D3E444C7C3F04F82B3E3A5D7C3FE8
:10F6D0008D6B2A3E086E7C3FFCDE283EB07E7C3F70
:10F6E0005152273E318F7C3F8CC5253E8A9F7C3FFF
:10F6F000AD38243EBDAF7C3FB6AB223EC9BF7C3F98
:10F70000A51E213EAECF7C3F7B911F3E6CDF7C3F30
:10F7100038041E3E03EF7C3FDE761C3E73FE7C3FCA
:10F720006BE91A3EBC0D7D3FE05B193EDD1C7D3F61
:10F730003DCE173ED82B7D3F8340163EAC3A7D3FF1
:10F74000B2B2143E59497D3FCA24133EDE577D3F75
:10F75000CC96113E3D667D3FB708103E74747D3FE8
:10F760008B7A0E3E85827D3F4AEC0C3E6E907D3F4B
:10F77000F35D0B3E309E7D3F86CF093ECCAB7D3F97
:10F780000541083E40B97D3F6EB2063E8CC67D3FC6
:10F79000C223053EB2D37D3F0295033EB1E07D3FDB
:10F7A0002E06023E88ED7D3F4577003E38FA7D3FCC
:10F7B00092D0FD3DC2067E3F73B2FA3D24137E3FD8
:10F7C0002C94F73D5E1F7E3FC075F43D722B7E3F4B
:10F7D0002E57F13D5E377E3F7638EE3D23437E3F28
:10F7E0009A19EB3DC14E7E3F9AFAE73D385A7E3F6B
:10F7F00076DBE43D88657E3F2EBCE13DB0707E3F08
:10F80000C49CDE3DB17B7E3F377DDB3D8B867E3FFA
:10F81000895DD83D3D917E3FB93DD53DC99B7E3F39
:10F82000C81DD23D2DA67E3FB7FDCE3D69B07E3FBF
:10F8300086DDCB3D7FBA7E3F36BDC83D6DC47E3F81
:10F84000C69CC53D34CE7E3F397CC23DD4D77E3F79
:10F850008D5BBF3D4CE17E3FC33ABC3D9DEA7E3FA0
:10F86000DD19B93DC7F37E3FDAF8B53DC9FC7E3FEF
:10F87000BBD7B23DA4057F3F80B6AF3D580E7F3F5A
:10F880002B95AC3DE4167F3FBA73A93D491F7F3FDE
:10F890003052A63D87277F3F8C30A33D9D2F7F3F71
:10F8A000CF0EA03D8D377F3FF9EC9C3D543F7F3F0D
:10F8B0000ACB993DF4467F3F05A9963D6D4E7F3FAB
:10F8C000E786933DBF557F3FB464903DE95C7F3F41
:10F8D0006A428D3DEC637F3F0A208A3DC76A7F3FC5
:10F8E00094FD863D7B717F3F0ADB833D08787F3F37
:10F8F0006CB8803D6D7E7F3F742B7B3DAB847F3F3A
:10F90000E9E5743DC28A7F3F38A06E3DB1907F3FEC
:10F91000625A683D78967F3F6814623D189C7F3F2D
:10F920004CCE5B3D91A17F3F0E88553DE3A67F3FC6
:10F93000AF414F3D0DAC7F3F2FFB483D0FB17F3FA7
:10F9400091B4423DEAB57F3FD56D3C3D9EBA7F3FC5
:10F95000FC26363D2ABF7F3F07E02F3D8FC37F3F08
:10F96000F698293DCCC77F3FCC51233DE2CB7F3F6A
:10F97000880A1D3DD1CF7F3F2CC3163D98D37F3FD2
:10F98000B87B103D37D77F3F2F340A3DAFDA7F3F3A
:10F9900090EC033D00DE7F3FB949FB3C29E17F3F0E
:10F9A0002DBAEE3C2BE47F3F7B2AE23C05E77F3F0C
:10F9B000A69AD53CB8E97F3FB00AC93C43EC7F3FEB
:10F9C0009B7ABC3CA7EE7F3F69EAAF3CE3F07F3F08
:10F9D0001C5AA33CF8F27F3FB6C9963CE6F47F3F41
:10F9E00038398A3CACF67F3F4B517B3C4AF87F3F2D
:10F9F0000030623CC1F97F3F900E493C11FB7F3FD4
:10FA000002ED2F3C39FC7F3F59CB163C39FD7F3F3F
:10FA10003053FB3B13FE7F3F890FC93BC4FE7F3F42
:10FA2000C1CB963B4EFF7F3FC70F493BB1FF7F3FA6
:10FA3000D40FC93AECFF7F3F000000000000803F78
:10FA4000D40FC9BAECFF7F3FC70F49BBB1FF7F3F5F
:10FA5000C1CB96BB4EFF7F3F890FC9BBC4FE7F3F22
:10FA60003053FBBB13FE7F3F59CB16BC39FD7F3FA4
:10FA700002ED2FBC39FC7F3F900E49BC11FB7F3F4C
:10FA8000003062BCC1F97F3F4B517BBC4AF87F3FDD
:10FA900038398ABCACF67F3FB6C996BCE6F47F3FE6
:10FAA0001C5AA3BCF8F27F3F69EAAFBCE3F07F3F8A
:10FAB0009B7ABCBCA7EE7F3FB00AC9BC43EC7F3F3A
:10FAC000A69AD5BCB8E97F3F7B2AE2BC05E77F3F19
:10FAD0002DBAEEBC2BE47F3FB949FBBC29E17F3F47
:10FAE00090EC03BD00DE7F3F2F340ABDAFDA7F3FCD
:10FAF000B87B10BD37D77F3F2CC316BD98D37F3F4F
:10FB0000880A1DBDD1CF7F3FCC5123BDE2CB7F3FC3
:10FB1000F69829BDCCC77F3F07E02FBD8FC37F3F3D
:10FB2000FC2636BD2ABF7F3FD56D3CBD9EBA7F3FC8
:10FB300091B442BDEAB57F3F2FFB48BD0FB17F3F77
:10FB4000AF414FBD0DAC7F3F0E8855BDE3A67F3F53
:10FB50004CCE5BBD91A17F3F681462BD189C7F3F76
:10FB6000625A68BD78967F3F38A06EBDB1907F3FE6
:10FB7000E9E574BDC28A7F3F742B7BBDAB847F3FB8
:10FB80006CB880BD6D7E7F3F0ADB83BD08787F3F08
:10FB900094FD86BD7B717F3F0A208ABDC76A7F3F87
:10FBA0006A428DBDEC637F3FB46490BDE95C7F3FEA
:10FBB000E78693BDBF557F3F05A996BD6D4E7F3F3C
:10FBC0000ACB99BDF4467F3FF9EC9CBD543F7F3F83
:10FBD000CF0EA0BD8D377F3F8C30A3BD9D2F7F3FC3
:10FBE0003052A6BD87277F3FBA73A9BD491F7F3F0B
:10FBF0002B95ACBDE4167F3F80B6AFBD580E7F3F5E
:10FC0000BBD7B2BDA4057F3FDAF8B5BDC9FC7E3FC6
:10FC1000DD19B9BDC7F37E3FC33ABCBD9DEA7E3F47
:10FC20008D5BBFBD4CE17E3F397CC2BDD4D77E3FEA
:10FC3000C69CC5BD34CE7E3F36BDC8BD6DC47E3FBB
:10FC400086DDCBBD7FBA7E3FB7FDCEBD69B07E3FBE
:10FC5000C81DD2BD2DA67E3FB93DD5BDC99B7E3FF7
:10FC6000895DD8BD3D917E3F377DDBBD8B867E3F74
:10FC7000C49CDEBDB17B7E3F2EBCE1BDB0707E3F3B
:10FC800076DBE4BD88657E3F9AFAE7BD385A7E3F51
:10FC90009A19EBBDC14E7E3F7638EEBD23437E3FC1
:10FCA0002E57F1BD5E377E3FC075F4BD722B7E3F8F
:10FCB0002C94F7BD5E1F7E3F73B2FABD24137E3FC6
:10FCC00092D0FDBDC2067E3F457700BE38FA7D3F2B
:10FCD0002E0602BE88ED7D3F029503BEB1E07D3F5A
:10FCE000C22305BEB2D37D3F6EB206BE8CC67D3F39
:10FCF000054108BE40B97D3F86CF09BECCAB7D3FF4
:10FD0000F35D0BBE309E7D3F4AEC0CBE6E907D3F96
:10FD10008B7A0EBE85827D3FB70810BE74747D3F1E
:10FD2000CC9611BE3D667D3FCA2413BEDE577D3F93
:10FD3000B2B214BE59497D3F834016BEAC3A7D3FF6
:10FD40003DCE17BED82B7D3FE05B19BEDD1C7D3F4D
:10FD50006BE91ABEBC0D7D3FDE761CBE73FE7C3F98
:10FD600038041EBE03EF7C3F7B911FBE6CDF7C3FDF
:10FD7000A51E21BEAECF7C3FB6AB22BEC9BF7C3F25
:10FD8000AD3824BEBDAF7C3F8CC525BE8A9F7C3F6D
:10FD9000515227BE318F7C3FFCDE28BEB07E7C3FB7
:10FDA0008D6B2ABE086E7C3F04F82BBE3A5D7C3F0B
:10FDB00061842DBE444C7C3FA2102FBE283B7C3F6B
:10FDC000C99C30BEE5297C3FD42832BE7A187C3FDE
:10FDD000C4B433BEE9067C3F984035BE31F57B3F65
:10FDE00050CC36BE53E37B3FEC5738BE4DD17B3F02
:10FDF0006CE339BE20BF7B3FCF6E3BBECDAC7B3FBB
:10FE000015FA3CBE539A7B3F3E853EBEB2877B3F90
:10FE1000491040BEEA747B3F379B41BEFC617B3F8B
:10FE2000072643BEE74E7B3FB9B044BEAB3B7B3FAA
:10FE30004D3B46BE48287B3FC2C547BEBE147B3FF4
:10FE4000185049BE0E017B3F4FDA4ABE37ED7A3F6C
:10FE500067644CBE3AD97A3F60EE4DBE16C57A3F14
:10FE600038784FBECBB07A3FF10151BE599C7A3FF2
:10FE7000898B52BEC1877A3F011554BE02737A3F07
:10FE8000589E55BE1C5E7A3F8F2757BE10497A3F59
:10FE9000A4B058BEDD337A3F97395ABE841E7A3FEC
:10FEA0006AC25BBE04097A3F1A4B5DBE5EF3793FBE
:10FEB000A8D35EBE91DD793F135C60BE9DC7793FDC
:10FEC0005CE461BE83B1793F836C63BE439B793F41
:10FED00086F464BEDC84793F667C66BE4E6E793FF4
:10FEE000220468BE9A57793FBA8B69BEC040793FF9
:10FEF0002F136BBEBF29793F7F9A6CBE9812793F52
:10FF0000AB216EBE4AFB783FB2A86FBED6E3783F06
:10FF1000942F71BE3BCC783F51B672BE7BB4783F14
:10FF2000E83C74BE939C783F5AC375BE8684783F84
:10FF3000A64977BE526C783FCCCF78BEF853783F55
:10FF4000CB557ABE773B783FA4DB7BBED122783F8E
:10FF500056617DBE040A783FE1E67EBE10F1773F30
:10FF6000223680BEF7D7773FC0F880BEB7BE773F56
:10FF70004ABB81BE51A5773FC07D82BEC58B773F0E
:10FF8000224083BE1372773F700284BE3A58773F97
:10FF9000AAC484BE3C3E773FCE8685BE1724773FF9
:10FFA000DF4886BECC09773FDA0A87BE5BEF763F33
:10FFB000C1CC87BEC4D4763F938E88BE07BA763F45
:10FFC000505089BE249F763FF8118ABE1B84763F2D
:10FFD0008AD38ABEEC68763F07958BBE974D763FF5
:10FFE0006E568CBE1B32763FC0178DBE7A16763F9A
:10FFF000FCD88DBEB3FA753F229A8EBEC6DE753F21
:020000040802F0
:10000000325B8FBEB3C2753F2C1C90BE7BA6753F82
:1000100010DD90BE1C8A753FDD9D91BE976D753FCA
:10002000945E92BEED50753F351F93BE1D34753FF3
:10003000BFDF93BE2717753F31A094BE0BFA743F04
:100040008D6095BEC9DC743FD22096BE62BF743FFE
:1000500000E196BED5A1743F17A197BE2284743FDC
:10006000166198BE4966743FFE2099BE4B48743FA6
:10007000CEE099BE272A743F86A09ABEDD0B743F5E
:1000800027609BBE6EED733FAF1F9CBED9CE733F02
:1000900020DF9CBE1FB0733F789E9DBE3F91733F93
:1000A000B85D9EBE3972733FDF1C9FBE0E53733F17
:1000B000EEDB9FBEBE33733FE59AA0BE4714733F8D
:1000C000C259A1BEACF4723F8718A2BEEBD4723FF6
:1000D00033D7A2BE04B5723FC595A3BEF894723F54
:1000E0003F54A4BEC774723F9F12A5BE7054723FA6
:1000F000E5D0A5BEF433723F128FA6BE5213723FF5
:10010000254DA7BE8CF2713F1F0BA8BE9FD1713F3A
:10011000FEC8A8BE8EB0713FC486A9BE578F713F7E
:100120006F44AABEFB6D713F0102ABBE7A4C713FBA
:1001300077BFABBED42A713FD47CACBE0809713FF7
:10014000153AADBE17E7703F3CF7ADBE02C5703F34
:1001500049B4AEBEC6A2703F3A71AFBE6680703F72
:10016000102EB0BEE15D703FCBEAB0BE373B703FB2
:100170006BA7B1BE6718703FEF63B2BE73F56F3FF8
:100180005820B3BE5AD26F3FA5DCB3BE1BAF6F3F42
:10019000D698B4BEB88B6F3FEC54B5BE30686F3F95
:1001A000E610B6BE83446F3FC3CCB6BEB0206F3FEF
:1001B0008488B7BEBAFC6E3F2A44B8BE9ED86E3F54
:1001C000B2FFB8BE5DB46E3F1EBBB9BEF88F6E3FC6
:1001D0006E76BABE6D6B6E3FA031BBBEBE466E3F43
:1001E000B6ECBBBEEB216E3FAFA7BCBEF2FC6D3FD1
:1001F0008B62BDBED5D76D3F4A1DBEBE93B26D3F6B
:10020000EBD7BEBE2D8D6D3F6F92BFBEA1676D3F18
:10021000D54CC0BEF2416D3F1E07C1BE1D1C6D3FD7
:1002200048C1C1BE24F66C3F557BC2BE07D06C3FAF
:100230004435C3BEC5A96C3F15EFC3BE5E836C3F9A
:10024000C8A8C4BED45C6C3F5C62C5BE24366C3F9B
:10025000D21BC6BE500F6C3F29D5C6BE58E86B3FB7
:10026000628EC7BE3BC16B3F7C47C8BEFB996B3FEC
:100270007700C9BE95726B3F53B9C9BE0C4B6B3F3B
:100280001072CABE5E236B3FAE2ACBBE8CFB6A3FA8
:100290002CE3CBBE95D36A3F8B9BCCBE7BAB6A3F36
:1002A000CA53CDBE3C836A3FEA0BCEBED95A6A3FE1
:1002B000EAC3CEBE52326A3FCA7BCFBEA7096A3FAD
:1002C0008A33D0BED7E0693F2AEBD0BEE4B7693F9E
:1002D000AAA2D1BECC8E693F095AD2BE9165693FB0
:1002E0004811D3BE323C693F67C8D3BEAE12693FE6
:1002F000647FD4BE07E9683F4136D5BE3CBF683F46
:10030000FDECD5BE4C95683F99A3D6BE396B683FCE
:10031000135AD7BE0341683F6B10D8BEA816683F7A
:10032000A3C6D8BE2AEC673FB97CD9BE87C1673F58
:10033000AD32DABEC196673F80E8DABED86B673F60
:10034000319EDBBECA40673FC153DCBE9915673F93
:100350002E09DDBE45EA663F79BEDDBECCBE663FF6
:10036000A273DEBE3093663FA928DFBE7167663F89
:100370008DDDDFBE8E3B663F4F92E0BE880F663F4D
:10038000EE46E1BE5EE3653F6AFBE1BE10B7653F46
:10039000C4AFE2BEA08A653FFA63E3BE0B5E653F71
:1003A0000E18E4BE5431653FFECBE4BE7904653FD0
:1003B000CB7FE5BE7BD7643F7533E6BE59AA643F69
:1003C000FBE6E6BE147D643F5D9AE7BEAC4F643F3A
:1003D0009C4DE8BE2122643FB700E9BE73F4633F41
:1003E000AEB3E9BEA1C6633F8166EABEAC98633F87
:1003F0003019EBBE956A633FBBCBEBBE5A3C633F03
:10040000217EECBEFC0D633F6330EDBE7BDF623FBF
:1004100080E2EDBED7B0623F7994EEBE1082623FBB
:100420004C46EFBE2653623FFBF7EFBE1A24623FF5
:1004300085A9F0BEEAF4613FEA5AF1BE98C5613F72
:10044000290CF2BE2296613F43BDF2BE8A66613F2F
:10045000386EF3BED036613F071FF4BEF206613F2F
:10046000B1CFF4BEF2D6603F3580F5BECFA6603F77
:100470009330F6BE8976603FCBE0F6BE2146603F02
:10048000DC90F7BE9615603FC840F8BEE9E45F3FD8
:100490008EF0F8BE19B45F3F2DA0F9BE27835F3FF1
:1004A000A54FFABE12525F3FF7FEFABEDB205F3F58
:1004B00022AEFBBE81EF5E3F275DFCBE05BE5E3F08
:1004C000040CFDBE678C5E3FBBBAFDBEA65A5E3F04
:1004D0004A69FEBEC3285E3FB217FFBEBEF65D3F4F
:1004E000F3C5FFBE97C45D3F063A00BF4D925D3F26
:1004F000FF9000BFE15F5D3FE4E700BF532D5D3F2C
:10050000B53E01BFA3FA5C3F739501BFD1C75C3F05
:100510001CEC01BFDD945C3FB14202BFC7615C3F90
:10052000329902BF8E2E5C3F9FEF02BF34FB5B3FD0
:10053000F84503BFB8C75B3F3D9C03BF1A945B3FC0
:100540006DF203BF5A605B3F894804BF792C5B3F63
:10055000919E04BF75F85A3F84F404BF50C45A3FBB
:10056000624A05BF09905A3F2CA005BFA05B5A3FC5
:10057000E2F505BF16275A3F824B06BF6AF2593F84
:100580000EA106BF9CBD593F86F606BFAD88593FF8
:10059000E84B07BF9C53593F36A107BF6A1E593F1E
:1005A0006FF607BF17E9583F924B08BFA1B3583FFA
:1005B000A1A008BF0B7E583F9BF508BF5348583F8A
:1005C0007F4A09BF7912583F4E9F09BF7FDC573FD2
:1005D00009F409BF63A6573FAD480ABF2670573FCD
:1005E0003D9D0ABFC739573FB7F10ABF4803573F80
:1005F0001C460BBFA7CC563F6B9A0BBFE595563FE9
:10060000A5EE0BBF025F563FC9420CBFFE27563F07
:10061000D7960CBFD9F0553FD0EA0CBF93B9553FE0
:10062000B33E0DBF2C82553F81920DBFA44A553F6A
:1006300038E60DBFFB12553FDA390EBF31DB543FB0
:10064000658D0EBF47A3543FDBE00EBF3B6B543FAD
:100650003B340FBF0F33543F84870FBFC3FA533F60
:10066000B8DA0FBF55C2533FD52D10BFC789533FCE
:10067000DC8010BF1851533FCDD310BF4918533FF2
:10068000A72611BF59DF523F6B7911BF49A6523FD0
:1006900019CC11BF186D523FB01E12BFC633523F66
:1006A000307112BF54FA513F9AC312BFC2C0513FBA
:1006B000EE1513BF1087513F2A6813BF3D4D513FC0
:1006C00050BA13BF4A13513F5F0C14BF37D9503F84
:1006D000585E14BF039F503F39B014BFAF64503F02
:1006E000040215BF3B2A503FB75315BFA8EF4F3F39
:1006F00054A515BFF4B44F3FD9F615BF1F7A4F3F2D
:10070000474816BF2B3F4F3F9F9916BF17044F3FD7
:10071000DFEA16BFE4C84E3F073C17BF908D4E3F3F
:10072000188D17BF1C524E3F12DE17BF89164E3F61
:10073000F52E18BFD5DA4D3FC07F18BF029F4D3F41
:1007400073D018BF10634D3F0F2119BFFD264D3FD9
:10075000947119BFCBEA4C3F00C219BF79AE4C3F30
:1007600055121ABF08724C3F93621ABF78354C3F3E
:10077000B8B21ABFC7F84B3FC6021BBFF8BB4B3F0E
:10078000BB521BBF097F4B3F99A21BBFFA414B3F96
:100790005FF21BBFCC044B3F0C421CBF7FC74A3FDC
:1007A000A2911CBF138A4A3F1FE11CBF874C4A3FDE
:1007B00084301DBFDC0E4A3FD17F1DBF12D1493F9F
:1007C00006CF1DBF2993493F221E1EBF2155493F19
:1007D000266D1EBFFA16493F12BC1EBFB3D8483F54
:1007E000E50A1FBF4E9A483F9F591FBFCA5B483F4B
:1007F00041A81FBF271D483FCBF61FBF65DE473FFF
:100800003B4520BF849F473F939320BF8560473F70
:10081000D2E120BF6721473FF92F21BF2AE2463F9F
:10082000067E21BFCEA2463FFBCB21BF5463463F8D
:10083000D71922BFBB23463F996722BF03E4453F38
:1008400043B522BF2DA4453FD30223BF3964453FA2
:100850004B5023BF2624453FA99D23BFF5E3443FCA
:10086000EEEA23BFA5A3443F1A3824BF3763443FB1
:100870002C8524BFAB22443F25D224BF00E2433F56
:10088000041F25BF38A1433FCB6B25BF5160433FB9
:1008900077B825BF4C1F433F0A0526BF29DE423FDC
:1008A000845126BFE89C423FE39D26BF895B423FBF
:1008B0002AEA26BF0B1A423F563627BF70D8413F5F
:1008C000688227BFB796413F61CE27BFE154413FC1
:1008D000401A28BFEC12413F056628BFDAD0403FDE
:1008E000B0B128BFA98E403F41FD28BF5C4C403FBE
:1008F000B84829BFF009403F159429BF67C73F3F5B
:1009000057DF29BFC0843F3F802A2ABFFC413F3FB9
:100910008E752ABF1BFF3E3F82C02ABF1BBC3E3FD5
:100920005B0B2BBFFF783E3F1B562BBFC5353E3FB1
:10093000BFA02BBF6EF23D3F4AEB2BBFF9AE3D3F50
:10094000B9352CBF676B3D3F0F802CBFB8273D3FAB
:1009500049CA2CBFECE33C3F69142DBF03A03C3FC8
:100960006F5E2DBFFC5B3C3F59A82DBFD9173C3FA4
:1009700029F22DBF98D33B3FDE3B2EBF3B8F3B3F41
:1009800078852EBFC14A3B3FF7CE2EBF29063B3F9D
:100990005B182FBF75C13A3FA5612FBFA47C3A3FBA
:1009A000D3AA2FBFB7373A3FE6F32FBFACF2393F98
:1009B000DE3C30BF85AD393FBB8530BF4268393F33
:1009C0007CCE30BFE122393F221731BF65DD383F91
:1009D000AD5F31BFCB97383F1DA831BF1652383FAE
:1009E00071F031BF430C383FAA3832BF55C6373F8C
:1009F000C78032BF4A80373FC9C832BF233A373F2A
:100A0000AF1033BFDFF3363F7A5833BF7FAD363F89
:100A100029A033BF0467363FBCE733BF6C20363FA5
:100A2000342F34BFB8D9353F8F7634BFE792353F86
:100A3000CFBD34BFFB4B353FF30435BFF304353F27
:100A4000FB4B35BFCFBD343FE79235BF8F76343F88
:100A5000B8D935BF342F343F6C2036BFBCE7333FA5
:100A6000046736BF29A0333F7FAD36BF7A58333F86
:100A7000DFF336BFAF10333F233A37BFC9C8323F29
:100A80004A8037BFC780323F55C637BFAA38323F8A
:100A9000430C38BF71F0313F165238BF1DA8313FAB
:100AA000CB9738BFAD5F313F65DD38BF2217313F8F
:100AB000E12239BF7CCE303F426839BFBB85303F31
:100AC00085AD39BFDE3C303FACF239BFE6F32F3F96
:100AD000B7373ABFD3AA2F3FA47C3ABFA5612F3FB7
:100AE00075C13ABF5B182F3F29063BBFF7CE2E3F9B
:100AF000C14A3BBF78852E3F3B8F3BBFDE3B2E3F3D
:100B000098D33BBF29F22D3FD9173CBF59A82D3FA1
:100B1000FC5B3CBF6F5E2D3F03A03CBF69142D3FC3
:100B2000ECE33CBF49CA2C3FB8273DBF0F802C3FA8
:100B3000676B3DBFB9352C3FF9AE3DBF4AEB2B3F4C
:100B40006EF23DBFBFA02B3FC5353EBF1B562B3FAE
:100B5000FF783EBF5B0B2B3F1BBC3EBF82C02A3FD2
:100B60001BFF3EBF8E752A3FFC413FBF802A2A3FB4
:100B7000C0843FBF57DF293F67C73FBF1594293F58
:100B8000F00940BFB848293F5C4C40BF41FD283FB9
:100B9000A98E40BFB0B1283FDAD040BF0566283FDC
:100BA000EC1241BF401A283FE15441BF61CE273FBC
:100BB000B79641BF6882273F70D841BF5636273F5E
:100BC0000B1A42BF2AEA263F895B42BFE39D263FBC
:100BD000E89C42BF8451263F29DE42BF0A05263FDA
:100BE0004C1F43BF77B8253F516043BFCB6B253FB8
:100BF00038A143BF041F253F00E243BF25D2243F55
:100C0000AB2244BF2C85243F376344BF1A38243FAE
:100C1000A5A344BFEEEA233FF5E344BFA99D233FCC
:100C2000262445BF4B50233F396445BFD302233FA1
:100C30002DA445BF43B5223F03E445BF9967223F3A
:100C4000BB2346BFD719223F546346BFFBCB213F8E
:100C5000CEA246BF067E213F2AE246BFF92F213FA2
:100C6000672147BFD2E1203F856047BF9393203F74
:100C7000849F47BF3B45203F65DE47BFCBF61F3F04
:100C8000271D48BF41A81F3FCA5B48BF9F591F3F50
:100C90004E9A48BFE50A1F3FB3D848BF12BC1E3F5B
:100CA000FA1649BF266D1E3F215549BF221E1E3F21
:100CB000299349BF06CF1D3F12D149BFD17F1D3FA8
:100CC000DC0E4ABF84301D3F874C4ABF1FE11C3FEA
:100CD000138A4ABFA2911C3F7FC74ABF0C421C3FE8
:100CE000CC044BBF5FF21B3FFA414BBF99A21B3FA5
:100CF000097F4BBFBB521B3FF8BB4BBFC6021B3F1C
:100D0000C7F84BBFB8B21A3F78354CBF93621A3F51
:100D100008724CBF55121A3F79AE4CBF00C2193F42
:100D2000CBEA4CBF9471193FFD264DBF0F21193FEF
:100D300010634DBF73D0183F029F4DBFC07F183F57
:100D4000D5DA4DBFF52E183F89164EBF12DE173F7C
:100D50001C524EBF188D173F908D4EBF073C173F5A
:100D6000E4C84EBFDFEA163F17044FBF9F99163FF6
:100D70002B3F4FBF4748163F1F7A4FBFD9F6153F4D
:100D8000F4B44FBF54A5153FA8EF4FBFB753153F5D
:100D90003B2A50BF0402153FAF6450BF39B0143F27
:100DA000039F50BF585E143F37D950BF5F0C143FAC
:100DB0004A1351BF50BA133F3D4D51BF2A68133FEC
:100DC000108751BFEE15133FC2C051BF9AC3123FE7
:100DD00054FA51BF3071123FC63352BFB01E123F9A
:100DE000186D52BF19CC113F49A652BF6B79113F04
:100DF00059DF52BFA726113F491853BFCDD3103F2B
:100E0000185153BFDC80103FC78953BFD52D103F09
:100E100055C253BFB8DA0F3FC3FA53BF84870F3FA1
:100E20000F3354BF3B340F3F3B6B54BFDBE00E3FEF
:100E300047A354BF658D0E3F31DB54BFDA390E3FF7
:100E4000FB1255BF38E60D3FA44A55BF81920D3FB6
:100E50002C8255BFB33E0D3F93B955BFD0EA0C3F2E
:100E6000D9F055BFD7960C3FFE2756BFC9420C3F5D
:100E7000025F56BFA5EE0B3FE59556BF6B9A0B3F41
:100E8000A7CC56BF1C460B3F480357BFB7F10A3FDC
:100E9000C73957BF3D9D0A3F267057BFAD480A3F2F
:100EA00063A657BF09F4093F7FDC57BF4E9F093F38
:100EB000791258BF7F4A093F534858BF9BF5083FF6
:100EC0000B7E58BFA1A0083FA1B358BF924B083F6B
:100ED00017E958BF6FF6073F6A1E59BF36A1073F93
:100EE0009C5359BFE84B073FAD8859BF86F6063F74
:100EF0009CBD59BF0EA1063F6AF259BF824B063F07
:100F000016275ABFE2F5053FA05B5ABF2CA0053F4C
:100F100009905ABF624A053F50C45ABF84F4043F47
:100F200075F85ABF919E043F792C5BBF8948043FF6
:100F30005A605BBF6DF2033F1A945BBF3D9C033F59
:100F4000B8C75BBFF845033F34FB5BBF9FEF023F71
:100F50008E2E5CBF3299023FC7615CBFB142023F37
:100F6000DD945CBF1CEC013FD1C75CBF7395013FB2
:100F7000A3FA5CBFB53E013F532D5DBFE4E7003FE0
:100F8000E15F5DBFFF90003F4D925DBF063A003FBD
:100F900097C45DBFF3C5FF3EBEF65DBFB217FF3E0F
:100FA000C3285EBF4A69FE3EA65A5EBFBBBAFD3E7D
:100FB000678C5EBF040CFD3E05BE5EBF275DFC3E38
:100FC00081EF5EBF22AEFB3EDB205FBFF7FEFA3E45
:100FD00012525FBFA54FFA3E27835FBF2DA0F93E97
:100FE00019B45FBF8EF0F83EE9E45FBFC840F83E39
:100FF000961560BFDC90F73E214660BFCBE0F63E21
:10100000897660BF9330F63ECFA660BF3580F53E4F
:10101000F2D660BFB1CFF43EF20661BF071FF43EC7
:10102000D03661BF386EF33E8A6661BF43BDF23E83
:10103000229661BF290CF23E98C561BFEA5AF13E83
:10104000EAF461BF85A9F03E1A2462BFFBF7EF3EC8
:10105000265362BF4C46EF3E108262BF7994EE3E4B
:10106000D7B062BF80E2ED3E7BDF62BF6330ED3E12
:10107000FC0D63BF217EEC3E5A3C63BFBBCBEB3E15
:10108000956A63BF3019EB3EAC9863BF8166EA3E58
:10109000A1C663BFAEB3E93E73F463BFB700E93ED8
:1010A000212264BF9C4DE83EAC4F64BF5D9AE73E91
:1010B000147D64BFFBE6E63E59AA64BF7533E63E85
:1010C0007BD764BFCB7FE53E790465BFFECBE43EB2
:1010D000543165BF0E18E43E0B5E65BFFA63E33E14
:1010E000A08A65BFC4AFE23E10B765BF6AFBE13EB0
:1010F0005EE365BFEE46E13E880F66BF4F92E03E7D
:101100008E3B66BF8DDDDF3E716766BFA928DF3E7F
:10111000309366BFA273DE3ECCBE66BF79BEDD3EB5
:1011200045EA66BF2E09DD3E991567BFC153DC3E17
:10113000CA4067BF319EDB3ED86B67BF80E8DA3EAE
:10114000C19667BFAD32DA3E87C167BFB97CD93E71
:101150002AEC67BFA3C6D83EA81668BF6B10D83E5E
:10116000034168BF135AD73E396B68BF99A3D63E77
:101170004C9568BFFDECD53E3CBF68BF4136D53EBF
:1011800007E968BF647FD43EAE1269BF67C8D33E2B
:10119000323C69BF4811D33E916569BF095AD23EBE
:1011A000CC8E69BFAAA2D13EE4B769BF2AEBD03E7C
:1011B000D7E069BF8A33D03EA7096ABFCA7BCF3E5A
:1011C00052326ABFEAC3CE3ED95A6ABFEA0BCE3E5C
:1011D0003C836ABFCA53CD3E7BAB6ABF8B9BCC3E80
:1011E00095D36ABF2CE3CB3E8CFB6ABFAE2ACB3EC5
:1011F0005E236BBF1072CA3E0C4B6BBF53B9C93E26
:1012000095726BBF7700C93EFB996BBF7C47C83EA8
:101210003BC16BBF628EC73E58E86BBF29D5C63E47
:10122000500F6CBFD21BC63E24366CBF5C62C53EFD
:10123000D45C6CBFC8A8C43E5E836CBF15EFC33ED0
:10124000C5A96CBF4435C33E07D06CBF557BC23EB9
:1012500024F66CBF48C1C13E1D1C6DBF1E07C13EB8
:10126000F2416DBFD54CC03EA1676DBF6F92BF3ECE
:101270002D8D6DBFEBD7BE3E93B26DBF4A1DBE3EF6
:10128000D5D76DBF8B62BD3EF2FC6DBFAFA7BC3E34
:10129000EB216EBFB6ECBB3EBE466EBFA031BB3E7F
:1012A0006D6B6EBF6E76BA3EF88F6EBF1EBBB93ED9
:1012B0005DB46EBFB2FFB83E9ED86EBF2A44B83E42
:1012C000BAFC6EBF8488B73EB0206FBFC3CCB63EB9
:1012D00083446FBFE610B63E30686FBFEC54B53E36
:1012E000B88B6FBFD698B43E1BAF6FBFA5DCB33EC3
:1012F0005AD26FBF5820B33E73F56FBFEF63B23E53
:10130000671870BF6BA7B13E373B70BFCBEAB03EEA
:10131000E15D70BF102EB03E668070BF3A71AF3E87
:10132000C6A270BF49B4AE3E02C570BF3CF7AD3E29
:1013300017E770BF153AAD3E080971BFD47CAC3ECB
:10134000D42A71BF77BFAB3E7A4C71BF0102AB3E6E
:10135000FB6D71BF6F44AA3E578F71BFC486A93E13
:101360008EB071BFFEC8A83E9FD171BF1F0BA83EB3
:101370008CF271BF254DA73E521372BF128FA63E4D
:10138000F43372BFE5D0A53E705472BF9F12A53EE4
:10139000C77472BF3F54A43EF89472BFC595A33E74
:1013A00004B572BF33D7A23EEBD472BF8718A23EFA
:1013B000ACF472BFC259A13E471473BFE59AA03E78
:1013C000BE3373BFEEDB9F3E0E5373BFDF1C9F3EE9
:1013D000397273BFB85D9E3E3F9173BF789E9D3E4C
:1013E0001FB073BF20DF9C3ED9CE73BFAF1F9C3EA2
:1013F0006EED73BF27609B3EDD0B74BF86A09A3EE7
:10140000272A74BFCEE0993E4B4874BFFE20993E18
:10141000496674BF1661983E228474BF17A1973E37
:10142000D5A174BF00E1963E62BF74BFD220963E44
:10143000C9DC74BF8D60953E0BFA74BF31A0943E39
:10144000271775BFBFDF933E1D3475BF351F933E11
:10145000ED5075BF945E923E976D75BFDD9D913ED8
:101460001C8A75BF10DD903E7BA675BF2C1C903E7C
:10147000B3C275BF325B8F3EC6DE75BF229A8E3E09
:10148000B3FA75BFFCD88D3E7A1676BFC0178D3E75
:101490001B3276BF6E568C3E974D76BF07958B3EBE
:1014A000EC6876BF8AD38A3E1B8476BFF8118A3EE9
:1014B000249F76BF5050893E07BA76BF938E883EF0
:1014C000C4D476BFC1CC873E5BEF76BFDA0A873ED5
:1014D000CC0977BFDF48863E172477BFCE86853E8E
:1014E0003C3E77BFAAC4843E3A5877BF7002843E20
:1014F000137277BF2240833EC58B77BFC07D823E8B
:1015000051A577BF4ABB813EB7BE77BFC0F8803ECA
:10151000F7D777BF2236803E10F177BFE1E67E3EF7
:10152000040A78BF56617D3ED12278BFA4DB7B3EA2
:10153000773B78BFCB557A3EF85378BFCCCF783E17
:10154000526C78BFA649773E868478BF5AC3753EF1
:10155000939C78BFE83C743E7BB478BF51B6723E32
:101560003BCC78BF942F713ED6E378BFB2A86F3ED4
:101570004AFB78BFAB216E3E981279BF7F9A6C3ED2
:10158000BF2979BF2F136B3EC04079BFBA8B693E2C
:101590009A5779BF2204683E4E6E79BF667C663EDC
:1015A000DC8479BF86F4643E439B79BF836C633EE1
:1015B00083B179BF5CE4613E9DC779BF135C603E37
:1015C00091DD79BFA8D35E3E5EF379BF1A4B5D3ED5
:1015D00004097ABF6AC25B3E841E7ABF97395A3EBD
:1015E000DD337ABFA4B0583E10497ABF8F27573EEB
:1015F0001C5E7ABF589E553E02737ABF0115543E59
:10160000C1877ABF898B523E599C7ABFF101513E06
:10161000CBB07ABF38784F3E16C57ABF60EE4D3EEC
:101620003AD97ABF67644C3E37ED7ABF4FDA4A3E0B
:101630000E017BBF1850493EBE147BBFC2C5473E5A
:1016400048287BBF4D3B463EAB3B7BBFB9B0443ED9
:10165000E74E7BBF0726433EFC617BBF379B413E85
:10166000EA747BBF4910403EB2877BBF3E853E3E59
:10167000539A7BBF15FA3C3ECDAC7BBFCF6E3B3E51
:1016800020BF7BBF6CE3393E4DD17BBFEC57383E6A
:1016900053E37BBF50CC363E31F57BBF9840353E9F
:1016A000E9067CBFC4B4333E7A187CBFD428323EEE
:1016B000E5297CBFC99C303E283B7CBFA2102F3E51
:1016C000444C7CBF61842D3E3A5D7CBF04F82B3EC8
:1016D000086E7CBF8D6B2A3EB07E7CBFFCDE283E50
:1016E000318F7CBF5152273E8A9F7CBF8CC5253EDF
:1016F000BDAF7CBFAD38243EC9BF7CBFB6AB223E78
:10170000AECF7CBFA51E213E6CDF7CBF7B911F3E10
:1017100003EF7CBF38041E3E73FE7CBFDE761C3EAA
:10172000BC0D7DBF6BE91A3EDD1C7DBFE05B193E41
:10173000D82B7DBF3DCE173EAC3A7DBF8340163ED1
:1017400059497DBFB2B2143EDE577DBFCA24133E55
:101750003D667DBFCC96113E74747DBFB708103EC8
:1017600085827DBF8B7A0E3E6E907DBF4AEC0C3E2B
:10177000309E7DBFF35D0B3ECCAB7DBF86CF093E77
:1017800040B97DBF0541083E8CC67DBF6EB2063EA6
:10179000B2D37DBFC223053EB1E07DBF0295033EBB
:1017A00088ED7DBF2E06023E38FA7DBF4577003EAC
:1017B000C2067EBF92D0FD3D24137EBF73B2FA3DB8
:1017C0005E1F7EBF2C94F73D722B7EBFC075F43D2B
:1017D0005E377EBF2E57F13D23437EBF7638EE3D08
:1017E000C14E7EBF9A19EB3D385A7EBF9AFAE73D4B
:1017F00088657EBF76DBE43DB0707EBF2EBCE13DE8
:10180000B17B7EBFC49CDE3D8B867EBF377DDB3DDA
:101810003D917EBF895DD83DC99B7EBFB93DD53D19
:101820002DA67EBFC81DD23D69B07EBFB7FDCE3D9F
:101830007FBA7EBF86DDCB3D6DC47EBF36BDC83D61
:1018400034CE7EBFC69CC53DD4D77EBF397CC23D59
:101850004CE17EBF8D5BBF3D9DEA7EBFC33ABC3D80
:10186000C7F37EBFDD19B93DC9FC7EBFDAF8B53DCF
:10187000A4057FBFBBD7B23D580E7FBF80B6AF3D3A
:10188000E4167FBF2B95AC3D491F7FBFBA73A93DBE
:1018900087277FBF3052A63D9D2F7FBF8C30A33D51
:1018A0008D377FBFCF0EA03D543F7FBFF9EC9C3DED
:1018B000F4467FBF0ACB993D6D4E7FBF05A9963D8B
:1018C000BF557FBFE786933DE95C7FBFB464903D21
:1018D000EC637FBF6A428D3DC76A7FBF0A208A3DA5
:1018E0007B717FBF94FD863D08787FBF0ADB833D17
:1018F0006D7E7FBF6CB8803DAB847FBF742B7B3D1A
:10190000C28A7FBFE9E5743DB1907FBF38A06E3DCC
:1019100078967FBF625A683D189C7FBF6814623D0D
:1019200091A17FBF4CCE5B3DE3A67FBF0E88553DA6
:101930000DAC7FBFAF414F3D0FB17FBF2FFB483D87
:10194000EAB57FBF91B4423D9EBA7FBFD56D3C3DA5
:101950002ABF7FBFFC26363D8FC37FBF07E02F3DE8
:10196000CCC77FBFF698293DE2CB7FBFCC51233D4A
:10197000D1CF7FBF880A1D3D98D37FBF2CC3163DB2
:1019800037D77FBFB87B103DAFDA7FBF2F340A3D1A
:1019900000DE7FBF90EC033D29E17FBFB949FB3CEE
:1019A0002BE47FBF2DBAEE3C05E77FBF7B2AE23CEC
:1019B000B8E97FBFA69AD53C43EC7FBFB00AC93CCB
:1019C000A7EE7FBF9B7ABC3CE3F07FBF69EAAF3CE8
:1019D000F8F27FBF1C5AA33CE6F47FBFB6C9963C21
:1019E000ACF67FBF38398A3C4AF87FBF4B517B3C0D
:1019F000C1F97FBF0030623C11FB7FBF900E493CB4
:101A000039FC7FBF02ED2F3C39FD7FBF59CB163C1F
:101A100013FE7FBF3053FB3BC4FE7FBF890FC93B22
:101A20004EFF7FBFC1CB963BB1FF7FBFC70F493B86
:101A3000ECFF7FBFD40FC93A000080BF0000000058
:101A4000ECFF7FBFD40FC9BAB1FF7FBFC70F49BB3F
:101A50004EFF7FBFC1CB96BBC4FE7FBF890FC9BB02
:101A600013FE7FBF3053FBBB39FD7FBF59CB16BC84
:101A700039FC7FBF02ED2FBC11FB7FBF900E49BC2C
:101A8000C1F97FBF003062BC4AF87FBF4B517BBCBD
:101A9000ACF67FBF38398ABCE6F47FBFB6C996BCC6
:101AA000F8F27FBF1C5AA3BCE3F07FBF69EAAFBC6A
:101AB000A7EE7FBF9B7ABCBC43EC7FBFB00AC9BC1A
:101AC000B8E97FBFA69AD5BC05E77FBF7B2AE2BCF9
:101AD0002BE47FBF2DBAEEBC29E17FBFB949FBBC27
:101AE00000DE7FBF90EC03BDAFDA7FBF2F340ABDAD
:101AF00037D77FBFB87B10BD98D37FBF2CC316BD2F
:101B0000D1CF7FBF880A1DBDE2CB7FBFCC5123BDA3
:101B1000CCC77FBFF69829BD8FC37FBF07E02FBD1D
:101B20002ABF7FBFFC2636BD9EBA7FBFD56D3CBDA8
:101B3000EAB57FBF91B442BD0FB17FBF2FFB48BD57
:101B40000DAC7FBFAF414FBDE3A67FBF0E8855BD33
:101B500091A17FBF4CCE5BBD189C7FBF681462BD56
:101B600078967FBF625A68BDB1907FBF38A06EBDC6
:101B7000C28A7FBFE9E574BDAB847FBF742B7BBD98
:101B80006D7E7FBF6CB880BD08787FBF0ADB83BDE8
:101B90007B717FBF94FD86BDC76A7FBF0A208ABD67
:101BA000EC637FBF6A428DBDE95C7FBFB46490BDCA
:101BB000BF557FBFE78693BD6D4E7FBF05A996BD1C
:101BC000F4467FBF0ACB99BD543F7FBFF9EC9CBD63
:101BD0008D377FBFCF0EA0BD9D2F7FBF8C30A3BDA3
:101BE00087277FBF3052A6BD491F7FBFBA73A9BDEB
:101BF000E4167FBF2B95ACBD580E7FBF80B6AFBD3E
:101C0000A4057FBFBBD7B2BDC9FC7EBFDAF8B5BDA6
:101C1000C7F37EBFDD19B9BD9DEA7EBFC33ABCBD27
:101C20004CE17EBF8D5BBFBDD4D77EBF397CC2BDCA
:101C300034CE7EBFC69CC5BD6DC47EBF36BDC8BD9B
:101C40007FBA7EBF86DDCBBD69B07EBFB7FDCEBD9E
:101C50002DA67EBFC81DD2BDC99B7EBFB93DD5BDD7
:101C60003D917EBF895DD8BD8B867EBF377DDBBD54
:101C7000B17B7EBFC49CDEBDB0707EBF2EBCE1BD1B
:101C800088657EBF76DBE4BD385A7EBF9AFAE7BD31
:101C9000C14E7EBF9A19EBBD23437EBF7638EEBDA1
:101CA0005E377EBF2E57F1BD722B7EBFC075F4BD6F
:101CB0005E1F7EBF2C94F7BD24137EBF73B2FABDA6
:101CC000C2067EBF92D0FDBD38FA7DBF457700BE0B
:101CD00088ED7DBF2E0602BEB1E07DBF029503BE3A
:101CE000B2D37DBFC22305BE8CC67DBF6EB206BE19
:101CF00040B97DBF054108BECCAB7DBF86CF09BED4
:101D0000309E7DBFF35D0BBE6E907DBF4AEC0CBE76
:101D100085827DBF8B7A0EBE74747DBFB70810BEFE
:101D20003D667DBFCC9611BEDE577DBFCA2413BE73
:101D300059497DBFB2B214BEAC3A7DBF834016BED6
:101D4000D82B7DBF3DCE17BEDD1C7DBFE05B19BE2D
:101D5000BC0D7DBF6BE91ABE73FE7CBFDE761CBE78
:101D600003EF7CBF38041EBE6CDF7CBF7B911FBEBF
:101D7000AECF7CBFA51E21BEC9BF7CBFB6AB22BE05
:101D8000BDAF7CBFAD3824BE8A9F7CBF8CC525BE4D
:101D9000318F7CBF515227BEB07E7CBFFCDE28BE97
:101DA000086E7CBF8D6B2ABE3A5D7CBF04F82BBEEB
:101DB000444C7CBF61842DBE283B7CBFA2102FBE4B
:101DC000E5297CBFC99C30BE7A187CBFD42832BEBE
:101DD000E9067CBFC4B433BE31F57BBF984035BE45
:101DE00053E37BBF50CC36BE4DD17BBFEC5738BEE2
:101DF00020BF7BBF6CE339BECDAC7BBFCF6E3BBE9B
:101E0000539A7BBF15FA3CBEB2877BBF3E853EBE70
:101E1000EA747BBF491040BEFC617BBF379B41BE6B
:101E2000E74E7BBF072643BEAB3B7BBFB9B044BE8A
:101E300048287BBF4D3B46BEBE147BBFC2C547BED4
:101E40000E017BBF185049BE37ED7ABF4FDA4ABE4C
:101E50003AD97ABF67644CBE16C57ABF60EE4DBEF4
:101E6000CBB07ABF38784FBE599C7ABFF10151BED2
:101E7000C1877ABF898B52BE02737ABF011554BEE7
:101E80001C5E7ABF589E55BE10497ABF8F2757BE39
:101E9000DD337ABFA4B058BE841E7ABF97395ABECC
:101EA00004097ABF6AC25BBE5EF379BF1A4B5DBE9E
:101EB00091DD79BFA8D35EBE9DC779BF135C60BEBC
:101EC00083B179BF5CE461BE439B79BF836C63BE21
:101ED000DC8479BF86F464BE4E6E79BF667C66BED4
:101EE0009A5779BF220468BEC04079BFBA8B69BED9
:101EF000BF2979BF2F136BBE981279BF7F9A6CBE32
:101F00004AFB78BFAB216EBED6E378BFB2A86FBEE6
:101F10003BCC78BF942F71BE7BB478BF51B672BEF4
:101F2000939C78BFE83C74BE868478BF5AC375BE64
:101F3000526C78BFA64977BEF85378BFCCCF78BE35
:101F4000773B78BFCB557ABED12278BFA4DB7BBE6E
:101F5000040A78BF56617DBE10F177BFE1E67EBE10
:101F6000F7D777BF223680BEB7BE77BFC0F880BE36
:101F700051A577BF4ABB81BEC58B77BFC07D82BEEE
:101F8000137277BF224083BE3A5877BF700284BE77
:101F90003C3E77BFAAC484BE172477BFCE8685BED9
:101FA000CC0977BFDF4886BE5BEF76BFDA0A87BE13
:101FB000C4D476BFC1CC87BE07BA76BF938E88BE25
:101FC000249F76BF505089BE1B8476BFF8118ABE0D
:101FD000EC6876BF8AD38ABE974D76BF07958BBED5
:101FE0001B3276BF6E568CBE7A1676BFC0178DBE7A
:101FF000B3FA75BFFCD88DBEC6DE75BF229A8EBE01
:10200000B3C275BF325B8FBE7BA675BF2C1C90BE62
:102010001C8A75BF10DD90BE976D75BFDD9D91BEAA
:10202000ED5075BF945E92BE1D3475BF351F93BED3
:10203000271775BFBFDF93BE0BFA74BF31A094BEE4
:10204000C9DC74BF8D6095BE62BF74BFD22096BEDE
:10205000D5A174BF00E196BE228474BF17A197BEBC
:10206000496674BF166198BE4B4874BFFE2099BE86
:10207000272A74BFCEE099BEDD0B74BF86A09ABE3E
:102080006EED73BF27609BBED9CE73BFAF1F9CBEE2
:102090001FB073BF20DF9CBE3F9173BF789E9DBE73
:1020A000397273BFB85D9EBE0E5373BFDF1C9FBEF7
:1020B000BE3373BFEEDB9FBE471473BFE59AA0BE6D
:1020C000ACF472BFC259A1BEEBD472BF8718A2BED6
:1020D00004B572BF33D7A2BEF89472BFC595A3BE34
:1020E000C77472BF3F54A4BE705472BF9F12A5BE86
:1020F000F43372BFE5D0A5BE521372BF128FA6BED5
:102100008CF271BF254DA7BE9FD171BF1F0BA8BE1A
:102110008EB071BFFEC8A8BE578F71BFC486A9BE5E
:10212000FB6D71BF6F44AABE7A4C71BF0102ABBE9A
:10213000D42A71BF77BFABBE080971BFD47CACBED7
:1021400017E770BF153AADBE02C570BF3CF7ADBE14
:10215000C6A270BF49B4AEBE668070BF3A71AFBE52
:10216000E15D70BF102EB0BE373B70BFCBEAB0BE92
:10217000671870BF6BA7B1BE73F56FBFEF63B2BED8
:102180005AD26FBF5820B3BE1BAF6FBFA5DCB3BE22
:10219000B88B6FBFD698B4BE30686FBFEC54B5BE75
:1021A00083446FBFE610B6BEB0206FBFC3CCB6BECF
:1021B000BAFC6EBF8488B7BE9ED86EBF2A44B8BE34
:1021C0005DB46EBFB2FFB8BEF88F6EBF1EBBB9BEA6
:1021D0006D6B6EBF6E76BABEBE466EBFA031BBBE23
:1021E000EB216EBFB6ECBBBEF2FC6DBFAFA7BCBEB1
:1021F000D5D76DBF8B62BDBE93B26DBF4A1DBEBE4B
:102200002D8D6DBFEBD7BEBEA1676DBF6F92BFBEF8
:10221000F2416DBFD54CC0BE1D1C6DBF1E07C1BEB7
:1022200024F66CBF48C1C1BE07D06CBF557BC2BE8F
:10223000C5A96CBF4435C3BE5E836CBF15EFC3BE7A
:10224000D45C6CBFC8A8C4BE24366CBF5C62C5BE7B
:10225000500F6CBFD21BC6BE58E86BBF29D5C6BE97
:102260003BC16BBF628EC7BEFB996BBF7C47C8BECC
:1022700095726BBF7700C9BE0C4B6BBF53B9C9BE1B
:102280005E236BBF1072CABE8CFB6ABFAE2ACBBE88
:1022900095D36ABF2CE3CBBE7BAB6ABF8B9BCCBE16
:1022A0003C836ABFCA53CDBED95A6ABFEA0BCEBEC1
:1022B00052326ABFEAC3CEBEA7096ABFCA7BCFBE8D
:1022C000D7E069BF8A33D0BEE4B769BF2AEBD0BE7E
:1022D000CC8E69BFAAA2D1BE916569BF095AD2BE90
:1022E000323C69BF4811D3BEAE1269BF67C8D3BEC6
:1022F00007E968BF647FD4BE3CBF68BF4136D5BE26
:102300004C9568BFFDECD5BE396B68BF99A3D6BEAE
:10231000034168BF135AD7BEA81668BF6B10D8BE5A
:102320002AEC67BFA3C6D8BE87C167BFB97CD9BE38
:10233000C19667BFAD32DABED86B67BF80E8DABE40
:10234000CA4067BF319EDBBE991567BFC153DCBE73
:1023500045EA66BF2E09DDBECCBE66BF79BEDDBED6
:10236000309366BFA273DEBE716766BFA928DFBE69
:102370008E3B66BF8DDDDFBE880F66BF4F92E0BE2D
:102380005EE365BFEE46E1BE10B765BF6AFBE1BE26
:10239000A08A65BFC4AFE2BE0B5E65BFFA63E3BE51
:1023A000543165BF0E18E4BE790465BFFECBE4BEB0
:1023B0007BD764BFCB7FE5BE59AA64BF7533E6BE49
:1023C000147D64BFFBE6E6BEAC4F64BF5D9AE7BE1A
:1023D000212264BF9C4DE8BE73F463BFB700E9BE21
:1023E000A1C663BFAEB3E9BEAC9863BF8166EABE67
:1023F000956A63BF3019EBBE5A3C63BFBBCBEBBEE3
:10240000FC0D63BF217EECBE7BDF62BF6330EDBE9F
:10241000D7B062BF80E2EDBE108262BF7994EEBE9B
:10242000265362BF4C46EFBE1A2462BFFBF7EFBED5
:10243000EAF461BF85A9F0BE98C561BFEA5AF1BE52
:10244000229661BF290CF2BE8A6661BF43BDF2BE0F
:10245000D03661BF386EF3BEF20661BF071FF4BE0F
:10246000F2D660BFB1CFF4BECFA660BF3580F5BE57
:10247000897660BF9330F6BE214660BFCBE0F6BEE2
:10248000961560BFDC90F7BEE9E45FBFC840F8BEB8
:1024900019B45FBF8EF0F8BE27835FBF2DA0F9BED1
:1024A00012525FBFA54FFABEDB205FBFF7FEFABE38
:1024B00081EF5EBF22AEFBBE05BE5EBF275DFCBEE8
:1024C000678C5EBF040CFDBEA65A5EBFBBBAFDBEE4
:1024D000C3285EBF4A69FEBEBEF65DBFB217FFBE2F
:1024E00097C45DBFF3C5FFBE4D925DBF063A00BF06
:1024F000E15F5DBFFF9000BF532D5DBFE4E700BF0C
:10250000A3FA5CBFB53E01BFD1C75CBF739501BFE5
:10251000DD945CBF1CEC01BFC7615CBFB14202BF70
:102520008E2E5CBF329902BF34FB5BBF9FEF02BFB0
:10253000B8C75BBFF84503BF1A945BBF3D9C03BFA0
:102540005A605BBF6DF203BF792C5BBF894804BF43
:1025500075F85ABF919E04BF50C45ABF84F404BF9B
:1025600009905ABF624A05BFA05B5ABF2CA005BFA5
:1025700016275ABFE2F505BF6AF259BF824B06BF64
:102580009CBD59BF0EA106BFAD8859BF86F606BFD8
:102590009C5359BFE84B07BF6A1E59BF36A107BFFE
:1025A00017E958BF6FF607BFA1B358BF924B08BFDA
:1025B0000B7E58BFA1A008BF534858BF9BF508BF6A
:1025C000791258BF7F4A09BF7FDC57BF4E9F09BFB2
:1025D00063A657BF09F409BF267057BFAD480ABFAD
:1025E000C73957BF3D9D0ABF480357BFB7F10ABF60
:1025F000A7CC56BF1C460BBFE59556BF6B9A0BBFC9
:10260000025F56BFA5EE0BBFFE2756BFC9420CBFE7
:10261000D9F055BFD7960CBF93B955BFD0EA0CBFC0
:102620002C8255BFB33E0DBFA44A55BF81920DBF4A
:10263000FB1255BF38E60DBF31DB54BFDA390EBF90
:1026400047A354BF658D0EBF3B6B54BFDBE00EBF8D
:102650000F3354BF3B340FBFC3FA53BF84870FBF40
:1026600055C253BFB8DA0FBFC78953BFD52D10BFAE
:10267000185153BFDC8010BF491853BFCDD310BFD2
:1026800059DF52BFA72611BF49A652BF6B7911BFB0
:10269000186D52BF19CC11BFC63352BFB01E12BF46
:1026A00054FA51BF307112BFC2C051BF9AC312BF9A
:1026B000108751BFEE1513BF3D4D51BF2A6813BFA0
:1026C0004A1351BF50BA13BF37D950BF5F0C14BF64
:1026D000039F50BF585E14BFAF6450BF39B014BFE2
:1026E0003B2A50BF040215BFA8EF4FBFB75315BF19
:1026F000F4B44FBF54A515BF1F7A4FBFD9F615BF0D
:102700002B3F4FBF474816BF17044FBF9F9916BFB7
:10271000E4C84EBFDFEA16BF908D4EBF073C17BF1F
:102720001C524EBF188D17BF89164EBF12DE17BF41
:10273000D5DA4DBFF52E18BF029F4DBFC07F18BF21
:1027400010634DBF73D018BFFD264DBF0F2119BFB9
:10275000CBEA4CBF947119BF79AE4CBF00C219BF10
:1027600008724CBF55121ABF78354CBF93621ABF1E
:10277000C7F84BBFB8B21ABFF8BB4BBFC6021BBFEE
:10278000097F4BBFBB521BBFFA414BBF99A21BBF76
:10279000CC044BBF5FF21BBF7FC74ABF0C421CBFBC
:1027A000138A4ABFA2911CBF874C4ABF1FE11CBFBE
:1027B000DC0E4ABF84301DBF12D149BFD17F1DBF7F
:1027C000299349BF06CF1DBF215549BF221E1EBFF9
:1027D000FA1649BF266D1EBFB3D848BF12BC1EBF34
:1027E0004E9A48BFE50A1FBFCA5B48BF9F591FBF2B
:1027F000271D48BF41A81FBF65DE47BFCBF61FBFDF
:10280000849F47BF3B4520BF856047BF939320BF50
:10281000672147BFD2E120BF2AE246BFF92F21BF7F
:10282000CEA246BF067E21BF546346BFFBCB21BF6D
:10283000BB2346BFD71922BF03E445BF996722BF18
:102840002DA445BF43B522BF396445BFD30223BF82
:10285000262445BF4B5023BFF5E344BFA99D23BFAA
:10286000A5A344BFEEEA23BF376344BF1A3824BF91
:10287000AB2244BF2C8524BF00E243BF25D224BF36
:1028800038A143BF041F25BF516043BFCB6B25BF99
:102890004C1F43BF77B825BF29DE42BF0A0526BFBC
:1028A000E89C42BF845126BF895B42BFE39D26BF9F
:1028B0000B1A42BF2AEA26BF70D841BF563627BF3F
:1028C000B79641BF688227BFE15441BF61CE27BFA1
:1028D000EC1241BF401A28BFDAD040BF056628BFBE
:1028E000A98E40BFB0B128BF5C4C40BF41FD28BF9E
:1028F000F00940BFB84829BF67C73FBF159429BF3B
:10290000C0843FBF57DF29BFFC413FBF802A2ABF99
:102910001BFF3EBF8E752ABF1BBC3EBF82C02ABFB5
:10292000FF783EBF5B0B2BBFC5353EBF1B562BBF91
:102930006EF23DBFBFA02BBFF9AE3DBF4AEB2BBF30
:10294000676B3DBFB9352CBFB8273DBF0F802CBF8B
:10295000ECE33CBF49CA2CBF03A03CBF69142DBFA8
:10296000FC5B3CBF6F5E2DBFD9173CBF59A82DBF84
:1029700098D33BBF29F22DBF3B8F3BBFDE3B2EBF21
:10298000C14A3BBF78852EBF29063BBFF7CE2EBF7D
:1029900075C13ABF5B182FBFA47C3ABFA5612FBF9A
:1029A000B7373ABFD3AA2FBFACF239BFE6F32FBF78
:1029B00085AD39BFDE3C30BF426839BFBB8530BF13
:1029C000E12239BF7CCE30BF65DD38BF221731BF71
:1029D000CB9738BFAD5F31BF165238BF1DA831BF8E
:1029E000430C38BF71F031BF55C637BFAA3832BF6C
:1029F0004A8037BFC78032BF233A37BFC9C832BF0A
:102A0000DFF336BFAF1033BF7FAD36BF7A5833BF69
:102A1000046736BF29A033BF6C2036BFBCE733BF85
:102A2000B8D935BF342F34BFE79235BF8F7634BF66
:102A3000FB4B35BFCFBD34BFF30435BFF30435BF07
:102A4000CFBD34BFFB4B35BF8F7634BFE79235BF68
:102A5000342F34BFB8D935BFBCE733BF6C2036BF85
:102A600029A033BF046736BF7A5833BF7FAD36BF66
:102A7000AF1033BFDFF336BFC9C832BF233A37BF09
:102A8000C78032BF4A8037BFAA3832BF55C637BF6A
:102A900071F031BF430C38BF1DA831BF165238BF8B
:102AA000AD5F31BFCB9738BF221731BF65DD38BF6F
:102AB0007CCE30BFE12239BFBB8530BF426839BF11
:102AC000DE3C30BF85AD39BFE6F32FBFACF239BF76
:102AD000D3AA2FBFB7373ABFA5612FBFA47C3ABF97
:102AE0005B182FBF75C13ABFF7CE2EBF29063BBF7B
:102AF00078852EBFC14A3BBFDE3B2EBF3B8F3BBF1D
:102B000029F22DBF98D33BBF59A82DBFD9173CBF81
:102B10006F5E2DBFFC5B3CBF69142DBF03A03CBFA3
:102B200049CA2CBFECE33CBF0F802CBFB8273DBF88
:102B3000B9352CBF676B3DBF4AEB2BBFF9AE3DBF2C
:102B4000BFA02BBF6EF23DBF1B562BBFC5353EBF8E
:102B50005B0B2BBFFF783EBF82C02ABF1BBC3EBFB2
:102B60008E752ABF1BFF3EBF802A2ABFFC413FBF94
:102B700057DF29BFC0843FBF159429BF67C73FBF38
:102B8000B84829BFF00940BF41FD28BF5C4C40BF99
:102B9000B0B128BFA98E40BF056628BFDAD040BFBC
:102BA000401A28BFEC1241BF61CE27BFE15441BF9C
:102BB000688227BFB79641BF563627BF70D841BF3E
:102BC0002AEA26BF0B1A42BFE39D26BF895B42BF9C
:102BD000845126BFE89C42BF0A0526BF29DE42BFBA
:102BE00077B825BF4C1F43BFCB6B25BF516043BF98
:102BF000041F25BF38A143BF25D224BF00E243BF35
:102C00002C8524BFAB2244BF1A3824BF376344BF8E
:102C1000EEEA23BFA5A344BFA99D23BFF5E344BFAC
:102C20004B5023BF262445BFD30223BF396445BF81
:102C300043B522BF2DA445BF996722BF03E445BF1A
:102C4000D71922BFBB2346BFFBCB21BF546346BF6E
:102C5000067E21BFCEA246BFF92F21BF2AE246BF82
:102C6000D2E120BF672147BF939320BF856047BF54
:102C70003B4520BF849F47BFCBF61FBF65DE47BFE4
:102C800041A81FBF271D48BF9F591FBFCA5B48BF30
:102C9000E50A1FBF4E9A48BF12BC1EBFB3D848BF3B
:102CA000266D1EBFFA1649BF221E1EBF215549BF01
:102CB00006CF1DBF299349BFD17F1DBF12D149BF88
:102CC00084301DBFDC0E4ABF1FE11CBF874C4ABFCA
:102CD000A2911CBF138A4ABF0C421CBF7FC74ABFC8
:102CE0005FF21BBFCC044BBF99A21BBFFA414BBF85
:102CF000BB521BBF097F4BBFC6021BBFF8BB4BBFFC
:102D0000B8B21ABFC7F84BBF93621ABF78354CBF31
:102D100055121ABF08724CBF00C219BF79AE4CBF22
:102D2000947119BFCBEA4CBF0F2119BFFD264DBFCF
:102D300073D018BF10634DBFC07F18BF029F4DBF37
:102D4000F52E18BFD5DA4DBF12DE17BF89164EBF5C
:102D5000188D17BF1C524EBF073C17BF908D4EBF3A
:102D6000DFEA16BFE4C84EBF9F9916BF17044FBFD6
:102D7000474816BF2B3F4FBFD9F615BF1F7A4FBF2D
:102D800054A515BFF4B44FBFB75315BFA8EF4FBF3D
:102D9000040215BF3B2A50BF39B014BFAF6450BF07
:102DA000585E14BF039F50BF5F0C14BF37D950BF8C
:102DB00050BA13BF4A1351BF2A6813BF3D4D51BFCC
:102DC000EE1513BF108751BF9AC312BFC2C051BFC7
:102DD000307112BF54FA51BFB01E12BFC63352BF7A
:102DE00019CC11BF186D52BF6B7911BF49A652BFE4
:102DF000A72611BF59DF52BFCDD310BF491853BF0B
:102E0000DC8010BF185153BFD52D10BFC78953BFE9
:102E1000B8DA0FBF55C253BF84870FBFC3FA53BF81
:102E20003B340FBF0F3354BFDBE00EBF3B6B54BFCF
:102E3000658D0EBF47A354BFDA390EBF31DB54BFD7
:102E400038E60DBFFB1255BF81920DBFA44A55BF96
:102E5000B33E0DBF2C8255BFD0EA0CBF93B955BF0E
:102E6000D7960CBFD9F055BFC9420CBFFE2756BF3D
:102E7000A5EE0BBF025F56BF6B9A0BBFE59556BF21
:102E80001C460BBFA7CC56BFB7F10ABF480357BFBC
:102E90003D9D0ABFC73957BFAD480ABF267057BF0F
:102EA00009F409BF63A657BF4E9F09BF7FDC57BF18
:102EB0007F4A09BF791258BF9BF508BF534858BFD6
:102EC000A1A008BF0B7E58BF924B08BFA1B358BF4B
:102ED0006FF607BF17E958BF36A107BF6A1E59BF73
:102EE000E84B07BF9C5359BF86F606BFAD8859BF54
:102EF0000EA106BF9CBD59BF824B06BF6AF259BFE7
:102F0000E2F505BF16275ABF2CA005BFA05B5ABF2C
:102F1000624A05BF09905ABF84F404BF50C45ABF27
:102F2000919E04BF75F85ABF894804BF792C5BBFD6
:102F30006DF203BF5A605BBF3D9C03BF1A945BBF39
:102F4000F84503BFB8C75BBF9FEF02BF34FB5BBF51
:102F5000329902BF8E2E5CBFB14202BFC7615CBF17
:102F60001CEC01BFDD945CBF739501BFD1C75CBF92
:102F7000B53E01BFA3FA5CBFE4E700BF532D5DBFC0
:102F8000FF9000BFE15F5DBF063A00BF4D925DBF9D
:102F9000F3C5FFBE97C45DBFB217FFBEBEF65DBFEF
:102FA0004A69FEBEC3285EBFBBBAFDBEA65A5EBF5D
:102FB000040CFDBE678C5EBF275DFCBE05BE5EBF18
:102FC00022AEFBBE81EF5EBFF7FEFABEDB205FBF25
:102FD000A54FFABE12525FBF2DA0F9BE27835FBF77
:102FE0008EF0F8BE19B45FBFC840F8BEE9E45FBF19
:102FF000DC90F7BE961560BFCBE0F6BE214660BF01
:103000009330F6BE897660BF3580F5BECFA660BF2F
:10301000B1CFF4BEF2D660BF071FF4BEF20661BFA7
:10302000386EF3BED03661BF43BDF2BE8A6661BF63
:10303000290CF2BE229661BFEA5AF1BE98C561BF63
:1030400085A9F0BEEAF461BFFBF7EFBE1A2462BFA8
:103050004C46EFBE265362BF7994EEBE108262BF2B
:1030600080E2EDBED7B062BF6330EDBE7BDF62BFF2
:10307000217EECBEFC0D63BFBBCBEBBE5A3C63BFF5
:103080003019EBBE956A63BF8166EABEAC9863BF38
:10309000AEB3E9BEA1C663BFB700E9BE73F463BFB8
:1030A0009C4DE8BE212264BF5D9AE7BEAC4F64BF71
:1030B000FBE6E6BE147D64BF7533E6BE59AA64BF65
:1030C000CB7FE5BE7BD764BFFECBE4BE790465BF92
:1030D0000E18E4BE543165BFFA63E3BE0B5E65BFF4
:1030E000C4AFE2BEA08A65BF6AFBE1BE10B765BF90
:1030F000EE46E1BE5EE365BF4F92E0BE880F66BF5D
:103100008DDDDFBE8E3B66BFA928DFBE716766BF5F
:10311000A273DEBE309366BF79BEDDBECCBE66BF95
:103120002E09DDBE45EA66BFC153DCBE991567BFF7
:10313000319EDBBECA4067BF80E8DABED86B67BF8E
:10314000AD32DABEC19667BFB97CD9BE87C167BF51
:10315000A3C6D8BE2AEC67BF6B10D8BEA81668BF3E
:10316000135AD7BE034168BF99A3D6BE396B68BF57
:10317000FDECD5BE4C9568BF4136D5BE3CBF68BF9F
:10318000647FD4BE07E968BF67C8D3BEAE1269BF0B
:103190004811D3BE323C69BF095AD2BE916569BF9E
:1031A000AAA2D1BECC8E69BF2AEBD0BEE4B769BF5C
:1031B0008A33D0BED7E069BFCA7BCFBEA7096ABF3A
:1031C000EAC3CEBE52326ABFEA0BCEBED95A6ABF3C
:1031D000CA53CDBE3C836ABF8B9BCCBE7BAB6ABF60
:1031E0002CE3CBBE95D36ABFAE2ACBBE8CFB6ABFA5
:1031F0001072CABE5E236BBF53B9C9BE0C4B6BBF06
:103200007700C9BE95726BBF7C47C8BEFB996BBF88
:10321000628EC7BE3BC16BBF29D5C6BE58E86BBF27
:10322000D21BC6BE500F6CBF5C62C5BE24366CBFDD
:10323000C8A8C4BED45C6CBF15EFC3BE5E836CBFB0
:103240004435C3BEC5A96CBF557BC2BE07D06CBF99
:1032500048C1C1BE24F66CBF1E07C1BE1D1C6DBF98
:10326000D54CC0BEF2416DBF6F92BFBEA1676DBFAE
:10327000EBD7BEBE2D8D6DBF4A1DBEBE93B26DBFD6
:103280008B62BDBED5D76DBFAFA7BCBEF2FC6DBF14
:10329000B6ECBBBEEB216EBFA031BBBEBE466EBF5F
:1032A0006E76BABE6D6B6EBF1EBBB9BEF88F6EBFB9
:1032B000B2FFB8BE5DB46EBF2A44B8BE9ED86EBF22
:1032C0008488B7BEBAFC6EBFC3CCB6BEB0206FBF99
:1032D000E610B6BE83446FBFEC54B5BE30686FBF16
:1032E000D698B4BEB88B6FBFA5DCB3BE1BAF6FBFA3
:1032F0005820B3BE5AD26FBFEF63B2BE73F56FBF33
:103300006BA7B1BE671870BFCBEAB0BE373B70BFCA
:10331000102EB0BEE15D70BF3A71AFBE668070BF67
:1033200049B4AEBEC6A270BF3CF7ADBE02C570BF09
:10333000153AADBE17E770BFD47CACBE080971BFAB
:1033400077BFABBED42A71BF0102ABBE7A4C71BF4E
:103350006F44AABEFB6D71BFC486A9BE578F71BFF3
:10336000FEC8A8BE8EB071BF1F0BA8BE9FD171BF93
:10337000254DA7BE8CF271BF128FA6BE521372BF2D
:10338000E5D0A5BEF43372BF9F12A5BE705472BFC4
:103390003F54A4BEC77472BFC595A3BEF89472BF54
:1033A00033D7A2BE04B572BF8718A2BEEBD472BFDA
:1033B000C259A1BEACF472BFE59AA0BE471473BF58
:1033C000EEDB9FBEBE3373BFDF1C9FBE0E5373BFC9
:1033D000B85D9EBE397273BF789E9DBE3F9173BF2C
:1033E00020DF9CBE1FB073BFAF1F9CBED9CE73BF82
:1033F00027609BBE6EED73BF86A09ABEDD0B74BFC7
:10340000CEE099BE272A74BFFE2099BE4B4874BFF8
:10341000166198BE496674BF17A197BE228474BF17
:1034200000E196BED5A174BFD22096BE62BF74BF24
:103430008D6095BEC9DC74BF31A094BE0BFA74BF19
:10344000BFDF93BE271775BF351F93BE1D3475BFF1
:10345000945E92BEED5075BFDD9D91BE976D75BFB8
:1034600010DD90BE1C8A75BF2C1C90BE7BA675BF5C
:10347000325B8FBEB3C275BF229A8EBEC6DE75BFE9
:10348000FCD88DBEB3FA75BFC0178DBE7A1676BF55
:103490006E568CBE1B3276BF07958BBE974D76BF9E
:1034A0008AD38ABEEC6876BFF8118ABE1B8476BFC9
:1034B000505089BE249F76BF938E88BE07BA76BFD0
:1034C000C1CC87BEC4D476BFDA0A87BE5BEF76BFB5
:1034D000DF4886BECC0977BFCE8685BE172477BF6E
:1034E000AAC484BE3C3E77BF700284BE3A5877BF00
:1034F000224083BE137277BFC07D82BEC58B77BF6B
:103500004ABB81BE51A577BFC0F880BEB7BE77BFAA
:10351000223680BEF7D777BFE1E67EBE10F177BFD7
:1035200056617DBE040A78BFA4DB7BBED12278BF82
:10353000CB557ABE773B78BFCCCF78BEF85378BFF7
:10354000A64977BE526C78BF5AC375BE868478BFD1
:10355000E83C74BE939C78BF51B672BE7BB478BF12
:10356000942F71BE3BCC78BFB2A86FBED6E378BFB4
:10357000AB216EBE4AFB78BF7F9A6CBE981279BFB2
:103580002F136BBEBF2979BFBA8B69BEC04079BF0C
:10359000220468BE9A5779BF667C66BE4E6E79BFBC
:1035A00086F464BEDC8479BF836C63BE439B79BFC1
:1035B0005CE461BE83B179BF135C60BE9DC779BF17
:1035C000A8D35EBE91DD79BF1A4B5DBE5EF379BFB5
:1035D0006AC25BBE04097ABF97395ABE841E7ABF9D
:1035E000A4B058BEDD337ABF8F2757BE10497ABFCB
:1035F000589E55BE1C5E7ABF011554BE02737ABF39
:10360000898B52BEC1877ABFF10151BE599C7ABFE6
:1036100038784FBECBB07ABF60EE4DBE16C57ABFCC
:1036200067644CBE3AD97ABF4FDA4ABE37ED7ABFEB
:10363000185049BE0E017BBFC2C547BEBE147BBF3A
:103640004D3B46BE48287BBFB9B044BEAB3B7BBFB9
:10365000072643BEE74E7BBF379B41BEFC617BBF65
:10366000491040BEEA747BBF3E853EBEB2877BBF39
:1036700015FA3CBE539A7BBFCF6E3BBECDAC7BBF31
:103680006CE339BE20BF7BBFEC5738BE4DD17BBF4A
:1036900050CC36BE53E37BBF984035BE31F57BBF7F
:1036A000C4B433BEE9067CBFD42832BE7A187CBFCE
:1036B000C99C30BEE5297CBFA2102FBE283B7CBF31
:1036C00061842DBE444C7CBF04F82BBE3A5D7CBFA8
:1036D0008D6B2ABE086E7CBFFCDE28BEB07E7CBF30
:1036E000515227BE318F7CBF8CC525BE8A9F7CBFBF
:1036F000AD3824BEBDAF7CBFB6AB22BEC9BF7CBF58
:10370000A51E21BEAECF7CBF7B911FBE6CDF7CBFF0
:1037100038041EBE03EF7CBFDE761CBE73FE7CBF8A
:103720006BE91ABEBC0D7DBFE05B19BEDD1C7DBF21
:103730003DCE17BED82B7DBF834016BEAC3A7DBFB1
:10374000B2B214BE59497DBFCA2413BEDE577DBF35
:10375000CC9611BE3D667DBFB70810BE74747DBFA8
:103760008B7A0EBE85827DBF4AEC0CBE6E907DBF0B
:10377000F35D0BBE309E7DBF86CF09BECCAB7DBF57
:10378000054108BE40B97DBF6EB206BE8CC67DBF86
:10379000C22305BEB2D37DBF029503BEB1E07DBF9B
:1037A0002E0602BE88ED7DBF457700BE38FA7DBF8C
:1037B00092D0FDBDC2067EBF73B2FABD24137EBF98
:1037C0002C94F7BD5E1F7EBFC075F4BD722B7EBF0B
:1037D0002E57F1BD5E377EBF7638EEBD23437EBFE8
:1037E0009A19EBBDC14E7EBF9AFAE7BD385A7EBF2B
:1037F00076DBE4BD88657EBF2EBCE1BDB0707EBFC8
:10380000C49CDEBDB17B7EBF377DDBBD8B867EBFBA
:10381000895DD8BD3D917EBFB93DD5BDC99B7EBFF9
:10382000C81DD2BD2DA67EBFB7FDCEBD69B07EBF7F
:1038300086DDCBBD7FBA7EBF36BDC8BD6DC47EBF41
:10384000C69CC5BD34CE7EBF397CC2BDD4D77EBF39
:103850008D5BBFBD4CE17EBFC33ABCBD9DEA7EBF60
:10386000DD19B9BDC7F37EBFDAF8B5BDC9FC7EBFAF
:10387000BBD7B2BDA4057FBF80B6AFBD580E7FBF1A
:103880002B95ACBDE4167FBFBA73A9BD491F7FBF9E
:103890003052A6BD87277FBF8C30A3BD9D2F7FBF31
:1038A000CF0EA0BD8D377FBFF9EC9CBD543F7FBFCD
:1038B0000ACB99BDF4467FBF05A996BD6D4E7FBF6B
:1038C000E78693BDBF557FBFB46490BDE95C7FBF01
:1038D0006A428DBDEC637FBF0A208ABDC76A7FBF85
:1038E00094FD86BD7B717FBF0ADB83BD08787FBFF7
:1038F0006CB880BD6D7E7FBF742B7BBDAB847FBFFA
:10390000E9E574BDC28A7FBF38A06EBDB1907FBFAC
:10391000625A68BD78967FBF681462BD189C7FBFED
:103920004CCE5BBD91A17FBF0E8855BDE3A67FBF86
:10393000AF414FBD0DAC7FBF2FFB48BD0FB17FBF67
:1039400091B442BDEAB57FBFD56D3CBD9EBA7FBF85
:10395000FC2636BD2ABF7FBF07E02FBD8FC37FBFC8
:10396000F69829BDCCC77FBFCC5123BDE2CB7FBF2A
:10397000880A1DBDD1CF7FBF2CC316BD98D37FBF92
:10398000B87B10BD37D77FBF2F340ABDAFDA7FBFFA
:1039900090EC03BD00DE7FBFB949FBBC29E17FBFCE
:1039A0002DBAEEBC2BE47FBF7B2AE2BC05E77FBFCC
:1039B000A69AD5BCB8E97FBFB00AC9BC43EC7FBFAB
:1039C0009B7ABCBCA7EE7FBF69EAAFBCE3F07FBFC8
:1039D0001C5AA3BCF8F27FBFB6C996BCE6F47FBF01
:1039E00038398ABCACF67FBF4B517BBC4AF87FBFED
:1039F000003062BCC1F97FBF900E49BC11FB7FBF94
:103A000002ED2FBC39FC7FBF59CB16BC39FD7FBFFF
:103A10003053FBBB13FE7FBF890FC9BBC4FE7FBF02
:103A2000C1CB96BB4EFF7FBFC70F49BBB1FF7FBF66
:103A3000D40FC9BAECFF7FBF00000080000080BF38
:103A4000D40FC93AECFF7FBFC70F493BB1FF7FBF1F
:103A5000C1CB963B4EFF7FBF890FC93BC4FE7FBFE2
:103A60003053FB3B13FE7FBF59CB163C39FD7FBF64
:103A700002ED2F3C39FC7FBF900E493C11FB7FBF0C
:103A80000030623CC1F97FBF4B517B3C4AF87FBF9D
:103A900038398A3CACF67FBFB6C9963CE6F47FBFA6
:103AA0001C5AA33CF8F27FBF69EAAF3CE3F07FBF4A
:103AB0009B7ABC3CA7EE7FBFB00AC93C43EC7FBFFA
:103AC000A69AD53CB8E97FBF7B2AE23C05E77FBFD9
:103AD0002DBAEE3C2BE47FBFB949FB3C29E17FBF07
:103AE00090EC033D00DE7FBF2F340A3DAFDA7FBF8D
:103AF000B87B103D37D77FBF2CC3163D98D37FBF0F
:103B0000880A1D3DD1CF7FBFCC51233DE2CB7FBF83
:103B1000F698293DCCC77FBF07E02F3D8FC37FBFFD
:103B2000FC26363D2ABF7FBFD56D3C3D9EBA7FBF88
:103B300091B4423DEAB57FBF2FFB483D0FB17FBF37
:103B4000AF414F3D0DAC7FBF0E88553DE3A67FBF13
:103B50004CCE5B3D91A17FBF6814623D189C7FBF36
:103B6000625A683D78967FBF38A06E3DB1907FBFA6
:103B7000E9E5743DC28A7FBF742B7B3DAB847FBF78
:103B80006CB8803D6D7E7FBF0ADB833D08787FBFC8
:103B900094FD863D7B717FBF0A208A3DC76A7FBF47
:103BA0006A428D3DEC637FBFB464903DE95C7FBFAA
:103BB000E786933DBF557FBF05A9963D6D4E7FBFFC
:103BC0000ACB993DF4467FBFF9EC9C3D543F7FBF43
:103BD000CF0EA03D8D377FBF8C30A33D9D2F7FBF83
:103BE0003052A63D87277FBFBA73A93D491F7FBFCB
:103BF0002B95AC3DE4167FBF80B6AF3D580E7FBF1E
:103C0000BBD7B23DA4057FBFDAF8B53DC9FC7EBF86
:103C1000DD19B93DC7F37EBFC33ABC3D9DEA7EBF07
:103C20008D5BBF3D4CE17EBF397CC23DD4D77EBFAA
:103C3000C69CC53D34CE7EBF36BDC83D6DC47EBF7B
:103C400086DDCB3D7FBA7EBFB7FDCE3D69B07EBF7E
:103C5000C81DD23D2DA67EBFB93DD53DC99B7EBFB7
:103C6000895DD83D3D917EBF377DDB3D8B867EBF34
:103C7000C49CDE3DB17B7EBF2EBCE13DB0707EBFFB
:103C800076DBE43D88657EBF9AFAE73D385A7EBF11
:103C90009A19EB3DC14E7EBF7638EE3D23437EBF81
:103CA0002E57F13D5E377EBFC075F43D722B7EBF4F
:103CB0002C94F73D5E1F7EBF73B2FA3D24137EBF86
:103CC00092D0FD3DC2067EBF4577003E38FA7DBFEB
:103CD0002E06023E88ED7DBF0295033EB1E07DBF1A
:103CE000C223053EB2D37DBF6EB2063E8CC67DBFF9
:103CF0000541083E40B97DBF86CF093ECCAB7DBFB4
:103D0000F35D0B3E309E7DBF4AEC0C3E6E907DBF56
:103D10008B7A0E3E85827DBFB708103E74747DBFDE
:103D2000CC96113E3D667DBFCA24133EDE577DBF53
:103D3000B2B2143E59497DBF8340163EAC3A7DBFB6
:103D40003DCE173ED82B7DBFE05B193EDD1C7DBF0D
:103D50006BE91A3EBC0D7DBFDE761C3E73FE7CBF58
:103D600038041E3E03EF7CBF7B911F3E6CDF7CBF9F
:103D7000A51E213EAECF7CBFB6AB223EC9BF7CBFE5
:103D8000AD38243EBDAF7CBF8CC5253E8A9F7CBF2D
:103D90005152273E318F7CBFFCDE283EB07E7CBF77
:103DA0008D6B2A3E086E7CBF04F82B3E3A5D7CBFCB
:103DB00061842D3E444C7CBFA2102F3E283B7CBF2B
:103DC000C99C303EE5297CBFD428323E7A187CBF9E
:103DD000C4B4333EE9067CBF9840353E31F57BBF25
:103DE00050CC363E53E37BBFEC57383E4DD17BBFC2
:103DF0006CE3393E20BF7BBFCF6E3B3ECDAC7BBF7B
:103E000015FA3C3E539A7BBF3E853E3EB2877BBF50
:103E10004910403EEA747BBF379B413EFC617BBF4B
:103E20000726433EE74E7BBFB9B0443EAB3B7BBF6A
:103E30004D3B463E48287BBFC2C5473EBE147BBFB4
:103E40001850493E0E017BBF4FDA4A3E37ED7ABF2C
:103E500067644C3E3AD97ABF60EE4D3E16C57ABFD4
:103E600038784F3ECBB07ABFF101513E599C7ABFB2
:103E7000898B523EC1877ABF0115543E02737ABFC7
:103E8000589E553E1C5E7ABF8F27573E10497ABF19
:103E9000A4B0583EDD337ABF97395A3E841E7ABFAC
:103EA0006AC25B3E04097ABF1A4B5D3E5EF379BF7E
:103EB000A8D35E3E91DD79BF135C603E9DC779BF9C
:103EC0005CE4613E83B179BF836C633E439B79BF01
:103ED00086F4643EDC8479BF667C663E4E6E79BFB4
:103EE0002204683E9A5779BFBA8B693EC04079BFB9
:103EF0002F136B3EBF2979BF7F9A6C3E981279BF12
:103F0000AB216E3E4AFB78BFB2A86F3ED6E378BFC6
:103F1000942F713E3BCC78BF51B6723E7BB478BFD4
:103F2000E83C743E939C78BF5AC3753E868478BF44
:103F3000A649773E526C78BFCCCF783EF85378BF15
:103F4000CB557A3E773B78BFA4DB7B3ED12278BF4E
:103F500056617D3E040A78BFE1E67E3E10F177BFF0
:103F60002236803EF7D777BFC0F8803EB7BE77BF16
:103F70004ABB813E51A577BFC07D823EC58B77BFCE
:103F80002240833E137277BF7002843E3A5877BF57
:103F9000AAC4843E3C3E77BFCE86853E172477BFB9
:103FA000DF48863ECC0977BFDA0A873E5BEF76BFF3
:103FB000C1CC873EC4D476BF938E883E07BA76BF05
:103FC0005050893E249F76BFF8118A3E1B8476BFED
:103FD0008AD38A3EEC6876BF07958B3E974D76BFB5
:103FE0006E568C3E1B3276BFC0178D3E7A1676BF5A
:103FF000FCD88D3EB3FA75BF229A8E3EC6DE75BFE1
:10400000325B8F3EB3C275BF2C1C903E7BA675BF42
:1040100010DD903E1C8A75BFDD9D913E976D75BF8A
:10402000945E923EED5075BF351F933E1D3475BFB3
:10403000BFDF933E271775BF31A0943E0BFA74BFC4
:104040008D60953EC9DC74BFD220963E62BF74BFBE
:1040500000E1963ED5A174BF17A1973E228474BF9C
:104060001661983E496674BFFE20993E4B4874BF66
:10407000CEE0993E272A74BF86A09A3EDD0B74BF1E
:1040800027609B3E6EED73BFAF1F9C3ED9CE73BFC2
:1040900020DF9C3E1FB073BF789E9D3E3F9173BF53
:1040A000B85D9E3E397273BFDF1C9F3E0E5373BFD7
:1040B000EEDB9F3EBE3373BFE59AA03E471473BF4D
:1040C000C259A13EACF472BF8718A23EEBD472BFB6
:1040D00033D7A23E04B572BFC595A33EF89472BF14
:1040E0003F54A43EC77472BF9F12A53E705472BF66
:1040F000E5D0A53EF43372BF128FA63E521372BFB5
:10410000254DA73E8CF271BF1F0BA83E9FD171BFFA
:10411000FEC8A83E8EB071BFC486A93E578F71BF3E
:104120006F44AA3EFB6D71BF0102AB3E7A4C71BF7A
:1041300077BFAB3ED42A71BFD47CAC3E080971BFB7
:10414000153AAD3E17E770BF3CF7AD3E02C570BFF4
:1041500049B4AE3EC6A270BF3A71AF3E668070BF32
:10416000102EB03EE15D70BFCBEAB03E373B70BF72
:104170006BA7B13E671870BFEF63B23E73F56FBFB8
:104180005820B33E5AD26FBFA5DCB33E1BAF6FBF02
:10419000D698B43EB88B6FBFEC54B53E30686FBF55
:1041A000E610B63E83446FBFC3CCB63EB0206FBFAF
:1041B0008488B73EBAFC6EBF2A44B83E9ED86EBF14
:1041C000B2FFB83E5DB46EBF1EBBB93EF88F6EBF86
:1041D0006E76BA3E6D6B6EBFA031BB3EBE466EBF03
:1041E000B6ECBB3EEB216EBFAFA7BC3EF2FC6DBF91
:1041F0008B62BD3ED5D76DBF4A1DBE3E93B26DBF2B
:10420000EBD7BE3E2D8D6DBF6F92BF3EA1676DBFD8
:10421000D54CC03EF2416DBF1E07C13E1D1C6DBF97
:1042200048C1C13E24F66CBF557BC23E07D06CBF6F
:104230004435C33EC5A96CBF15EFC33E5E836CBF5A
:10424000C8A8C43ED45C6CBF5C62C53E24366CBF5B
:10425000D21BC63E500F6CBF29D5C63E58E86BBF77
:10426000628EC73E3BC16BBF7C47C83EFB996BBFAC
:104270007700C93E95726BBF53B9C93E0C4B6BBFFB
:104280001072CA3E5E236BBFAE2ACB3E8CFB6ABF68
:104290002CE3CB3E95D36ABF8B9BCC3E7BAB6ABFF6
:1042A000CA53CD3E3C836ABFEA0BCE3ED95A6ABFA1
:1042B000EAC3CE3E52326ABFCA7BCF3EA7096ABF6D
:1042C0008A33D03ED7E069BF2AEBD03EE4B769BF5E
:1042D000AAA2D13ECC8E69BF095AD23E916569BF70
:1042E0004811D33E323C69BF67C8D33EAE1269BFA6
:1042F000647FD43E07E968BF4136D53E3CBF68BF06
:10430000FDECD53E4C9568BF99A3D63E396B68BF8E
:10431000135AD73E034168BF6B10D83EA81668BF3A
:10432000A3C6D83E2AEC67BFB97CD93E87C167BF18
:10433000AD32DA3EC19667BF80E8DA3ED86B67BF20
:10434000319EDB3ECA4067BFC153DC3E991567BF53
:104350002E09DD3E45EA66BF79BEDD3ECCBE66BFB6
:10436000A273DE3E309366BFA928DF3E716766BF49
:104370008DDDDF3E8E3B66BF4F92E03E880F66BF0D
:10438000EE46E13E5EE365BF6AFBE13E10B765BF06
:10439000C4AFE23EA08A65BFFA63E33E0B5E65BF31
:1043A0000E18E43E543165BFFECBE43E790465BF90
:1043B000CB7FE53E7BD764BF7533E63E59AA64BF29
:1043C000FBE6E63E147D64BF5D9AE73EAC4F64BFFA
:1043D0009C4DE83E212264BFB700E93E73F463BF01
:1043E000AEB3E93EA1C663BF8166EA3EAC9863BF47
:1043F0003019EB3E956A63BFBBCBEB3E5A3C63BFC3
:10440000217EEC3EFC0D63BF6330ED3E7BDF62BF7F
:1044100080E2ED3ED7B062BF7994EE3E108262BF7B
:104420004C46EF3E265362BFFBF7EF3E1A2462BFB5
:1044300085A9F03EEAF461BFEA5AF13E98C561BF32
:10444000290CF23E229661BF43BDF23E8A6661BFEF
:10445000386EF33ED03661BF071FF43EF20661BFEF
:10446000B1CFF43EF2D660BF3580F53ECFA660BF37
:104470009330F63E897660BFCBE0F63E214660BFC2
:10448000DC90F73E961560BFC840F83EE9E45FBF98
:104490008EF0F83E19B45FBF2DA0F93E27835FBFB1
:1044A000A54FFA3E12525FBFF7FEFA3EDB205FBF18
:1044B00022AEFB3E81EF5EBF275DFC3E05BE5EBFC8
:1044C000040CFD3E678C5EBFBBBAFD3EA65A5EBFC4
:1044D0004A69FE3EC3285EBFB217FF3EBEF65DBF0F
:1044E000F3C5FF3E97C45DBF063A003F4D925DBFE6
:1044F000FF90003FE15F5DBFE4E7003F532D5DBFEC
:10450000B53E013FA3FA5CBF7395013FD1C75CBFC5
:104510001CEC013FDD945CBFB142023FC7615CBF50
:104520003299023F8E2E5CBF9FEF023F34FB5BBF90
:10453000F845033FB8C75BBF3D9C033F1A945BBF80
:104540006DF2033F5A605BBF8948043F792C5BBF23
:10455000919E043F75F85ABF84F4043F50C45ABF7B
:10456000624A053F09905ABF2CA0053FA05B5ABF85
:10457000E2F5053F16275ABF824B063F6AF259BF44
:104580000EA1063F9CBD59BF86F6063FAD8859BFB8
:10459000E84B073F9C5359BF36A1073F6A1E59BFDE
:1045A0006FF6073F17E958BF924B083FA1B358BFBA
:1045B000A1A0083F0B7E58BF9BF5083F534858BF4A
:1045C0007F4A093F791258BF4E9F093F7FDC57BF92
:1045D00009F4093F63A657BFAD480A3F267057BF8D
:1045E0003D9D0A3FC73957BFB7F10A3F480357BF40
:1045F0001C460B3FA7CC56BF6B9A0B3FE59556BFA9
:10460000A5EE0B3F025F56BFC9420C3FFE2756BFC7
:10461000D7960C3FD9F055BFD0EA0C3F93B955BFA0
:10462000B33E0D3F2C8255BF81920D3FA44A55BF2A
:1046300038E60D3FFB1255BFDA390E3F31DB54BF70
:10464000658D0E3F47A354BFDBE00E3F3B6B54BF6D
:104650003B340F3F0F3354BF84870F3FC3FA53BF20
:10466000B8DA0F3F55C253BFD52D103FC78953BF8E
:10467000DC80103F185153BFCDD3103F491853BFB2
:10468000A726113F59DF52BF6B79113F49A652BF90
:1046900019CC113F186D52BFB01E123FC63352BF26
:1046A0003071123F54FA51BF9AC3123FC2C051BF7A
:1046B000EE15133F108751BF2A68133F3D4D51BF80
:1046C00050BA133F4A1351BF5F0C143F37D950BF44
:1046D000585E143F039F50BF39B0143FAF6450BFC2
:1046E0000402153F3B2A50BFB753153FA8EF4FBFF9
:1046F00054A5153FF4B44FBFD9F6153F1F7A4FBFED
:104700004748163F2B3F4FBF9F99163F17044FBF97
:10471000DFEA163FE4C84EBF073C173F908D4EBFFF
:10472000188D173F1C524EBF12DE173F89164EBF21
:10473000F52E183FD5DA4DBFC07F183F029F4DBF01
:1047400073D0183F10634DBF0F21193FFD264DBF99
:104750009471193FCBEA4CBF00C2193F79AE4CBFF0
:1047600055121A3F08724CBF93621A3F78354CBFFE
:10477000B8B21A3FC7F84BBFC6021B3FF8BB4BBFCE
:10478000BB521B3F097F4BBF99A21B3FFA414BBF56
:104790005FF21B3FCC044BBF0C421C3F7FC74ABF9C
:1047A000A2911C3F138A4ABF1FE11C3F874C4ABF9E
:1047B00084301D3FDC0E4ABFD17F1D3F12D149BF5F
:1047C00006CF1D3F299349BF221E1E3F215549BFD9
:1047D000266D1E3FFA1649BF12BC1E3FB3D848BF14
:1047E000E50A1F3F4E9A48BF9F591F3FCA5B48BF0B
:1047F00041A81F3F271D48BFCBF61F3F65DE47BFBF
:104800003B45203F849F47BF9393203F856047BF30
:10481000D2E1203F672147BFF92F213F2AE246BF5F
:10482000067E213FCEA246BFFBCB213F546346BF4D
:10483000D719223FBB2346BF9967223F03E445BFF8
:1048400043B5223F2DA445BFD302233F396445BF62
:104850004B50233F262445BFA99D233FF5E344BF8A
:10486000EEEA233FA5A344BF1A38243F376344BF71
:104870002C85243FAB2244BF25D2243F00E243BF16
:10488000041F253F38A143BFCB6B253F516043BF79
:1048900077B8253F4C1F43BF0A05263F29DE42BF9C
:1048A0008451263FE89C42BFE39D263F895B42BF7F
:1048B0002AEA263F0B1A42BF5636273F70D841BF1F
:1048C0006882273FB79641BF61CE273FE15441BF81
:1048D000401A283FEC1241BF0566283FDAD040BF9E
:1048E000B0B1283FA98E40BF41FD283F5C4C40BF7E
:1048F000B848293FF00940BF1594293F67C73FBF1B
:1049000057DF293FC0843FBF802A2A3FFC413FBF79
:104910008E752A3F1BFF3EBF82C02A3F1BBC3EBF95
:104920005B0B2B3FFF783EBF1B562B3FC5353EBF71
:10493000BFA02B3F6EF23DBF4AEB2B3FF9AE3DBF10
:10494000B9352C3F676B3DBF0F802C3FB8273DBF6B
:1049500049CA2C3FECE33CBF69142D3F03A03CBF88
:104960006F5E2D3FFC5B3CBF59A82D3FD9173CBF64
:1049700029F22D3F98D33BBFDE3B2E3F3B8F3BBF01
:1049800078852E3FC14A3BBFF7CE2E3F29063BBF5D
:104990005B182F3F75C13ABFA5612F3FA47C3ABF7A
:1049A000D3AA2F3FB7373ABFE6F32F3FACF239BF58
:1049B000DE3C303F85AD39BFBB85303F426839BFF3
:1049C0007CCE303FE12239BF2217313F65DD38BF51
:1049D000AD5F313FCB9738BF1DA8313F165238BF6E
:1049E00071F0313F430C38BFAA38323F55C637BF4C
:1049F000C780323F4A8037BFC9C8323F233A37BFEA
:104A0000AF10333FDFF336BF7A58333F7FAD36BF49
:104A100029A0333F046736BFBCE7333F6C2036BF65
:104A2000342F343FB8D935BF8F76343FE79235BF46
:104A3000CFBD343FFB4B35BFF304353FF30435BFE7
:104A4000FB4B353FCFBD34BFE792353F8F7634BF48
:104A5000B8D9353F342F34BF6C20363FBCE733BF65
:104A60000467363F29A033BF7FAD363F7A5833BF46
:104A7000DFF3363FAF1033BF233A373FC9C832BFE9
:104A80004A80373FC78032BF55C6373FAA3832BF4A
:104A9000430C383F71F031BF1652383F1DA831BF6B
:104AA000CB97383FAD5F31BF65DD383F221731BF4F
:104AB000E122393F7CCE30BF4268393FBB8530BFF1
:104AC00085AD393FDE3C30BFACF2393FE6F32FBF56
:104AD000B7373A3FD3AA2FBFA47C3A3FA5612FBF77
:104AE00075C13A3F5B182FBF29063B3FF7CE2EBF5B
:104AF000C14A3B3F78852EBF3B8F3B3FDE3B2EBFFD
:104B000098D33B3F29F22DBFD9173C3F59A82DBF61
:104B1000FC5B3C3F6F5E2DBF03A03C3F69142DBF83
:104B2000ECE33C3F49CA2CBFB8273D3F0F802CBF68
:104B3000676B3D3FB9352CBFF9AE3D3F4AEB2BBF0C
:104B40006EF23D3FBFA02BBFC5353E3F1B562BBF6E
:104B5000FF783E3F5B0B2BBF1BBC3E3F82C02ABF92
:104B60001BFF3E3F8E752ABFFC413F3F802A2ABF74
:104B7000C0843F3F57DF29BF67C73F3F159429BF18
:104B8000F009403FB84829BF5C4C403F41FD28BF79
:104B9000A98E403FB0B128BFDAD0403F056628BF9C
:104BA000EC12413F401A28BFE154413F61CE27BF7C
:104BB000B796413F688227BF70D8413F563627BF1E
:104BC0000B1A423F2AEA26BF895B423FE39D26BF7C
:104BD000E89C423F845126BF29DE423F0A0526BF9A
:104BE0004C1F433F77B825BF5160433FCB6B25BF78
:104BF00038A1433F041F25BF00E2433F25D224BF15
:104C0000AB22443F2C8524BF3763443F1A3824BF6E
:104C1000A5A3443FEEEA23BFF5E3443FA99D23BF8C
:104C20002624453F4B5023BF3964453FD30223BF61
:104C30002DA4453F43B522BF03E4453F996722BFFA
:104C4000BB23463FD71922BF5463463FFBCB21BF4E
:104C5000CEA2463F067E21BF2AE2463FF92F21BF62
:104C60006721473FD2E120BF8560473F939320BF34
:104C7000849F473F3B4520BF65DE473FCBF61FBFC4
:104C8000271D483F41A81FBFCA5B483F9F591FBF10
:104C90004E9A483FE50A1FBFB3D8483F12BC1EBF1B
:104CA000FA16493F266D1EBF2155493F221E1EBFE1
:104CB0002993493F06CF1DBF12D1493FD17F1DBF68
:104CC000DC0E4A3F84301DBF874C4A3F1FE11CBFAA
:104CD000138A4A3FA2911CBF7FC74A3F0C421CBFA8
:104CE000CC044B3F5FF21BBFFA414B3F99A21BBF65
:104CF000097F4B3FBB521BBFF8BB4B3FC6021BBFDC
:104D0000C7F84B3FB8B21ABF78354C3F93621ABF11
:104D100008724C3F55121ABF79AE4C3F00C219BF02
:104D2000CBEA4C3F947119BFFD264D3F0F2119BFAF
:104D300010634D3F73D018BF029F4D3FC07F18BF17
:104D4000D5DA4D3FF52E18BF89164E3F12DE17BF3C
:104D50001C524E3F188D17BF908D4E3F073C17BF1A
:104D6000E4C84E3FDFEA16BF17044F3F9F9916BFB6
:104D70002B3F4F3F474816BF1F7A4F3FD9F615BF0D
:104D8000F4B44F3F54A515BFA8EF4F3FB75315BF1D
:104D90003B2A503F040215BFAF64503F39B014BFE7
:104DA000039F503F585E14BF37D9503F5F0C14BF6C
:104DB0004A13513F50BA13BF3D4D513F2A6813BFAC
:104DC0001087513FEE1513BFC2C0513F9AC312BFA7
:104DD00054FA513F307112BFC633523FB01E12BF5A
:104DE000186D523F19CC11BF49A6523F6B7911BFC4
:104DF00059DF523FA72611BF4918533FCDD310BFEB
:104E00001851533FDC8010BFC789533FD52D10BFC9
:104E100055C2533FB8DA0FBFC3FA533F84870FBF61
:104E20000F33543F3B340FBF3B6B543FDBE00EBFAF
:104E300047A3543F658D0EBF31DB543FDA390EBFB7
:104E4000FB12553F38E60DBFA44A553F81920DBF76
:104E50002C82553FB33E0DBF93B9553FD0EA0CBFEE
:104E6000D9F0553FD7960CBFFE27563FC9420CBF1D
:104E7000025F563FA5EE0BBFE595563F6B9A0BBF01
:104E8000A7CC563F1C460BBF4803573FB7F10ABF9C
:104E9000C739573F3D9D0ABF2670573FAD480ABFEF
:104EA00063A6573F09F409BF7FDC573F4E9F09BFF8
:104EB0007912583F7F4A09BF5348583F9BF508BFB6
:104EC0000B7E583FA1A008BFA1B3583F924B08BF2B
:104ED00017E9583F6FF607BF6A1E593F36A107BF53
:104EE0009C53593FE84B07BFAD88593F86F606BF34
:104EF0009CBD593F0EA106BF6AF2593F824B06BFC7
:104F000016275A3FE2F505BFA05B5A3F2CA005BF0C
:104F100009905A3F624A05BF50C45A3F84F404BF07
:104F200075F85A3F919E04BF792C5B3F894804BFB6
:104F30005A605B3F6DF203BF1A945B3F3D9C03BF19
:104F4000B8C75B3FF84503BF34FB5B3F9FEF02BF31
:104F50008E2E5C3F329902BFC7615C3FB14202BFF7
:104F6000DD945C3F1CEC01BFD1C75C3F739501BF72
:104F7000A3FA5C3FB53E01BF532D5D3FE4E700BFA0
:104F8000E15F5D3FFF9000BF4D925D3F063A00BF7D
:104F900097C45D3FF3C5FFBEBEF65D3FB217FFBECF
:104FA000C3285E3F4A69FEBEA65A5E3FBBBAFDBE3D
:104FB000678C5E3F040CFDBE05BE5E3F275DFCBEF8
:104FC00081EF5E3F22AEFBBEDB205F3FF7FEFABE05
:104FD00012525F3FA54FFABE27835F3F2DA0F9BE57
:104FE00019B45F3F8EF0F8BEE9E45F3FC840F8BEF9
:104FF0009615603FDC90F7BE2146603FCBE0F6BEE1
:105000008976603F9330F6BECFA6603F3580F5BE0F
:10501000F2D6603FB1CFF4BEF206613F071FF4BE87
:10502000D036613F386EF3BE8A66613F43BDF2BE43
:105030002296613F290CF2BE98C5613FEA5AF1BE43
:10504000EAF4613F85A9F0BE1A24623FFBF7EFBE88
:105050002653623F4C46EFBE1082623F7994EEBE0B
:10506000D7B0623F80E2EDBE7BDF623F6330EDBED2
:10507000FC0D633F217EECBE5A3C633FBBCBEBBED5
:10508000956A633F3019EBBEAC98633F8166EABE18
:10509000A1C6633FAEB3E9BE73F4633FB700E9BE98
:1050A0002122643F9C4DE8BEAC4F643F5D9AE7BE51
:1050B000147D643FFBE6E6BE59AA643F7533E6BE45
:1050C0007BD7643FCB7FE5BE7904653FFECBE4BE72
:1050D0005431653F0E18E4BE0B5E653FFA63E3BED4
:1050E000A08A653FC4AFE2BE10B7653F6AFBE1BE70
:1050F0005EE3653FEE46E1BE880F663F4F92E0BE3D
:105100008E3B663F8DDDDFBE7167663FA928DFBE3F
:105110003093663FA273DEBECCBE663F79BEDDBE75
:1051200045EA663F2E09DDBE9915673FC153DCBED7
:10513000CA40673F319EDBBED86B673F80E8DABE6E
:10514000C196673FAD32DABE87C1673FB97CD9BE31
:105150002AEC673FA3C6D8BEA816683F6B10D8BE1E
:105160000341683F135AD7BE396B683F99A3D6BE37
:105170004C95683FFDECD5BE3CBF683F4136D5BE7F
:1051800007E9683F647FD4BEAE12693F67C8D3BEEB
:10519000323C693F4811D3BE9165693F095AD2BE7E
:1051A000CC8E693FAAA2D1BEE4B7693F2AEBD0BE3C
:1051B000D7E0693F8A33D0BEA7096A3FCA7BCFBE1A
:1051C00052326A3FEAC3CEBED95A6A3FEA0BCEBE1C
:1051D0003C836A3FCA53CDBE7BAB6A3F8B9BCCBE40
:1051E00095D36A3F2CE3CBBE8CFB6A3FAE2ACBBE85
:1051F0005E236B3F1072CABE0C4B6B3F53B9C9BEE6
:1052000095726B3F7700C9BEFB996B3F7C47C8BE68
:105210003BC16B3F628EC7BE58E86B3F29D5C6BE07
:10522000500F6C3FD21BC6BE24366C3F5C62C5BEBD
:10523000D45C6C3FC8A8C4BE5E836C3F15EFC3BE90
:10524000C5A96C3F4435C3BE07D06C3F557BC2BE79
:1052500024F66C3F48C1C1BE1D1C6D3F1E07C1BE78
:10526000F2416D3FD54CC0BEA1676D3F6F92BFBE8E
:105270002D8D6D3FEBD7BEBE93B26D3F4A1DBEBEB6
:10528000D5D76D3F8B62BDBEF2FC6D3FAFA7BCBEF4
:10529000EB216E3FB6ECBBBEBE466E3FA031BBBE3F
:1052A0006D6B6E3F6E76BABEF88F6E3F1EBBB9BE99
:1052B0005DB46E3FB2FFB8BE9ED86E3F2A44B8BE02
:1052C000BAFC6E3F8488B7BEB0206F3FC3CCB6BE79
:1052D00083446F3FE610B6BE30686F3FEC54B5BEF6
:1052E000B88B6F3FD698B4BE1BAF6F3FA5DCB3BE83
:1052F0005AD26F3F5820B3BE73F56F3FEF63B2BE13
:105300006718703F6BA7B1BE373B703FCBEAB0BEAA
:10531000E15D703F102EB0BE6680703F3A71AFBE47
:10532000C6A2703F49B4AEBE02C5703F3CF7ADBEE9
:1053300017E7703F153AADBE0809713FD47CACBE8B
:10534000D42A713F77BFABBE7A4C713F0102ABBE2E
:10535000FB6D713F6F44AABE578F713FC486A9BED3
:105360008EB0713FFEC8A8BE9FD1713F1F0BA8BE73
:105370008CF2713F254DA7BE5213723F128FA6BE0D
:10538000F433723FE5D0A5BE7054723F9F12A5BEA4
:10539000C774723F3F54A4BEF894723FC595A3BE34
:1053A00004B5723F33D7A2BEEBD4723F8718A2BEBA
:1053B000ACF4723FC259A1BE4714733FE59AA0BE38
:1053C000BE33733FEEDB9FBE0E53733FDF1C9FBEA9
:1053D0003972733FB85D9EBE3F91733F789E9DBE0C
:1053E0001FB0733F20DF9CBED9CE733FAF1F9CBE62
:1053F0006EED733F27609BBEDD0B743F86A09ABEA7
:10540000272A743FCEE099BE4B48743FFE2099BED8
:105410004966743F166198BE2284743F17A197BEF7
:10542000D5A1743F00E196BE62BF743FD22096BE04
:10543000C9DC743F8D6095BE0BFA743F31A094BEF9
:105440002717753FBFDF93BE1D34753F351F93BED1
:10545000ED50753F945E92BE976D753FDD9D91BE98
:105460001C8A753F10DD90BE7BA6753F2C1C90BE3C
:10547000B3C2753F325B8FBEC6DE753F229A8EBEC9
:10548000B3FA753FFCD88DBE7A16763FC0178DBE35
:105490001B32763F6E568CBE974D763F07958BBE7E
:1054A000EC68763F8AD38ABE1B84763FF8118ABEA9
:1054B000249F763F505089BE07BA763F938E88BEB0
:1054C000C4D4763FC1CC87BE5BEF763FDA0A87BE95
:1054D000CC09773FDF4886BE1724773FCE8685BE4E
:1054E0003C3E773FAAC484BE3A58773F700284BEE0
:1054F0001372773F224083BEC58B773FC07D82BE4B
:1055000051A5773F4ABB81BEB7BE773FC0F880BE8A
:10551000F7D7773F223680BE10F1773FE1E67EBEB7
:10552000040A783F56617DBED122783FA4DB7BBE62
:10553000773B783FCB557ABEF853783FCCCF78BED7
:10554000526C783FA64977BE8684783F5AC375BEB1
:10555000939C783FE83C74BE7BB4783F51B672BEF2
:105560003BCC783F942F71BED6E3783FB2A86FBE94
:105570004AFB783FAB216EBE9812793F7F9A6CBE92
:10558000BF29793F2F136BBEC040793FBA8B69BEEC
:105590009A57793F220468BE4E6E793F667C66BE9C
:1055A000DC84793F86F464BE439B793F836C63BEA1
:1055B00083B1793F5CE461BE9DC7793F135C60BEF7
:1055C00091DD793FA8D35EBE5EF3793F1A4B5DBE95
:1055D00004097A3F6AC25BBE841E7A3F97395ABE7D
:1055E000DD337A3FA4B058BE10497A3F8F2757BEAB
:1055F0001C5E7A3F589E55BE02737A3F011554BE19
:10560000C1877A3F898B52BE599C7A3FF10151BEC6
:10561000CBB07A3F38784FBE16C57A3F60EE4DBEAC
:105620003AD97A3F67644CBE37ED7A3F4FDA4ABECB
:105630000E017B3F185049BEBE147B3FC2C547BE1A
:1056400048287B3F4D3B46BEAB3B7B3FB9B044BE99
:10565000E74E7B3F072643BEFC617B3F379B41BE45
:10566000EA747B3F491040BEB2877B3F3E853EBE19
:10567000539A7B3F15FA3CBECDAC7B3FCF6E3BBE11
:1056800020BF7B3F6CE339BE4DD17B3FEC5738BE2A
:1056900053E37B3F50CC36BE31F57B3F984035BE5F
:1056A000E9067C3FC4B433BE7A187C3FD42832BEAE
:1056B000E5297C3FC99C30BE283B7C3FA2102FBE11
:1056C000444C7C3F61842DBE3A5D7C3F04F82BBE88
:1056D000086E7C3F8D6B2ABEB07E7C3FFCDE28BE10
:1056E000318F7C3F515227BE8A9F7C3F8CC525BE9F
:1056F000BDAF7C3FAD3824BEC9BF7C3FB6AB22BE38
:10570000AECF7C3FA51E21BE6CDF7C3F7B911FBED0
:1057100003EF7C3F38041EBE73FE7C3FDE761CBE6A
:10572000BC0D7D3F6BE91ABEDD1C7D3FE05B19BE01
:10573000D82B7D3F3DCE17BEAC3A7D3F834016BE91
:1057400059497D3FB2B214BEDE577D3FCA2413BE15
:105750003D667D3FCC9611BE74747D3FB70810BE88
:1057600085827D3F8B7A0EBE6E907D3F4AEC0CBEEB
:10577000309E7D3FF35D0BBECCAB7D3F86CF09BE37
:1057800040B97D3F054108BE8CC67D3F6EB206BE66
:10579000B2D37D3FC22305BEB1E07D3F029503BE7B
:1057A00088ED7D3F2E0602BE38FA7D3F457700BE6C
:1057B000C2067E3F92D0FDBD24137E3F73B2FABD78
:1057C0005E1F7E3F2C94F7BD722B7E3FC075F4BDEB
:1057D0005E377E3F2E57F1BD23437E3F7638EEBDC8
:1057E000C14E7E3F9A19EBBD385A7E3F9AFAE7BD0B
:1057F00088657E3F76DBE4BDB0707E3F2EBCE1BDA8
:10580000B17B7E3FC49CDEBD8B867E3F377DDBBD9A
:105810003D917E3F895DD8BDC99B7E3FB93DD5BDD9
:105820002DA67E3FC81DD2BD69B07E3FB7FDCEBD5F
:105830007FBA7E3F86DDCBBD6DC47E3F36BDC8BD21
:1058400034CE7E3FC69CC5BDD4D77E3F397CC2BD19
:105850004CE17E3F8D5BBFBD9DEA7E3FC33ABCBD40
:10586000C7F37E3FDD19B9BDC9FC7E3FDAF8B5BD8F
:10587000A4057F3FBBD7B2BD580E7F3F80B6AFBDFA
:10588000E4167F3F2B95ACBD491F7F3FBA73A9BD7E
:1058900087277F3F3052A6BD9D2F7F3F8C30A3BD11
:1058A0008D377F3FCF0EA0BD543F7F3FF9EC9CBDAD
:1058B000F4467F3F0ACB99BD6D4E7F3F05A996BD4B
:1058C000BF557F3FE78693BDE95C7F3FB46490BDE1
:1058D000EC637F3F6A428DBDC76A7F3F0A208ABD65
:1058E0007B717F3F94FD86BD08787F3F0ADB83BDD7
:1058F0006D7E7F3F6CB880BDAB847F3F742B7BBDDA
:10590000C28A7F3FE9E574BDB1907F3F38A06EBD8C
:1059100078967F3F625A68BD189C7F3F681462BDCD
:1059200091A17F3F4CCE5BBDE3A67F3F0E8855BD66
:105930000DAC7F3FAF414FBD0FB17F3F2FFB48BD47
:10594000EAB57F3F91B442BD9EBA7F3FD56D3CBD65
:105950002ABF7F3FFC2636BD8FC37F3F07E02FBDA8
:10596000CCC77F3FF69829BDE2CB7F3FCC5123BD0A
:10597000D1CF7F3F880A1DBD98D37F3F2CC316BD72
:1059800037D77F3FB87B10BDAFDA7F3F2F340ABDDA
:1059900000DE7F3F90EC03BD29E17F3FB949FBBCAE
:1059A0002BE47F3F2DBAEEBC05E77F3F7B2AE2BCAC
:1059B000B8E97F3FA69AD5BC43EC7F3FB00AC9BC8B
:1059C000A7EE7F3F9B7ABCBCE3F07F3F69EAAFBCA8
:1059D000F8F27F3F1C5AA3BCE6F47F3FB6C996BCE1
:1059E000ACF67F3F38398ABC4AF87F3F4B517BBCCD
:1059F000C1F97F3F003062BC11FB7F3F900E49BC74
:105A000039FC7F3F02ED2FBC39FD7F3F59CB16BCDF
:105A100013FE7F3F3053FBBBC4FE7F3F890FC9BBE2
:105A20004EFF7F3FC1CB96BBB1FF7F3FC70F49BB46
:105A3000ECFF7F3FD40FC9BA0000803F0000000098
:105A400011FB7F3F900E493C43EC7F3FB00AC93CBD
:105A500098D37F3F2CC3163D0FB17F3F2FFB483DAE
:105A6000AB847F3F742B7B3D6D4E7F3F05A9963DF8
:105A7000580E7F3F80B6AF3D6DC47E3F36BDC83DFA
:105A8000B0707E3F2EBCE13D24137E3F73B2FA3DE1
:105A9000CCAB7D3F86CF093EAC3A7D3F8340163E7E
:105AA000C9BF7C3FB6AB223E283B7C3FA2102F3EB5
:105AB000CDAC7B3FCF6E3B3EBE147B3FC2C5473E65
:105AC00002737A3F0115543E9DC7793F135C603ED7
:105AD0009812793F7F9A6C3EF853783FCCCF783E4E
:105AE000C58B773FC07D823E07BA763F938E883E56
:105AF000C6DE753F229A8E3E0BFA743F31A0943E6B
:105B0000DD0B743F86A09A3E4714733FE59AA03E92
:105B10005213723F128FA63E0809713FD47CAC3EEF
:105B200073F56F3FEF63B23E9ED86E3F2A44B83E96
:105B300093B26D3F4A1DBE3E5E836C3F15EFC33E80
:105B40000C4B6B3F53B9C93EA7096A3FCA7BCF3E96
:105B50003CBF683F4136D53ED86B673F80E8DA3EB0
:105B6000880F663F4F92E03E59AA643F7533E63E88
:105B70005A3C633FBBCBEB3E98C5613FEA5AF13ECE
:105B80002146603FCBE0F63E05BE5E3F275DFC3E12
:105B9000532D5D3FE4E7003F1A945B3F3D9C033F7C
:105BA0006AF2593F824B063F5348583F9BF5083FE6
:105BB000E595563F6B9A0B3F31DB543FDA390E3F88
:105BC0004918533FCDD3103F3D4D513F2A68133FF5
:105BD0001F7A4F3FD9F6153F029F4D3FC07F183FB8
:105BE000F8BB4B3FC6021B3F12D1493FD17F1D3F3F
:105BF00065DE473FCBF61F3F03E4453F9967223FF1
:105C000000E2433F25D2243F70D8413F5636273F1C
:105C100067C73F3F1594293FF9AE3D3F4AEB2B3F05
:105C20003B8F3B3FDE3B2E3F4268393FBB85303FD9
:105C3000233A373FC9C8323FF304353FF304353FB9
:105C4000C9C8323F233A373FBB85303F4268393FAE
:105C5000DE3B2E3F3B8F3B3F4AEB2B3FF9AE3D3FB8
:105C60001594293F67C73F3F5636273F70D8413FBD
:105C700025D2243F00E2433F9967223F03E4453F9A
:105C8000CBF61F3F65DE473FD17F1D3F12D1493F15
:105C9000C6021B3FF8BB4B3FC07F183F029F4D3FE2
:105CA000D9F6153F1F7A4F3F2A68133F3D4D513FAC
:105CB000CDD3103F4918533FDA390E3F31DB543F03
:105CC0006B9A0B3FE595563F9BF5083F5348583F6D
:105CD000824B063F6AF2593F3D9C033F1A945B3F5B
:105CE000E4E7003F532D5D3F275DFC3E05BE5E3F70
:105CF000CBE0F63E2146603FEA5AF13E98C5613F4F
:105D0000BBCBEB3E5A3C633F7533E63E59AA643F3A
:105D10004F92E03E880F663F80E8DA3ED86B673FDF
:105D20004136D53E3CBF683FCA7BCF3EA7096A3F9C
:105D300053B9C93E0C4B6B3F15EFC33E5E836C3FBE
:105D40004A1DBE3E93B26D3F2A44B83E9ED86E3F78
:105D5000EF63B23E73F56F3FD47CAC3E0809713FF0
:105D6000128FA63E5213723FE59AA03E4714733F2E
:105D700086A09A3EDD0B743F31A0943E0BFA743F2F
:105D8000229A8E3EC6DE753F938E883E07BA763FD6
:105D9000C07D823EC58B773FCCCF783EF853783FAD
:105DA0007F9A6C3E9812793F135C603E9DC7793FA5
:105DB0000115543E02737A3FC2C5473EBE147B3F75
:105DC000CF6E3B3ECDAC7B3FA2102F3E283B7C3FAD
:105DD000B6AB223EC9BF7C3F8340163EAC3A7D3F06
:105DE00086CF093ECCAB7D3F73B2FA3D24137E3F94
:105DF0002EBCE13DB0707E3F36BDC83D6DC47E3FD8
:105E000080B6AF3D580E7F3F05A9963D6D4E7F3F52
:105E1000742B7B3DAB847F3F2FFB483D0FB17F3F11
:105E20002CC3163D98D37F3FB00AC93C43EC7F3F5B
:105E3000900E493C11FB7F3F000000000000803FB6
:105E4000900E49BC11FB7F3FB00AC9BC43EC7F3FB9
:105E50002CC316BD98D37F3F2FFB48BD0FB17F3FAA
:105E6000742B7BBDAB847F3F05A996BD6D4E7F3FF4
:105E700080B6AFBD580E7F3F36BDC8BD6DC47E3FF6
:105E80002EBCE1BDB0707E3F73B2FABD24137E3FDD
:105E900086CF09BECCAB7D3F834016BEAC3A7D3F7A
:105EA000B6AB22BEC9BF7C3FA2102FBE283B7C3FB1
:105EB000CF6E3BBECDAC7B3FC2C547BEBE147B3F61
:105EC000011554BE02737A3F135C60BE9DC7793FD3
:105ED0007F9A6CBE9812793FCCCF78BEF853783F4A
:105EE000C07D82BEC58B773F938E88BE07BA763F52
:105EF000229A8EBEC6DE753F31A094BE0BFA743F67
:105F000086A09ABEDD0B743FE59AA0BE4714733F8E
:105F1000128FA6BE5213723FD47CACBE0809713FEB
:105F2000EF63B2BE73F56F3F2A44B8BE9ED86E3F92
:105F30004A1DBEBE93B26D3F15EFC3BE5E836C3F7C
:105F400053B9C9BE0C4B6B3FCA7BCFBEA7096A3F92
:105F50004136D5BE3CBF683F80E8DABED86B673FAC
:105F60004F92E0BE880F663F7533E6BE59AA643F84
:105F7000BBCBEBBE5A3C633FEA5AF1BE98C5613FCA
:105F8000CBE0F6BE2146603F275DFCBE05BE5E3F0E
:105F9000E4E700BF532D5D3F3D9C03BF1A945B3F78
:105FA000824B06BF6AF2593F9BF508BF5348583FE2
:105FB0006B9A0BBFE595563FDA390EBF31DB543F84
:105FC000CDD310BF4918533F2A6813BF3D4D513FF1
:105FD000D9F615BF1F7A4F3FC07F18BF029F4D3FB4
:105FE000C6021BBFF8BB4B3FD17F1DBF12D1493F3B
:105FF000CBF61FBF65DE473F996722BF03E4453FED
:1060000025D224BF00E2433F563627BF70D8413F18
:10601000159429BF67C73F3F4AEB2BBFF9AE3D3F01
:10602000DE3B2EBF3B8F3B3FBB8530BF4268393FD5
:10603000C9C832BF233A373FF30435BFF304353FB5
:10604000233A37BFC9C8323F426839BFBB85303FAA
:106050003B8F3BBFDE3B2E3FF9AE3DBF4AEB2B3FB4
:1060600067C73FBF1594293F70D841BF5636273FB9
:1060700000E243BF25D2243F03E445BF9967223F96
:1060800065DE47BFCBF61F3F12D149BFD17F1D3F11
:10609000F8BB4BBFC6021B3F029F4DBFC07F183FDE
:1060A0001F7A4FBFD9F6153F3D4D51BF2A68133FA8
:1060B000491853BFCDD3103F31DB54BFDA390E3FFF
:1060C000E59556BF6B9A0B3F534858BF9BF5083F69
:1060D0006AF259BF824B063F1A945BBF3D9C033F57
:1060E000532D5DBFE4E7003F05BE5EBF275DFC3E6C
:1060F000214660BFCBE0F63E98C561BFEA5AF13E4B
:106100005A3C63BFBBCBEB3E59AA64BF7533E63E36
:10611000880F66BF4F92E03ED86B67BF80E8DA3EDB
:106120003CBF68BF4136D53EA7096ABFCA7BCF3E98
:106130000C4B6BBF53B9C93E5E836CBF15EFC33EBA
:1061400093B26DBF4A1DBE3E9ED86EBF2A44B83E74
:1061500073F56FBFEF63B23E080971BFD47CAC3EEC
:10616000521372BF128FA63E471473BFE59AA03E2A
:10617000DD0B74BF86A09A3E0BFA74BF31A0943E2B
:10618000C6DE75BF229A8E3E07BA76BF938E883ED2
:10619000C58B77BFC07D823EF85378BFCCCF783EA9
:1061A000981279BF7F9A6C3E9DC779BF135C603EA1
:1061B00002737ABF0115543EBE147BBFC2C5473E71
:1061C000CDAC7BBFCF6E3B3E283B7CBFA2102F3EA9
:1061D000C9BF7CBFB6AB223EAC3A7DBF8340163E02
:1061E000CCAB7DBF86CF093E24137EBF73B2FA3D90
:1061F000B0707EBF2EBCE13D6DC47EBF36BDC83DD4
:10620000580E7FBF80B6AF3D6D4E7FBF05A9963D4E
:10621000AB847FBF742B7B3D0FB17FBF2FFB483D0D
:1062200098D37FBF2CC3163D43EC7FBFB00AC93C57
:1062300011FB7FBF900E493C000080BF00000000B2
:1062400011FB7FBF900E49BC43EC7FBFB00AC9BCB5
:1062500098D37FBF2CC316BD0FB17FBF2FFB48BDA6
:10626000AB847FBF742B7BBD6D4E7FBF05A996BDF0
:10627000580E7FBF80B6AFBD6DC47EBF36BDC8BDF2
:10628000B0707EBF2EBCE1BD24137EBF73B2FABDD9
:10629000CCAB7DBF86CF09BEAC3A7DBF834016BE76
:1062A000C9BF7CBFB6AB22BE283B7CBFA2102FBEAD
:1062B000CDAC7BBFCF6E3BBEBE147BBFC2C547BE5D
:1062C00002737ABF011554BE9DC779BF135C60BECF
:1062D000981279BF7F9A6CBEF85378BFCCCF78BE46
:1062E000C58B77BFC07D82BE07BA76BF938E88BE4E
:1062F000C6DE75BF229A8EBE0BFA74BF31A094BE63
:10630000DD0B74BF86A09ABE471473BFE59AA0BE8A
:10631000521372BF128FA6BE080971BFD47CACBEE7
:1063200073F56FBFEF63B2BE9ED86EBF2A44B8BE8E
:1063300093B26DBF4A1DBEBE5E836CBF15EFC3BE78
:106340000C4B6BBF53B9C9BEA7096ABFCA7BCFBE8E
:106350003CBF68BF4136D5BED86B67BF80E8DABEA8
:10636000880F66BF4F92E0BE59AA64BF7533E6BE80
:106370005A3C63BFBBCBEBBE98C561BFEA5AF1BEC6
:10638000214660BFCBE0F6BE05BE5EBF275DFCBE0A
:10639000532D5DBFE4E700BF1A945BBF3D9C03BF74
:1063A0006AF259BF824B06BF534858BF9BF508BFDE
:1063B000E59556BF6B9A0BBF31DB54BFDA390EBF80
:1063C000491853BFCDD310BF3D4D51BF2A6813BFED
:1063D0001F7A4FBFD9F615BF029F4DBFC07F18BFB0
:1063E000F8BB4BBFC6021BBF12D149BFD17F1DBF37
:1063F00065DE47BFCBF61FBF03E445BF996722BFE9
:1064000000E243BF25D224BF70D841BF563627BF14
:1064100067C73FBF159429BFF9AE3DBF4AEB2BBFFD
:106420003B8F3BBFDE3B2EBF426839BFBB8530BFD1
:10643000233A37BFC9C832BFF30435BFF30435BFB1
:10644000C9C832BF233A37BFBB8530BF426839BFA6
:10645000DE3B2EBF3B8F3BBF4AEB2BBFF9AE3DBFB0
:10646000159429BF67C73FBF563627BF70D841BFB5
:1064700025D224BF00E243BF996722BF03E445BF92
:10648000CBF61FBF65DE47BFD17F1DBF12D149BF0D
:10649000C6021BBFF8BB4BBFC07F18BF029F4DBFDA
:1064A000D9F615BF1F7A4FBF2A6813BF3D4D51BFA4
:1064B000CDD310BF491853BFDA390EBF31DB54BFFB
:1064C0006B9A0BBFE59556BF9BF508BF534858BF65
:1064D000824B06BF6AF259BF3D9C03BF1A945BBF53
:1064E000E4E700BF532D5DBF275DFCBE05BE5EBF68
:1064F000CBE0F6BE214660BFEA5AF1BE98C561BF47
:10650000BBCBEBBE5A3C63BF7533E6BE59AA64BF32
:106510004F92E0BE880F66BF80E8DABED86B67BFD7
:106520004136D5BE3CBF68BFCA7BCFBEA7096ABF94
:1065300053B9C9BE0C4B6BBF15EFC3BE5E836CBFB6
:106540004A1DBEBE93B26DBF2A44B8BE9ED86EBF70
:10655000EF63B2BE73F56FBFD47CACBE080971BFE8
:10656000128FA6BE521372BFE59AA0BE471473BF26
:1065700086A09ABEDD0B74BF31A094BE0BFA74BF27
:10658000229A8EBEC6DE75BF938E88BE07BA76BFCE
:10659000C07D82BEC58B77BFCCCF78BEF85378BFA5
:1065A0007F9A6CBE981279BF135C60BE9DC779BF9D
:1065B000011554BE02737ABFC2C547BEBE147BBF6D
:1065C000CF6E3BBECDAC7BBFA2102FBE283B7CBFA5
:1065D000B6AB22BEC9BF7CBF834016BEAC3A7DBFFE
:1065E00086CF09BECCAB7DBF73B2FABD24137EBF8C
:1065F0002EBCE1BDB0707EBF36BDC8BD6DC47EBFD0
:1066000080B6AFBD580E7FBF05A996BD6D4E7FBF4A
:10661000742B7BBDAB847FBF2FFB48BD0FB17FBF09
:106620002CC316BD98D37FBFB00AC9BC43EC7FBF53
:10663000900E49BC11FB7FBF00000080000080BFAE
:10664000900E493C11FB7FBFB00AC93C43EC7FBFB1
:106650002CC3163D98D37FBF2FFB483D0FB17FBFA2
:10666000742B7B3DAB847FBF05A9963D6D4E7FBFEC
:1066700080B6AF3D580E7FBF36BDC83D6DC47EBFEE
:106680002EBCE13DB0707EBF73B2FA3D24137EBFD5
:1066900086CF093ECCAB7DBF8340163EAC3A7DBF72
:1066A000B6AB223EC9BF7CBFA2102F3E283B7CBFA9
:1066B000CF6E3B3ECDAC7BBFC2C5473EBE147BBF59
:1066C0000115543E02737ABF135C603E9DC779BFCB
:1066D0007F9A6C3E981279BFCCCF783EF85378BF42
:1066E000C07D823EC58B77BF938E883E07BA76BF4A
:1066F000229A8E3EC6DE75BF31A0943E0BFA74BF5F
:1067000086A09A3EDD0B74BFE59AA03E471473BF86
:10671000128FA63E521372BFD47CAC3E080971BFE3
:10672000EF63B23E73F56FBF2A44B83E9ED86EBF8A
:106730004A1DBE3E93B26DBF15EFC33E5E836CBF74
:1067400053B9C93E0C4B6BBFCA7BCF3EA7096ABF8A
:106750004136D53E3CBF68BF80E8DA3ED86B67BFA4
:106760004F92E03E880F66BF7533E63E59AA64BF7C
:10677000BBCBEB3E5A3C63BFEA5AF13E98C561BFC2
:10678000CBE0F63E214660BF275DFC3E05BE5EBF06
:10679000E4E7003F532D5DBF3D9C033F1A945BBF70
:1067A000824B063F6AF259BF9BF5083F534858BFDA
:1067B0006B9A0B3FE59556BFDA390E3F31DB54BF7C
:1067C000CDD3103F491853BF2A68133F3D4D51BFE9
:1067D000D9F6153F1F7A4FBFC07F183F029F4DBFAC
:1067E000C6021B3FF8BB4BBFD17F1D3F12D149BF33
:1067F000CBF61F3F65DE47BF9967223F03E445BFE5
:1068000025D2243F00E243BF5636273F70D841BF10
:106810001594293F67C73FBF4AEB2B3FF9AE3DBFF9
:10682000DE3B2E3F3B8F3BBFBB85303F426839BFCD
:10683000C9C8323F233A37BFF304353FF30435BFAD
:10684000233A373FC9C832BF4268393FBB8530BFA2
:106850003B8F3B3FDE3B2EBFF9AE3D3F4AEB2BBFAC
:1068600067C73F3F159429BF70D8413F563627BFB1
:1068700000E2433F25D224BF03E4453F996722BF8E
:1068800065DE473FCBF61FBF12D1493FD17F1DBF09
:10689000F8BB4B3FC6021BBF029F4D3FC07F18BFD6
:1068A0001F7A4F3FD9F615BF3D4D513F2A6813BFA0
:1068B0004918533FCDD310BF31DB543FDA390EBFF7
:1068C000E595563F6B9A0BBF5348583F9BF508BF61
:1068D0006AF2593F824B06BF1A945B3F3D9C03BF4F
:1068E000532D5D3FE4E700BF05BE5E3F275DFCBE64
:1068F0002146603FCBE0F6BE98C5613FEA5AF1BE43
:106900005A3C633FBBCBEBBE59AA643F7533E6BE2E
:10691000880F663F4F92E0BED86B673F80E8DABED3
:106920003CBF683F4136D5BEA7096A3FCA7BCFBE90
:106930000C4B6B3F53B9C9BE5E836C3F15EFC3BEB2
:1069400093B26D3F4A1DBEBE9ED86E3F2A44B8BE6C
:1069500073F56F3FEF63B2BE0809713FD47CACBEE4
:106960005213723F128FA6BE4714733FE59AA0BE22
:10697000DD0B743F86A09ABE0BFA743F31A094BE23
:10698000C6DE753F229A8EBE07BA763F938E88BECA
:10699000C58B773FC07D82BEF853783FCCCF78BEA1
:1069A0009812793F7F9A6CBE9DC7793F135C60BE99
:1069B00002737A3F011554BEBE147B3FC2C547BE69
:1069C000CDAC7B3FCF6E3BBE283B7C3FA2102FBEA1
:1069D000C9BF7C3FB6AB22BEAC3A7D3F834016BEFA
:1069E000CCAB7D3F86CF09BE24137E3F73B2FABD88
:1069F000B0707E3F2EBCE1BD6DC47E3F36BDC8BDCC
:106A0000580E7F3F80B6AFBD6D4E7F3F05A996BD46
:106A1000AB847F3F742B7BBD0FB17F3F2FFB48BD05
:106A200098D37F3F2CC316BD43EC7F3FB00AC9BC4F
:106A300011FB7F3F900E49BC0000803F000000002A
:106A40006DC47E3F36BDC83DBE147B3FC2C5473EC8
:106A50000BFA743F31A0943E5E836C3F15EFC33E4A
:106A600098C5613FEA5AF13E31DB543FDA390E3FB7
:106A700003E4453F9967223FF304353FF304353F74
:106A80009967223F03E4453FDA390E3F31DB543F3B
:106A9000EA5AF13E98C5613F15EFC33E5E836C3FF5
:106AA00031A0943E0BFA743FC2C5473EBE147B3FF3
:106AB00036BDC83D6DC47E3F000000000000803F31
:106AC00036BDC8BD6DC47E3FC2C547BEBE147B3F48
:106AD00031A094BE0BFA743F15EFC3BE5E836C3FCA
:106AE000EA5AF1BE98C5613FDA390EBF31DB543F37
:106AF000996722BF03E4453FF30435BFF304353FF4
:106B000003E445BF9967223F31DB54BFDA390E3FBA
:106B100098C561BFEA5AF13E5E836CBF15EFC33E74
:106B20000BFA74BF31A0943EBE147BBFC2C5473E72
:106B30006DC47EBF36BDC83D000080BF00000000B0
:106B40006DC47EBF36BDC8BDBE147BBFC2C547BEC7
:106B50000BFA74BF31A094BE5E836CBF15EFC3BE49
:106B600098C561BFEA5AF1BE31DB54BFDA390EBFB6
:106B700003E445BF996722BFF30435BFF30435BF73
:106B8000996722BF03E445BFDA390EBF31DB54BF3A
:106B9000EA5AF1BE98C561BF15EFC3BE5E836CBFF4
:106BA00031A094BE0BFA74BFC2C547BEBE147BBFF2
:106BB00036BDC8BD6DC47EBF00000080000080BF30
:106BC00036BDC83D6DC47EBFC2C5473EBE147BBF47
:106BD00031A0943E0BFA74BF15EFC33E5E836CBFC9
:106BE000EA5AF13E98C561BFDA390E3F31DB54BF36
:106BF0009967223F03E445BFF304353FF30435BFF3
:106C000003E4453F996722BF31DB543FDA390EBFB9
:106C100098C5613FEA5AF1BE5E836C3F15EFC3BE73
:106C20000BFA743F31A094BEBE147B3FC2C547BE71
:106C30006DC47E3F36BDC8BD586C020800000024FC
:106C400050000000FC020008A86C0208500000245C
:106C5000F88B00001C03000800000000000000008A
:106C6000000000006F12833B0000000000000000E5
:106C7000000000000000000000000000000048428A
:106C8000000048C20090D0030090D00396438B3C94
:106C90008FC2753C0AD7233D32E62E3D010000002D
:086CA0001000000000000000DC
:040000050800029954
:00000001FF
